Mã trường,Tên trường,Mã ngành,Tên ngành,Tổ hợp môn,Điểm thi THPT,Ghi chú
TTG,Đại học Tiền Giang,7620112,Bảo vệ thực vật,A00 | A01 | B00 | B08,15,
TTG,Đại học Tiền Giang,7620105,Chăn nuôi,A00 | A01 | B00 | B08,15,
TTG,Đại học Tiền Giang,7510201,Công nghệ kỹ thuật cơ khí (chuyên ngành Cơ khí chế tạo),A00 | A01 | D07 | D90,15,
TTG,Đại học Tiền Giang,7510203,Công nghệ kỹ thuật cơ điện tử,A00 | A01 | D07 | D90,15,
TTG,Đại học Tiền Giang,7510103,Công nghệ kỹ thuật xây dựng (chuyên ngành Xây dựng dân dụng & Công nghiệp),A00 | A01 | D07 | D90,15,
TTG,Đại học Tiền Giang,7420201,Công nghệ sinh học,A00 | A01 | B00 | B08,15,
TTG,Đại học Tiền Giang,7510303,Công nghệ kỹ thuật điều khiển và tự động hóa,A00 | A01 | D07 | D90,15,
TTG,Đại học Tiền Giang,7480201,Công nghệ thông tin,A00 | A01 | D07 | D90,15,
TTG,Đại học Tiền Giang,7540101,Công nghệ thực phẩm,A00 | A01 | B00 | B08,15,
TTG,Đại học Tiền Giang,7620301,ĐH Nuôi trồng thủy sản,A00 | A01 | B00 | B08,15,
TTG,Đại học Tiền Giang,7810101,Du lịch,C00 | D01 | D14 | D78,15,
TTG,Đại học Tiền Giang,7340301,Kế toán,A00 | A01 | D01 | D90,16,
TTG,Đại học Tiền Giang,7310101,Kinh tế,A00 | A01 | D01 | D90,15,
TTG,Đại học Tiền Giang,7380101,Ngành Luật,A01 | C00 | D01 | D66,20.5,
TTG,Đại học Tiền Giang,7340101,Quản trị Kinh doanh,A00 | A01 | D01 | D90,16,
TTG,Đại học Tiền Giang,7340201,Tài chính – Ngân hàng,A00 | A01 | D01 | D90,15,
TTG,Đại học Tiền Giang,7229040,Văn hoá học,C00 | D01 | D14 | D78,15,
HTN,Học viện Thanh Thiếu Niên Việt Nam,7760102,Công tác thanh thiếu niên,A09 | C00 | C20 | D01,24.5,
HTN,Học viện Thanh Thiếu Niên Việt Nam,7760101,Công tác xã hội,A09 | C00 | C20 | D01,25.5,
HTN,Học viện Thanh Thiếu Niên Việt Nam,7380101,Ngành Luật,A00 | A09 | C00 | C20,25.5,
HTN,Học viện Thanh Thiếu Niên Việt Nam,7320108,Quan hệ công chúng,C00 | C20 | D01 | D15,27.5,
HTN,Học viện Thanh Thiếu Niên Việt Nam,7310205,Quản lý nhà nước,A09 | C00 | C20 | D01,25.5,
HTN,Học viện Thanh Thiếu Niên Việt Nam,7310401,Tâm lý học,A09 | C00 | C20 | D01,26.5,
HTN,Học viện Thanh Thiếu Niên Việt Nam,7310202,Xây dựng Đảng và Chính quyền nhà nước,A09 | C00 | C20 | D01,24.5,
TDB,Đại Học Thể Dục Thể Thao Bắc Ninh,7810302,Golf,M08 | T00 | T01 | T05,18.35,
TDB,Đại Học Thể Dục Thể Thao Bắc Ninh,7810301,Quản lý thể dục thể thao,M08 | T00 | T01 | T05,18.35,
TDB,Đại Học Thể Dục Thể Thao Bắc Ninh,7729001,Y sinh học thể dục thể thao,M08 | T00 | T01 | T05,18.35,
QHQ,Trường Quốc Tế - Đại học Quốc Gia Hà Nội,QHQ11,Công nghệ tài chính và Kinh doanh số,A00 | A01 | D01 | D03 | D06 | D07 | D23 | D24,23.3,
QHQ,Trường Quốc Tế - Đại học Quốc Gia Hà Nội,QHQ10,Công nghệ thông tin ứng dụng,A00 | A01 | D01 | D03 | D06 | D07 | D23 | D24,22.75,
QHQ,Trường Quốc Tế - Đại học Quốc Gia Hà Nội,QHQ03,Hệ thống thông tin quản lý,A00 | A01 | D01 | D03 | D06,22.35,
QHQ,Trường Quốc Tế - Đại học Quốc Gia Hà Nội,QHQ02,Kế toán. Phân tích và Kiểm toán,A00 | A01 | D01 | D03 | D06,22.75,
QHQ,Trường Quốc Tế - Đại học Quốc Gia Hà Nội,QHQ01,Kinh doanh quốc tế,A00 | A01 | D01 | D03 | D06,23.5,
QHQ,Trường Quốc Tế - Đại học Quốc Gia Hà Nội,QHQ12,Kỹ thuật hệ thống công nghiệp và Logistics,A00 | A01 | D01 | D03 | D06 | D07 | D23 | D24,23.25,
QHQ,Trường Quốc Tế - Đại học Quốc Gia Hà Nội,QHQ06,Marketing (CTĐT cấp 2 bằng ĐH của ĐHQGHN và trường ĐH HELP - Malaysia),A00 | A01 | D01 | D03 | D06 | D96 | D97,21.5,
QHQ,Trường Quốc Tế - Đại học Quốc Gia Hà Nội,QHQ09,Ngôn ngữ Anh(chuyên sâu Kinh doanh và CNTT - CTĐT CLC),A01 | D01 | D78 | D90,25.15,
QHQ,Trường Quốc Tế - Đại học Quốc Gia Hà Nội,QHQ05,Phân tích dữ liệu kinh doanh,A00 | A01 | D01 | D03 | D06 | D07 | D23 | D25,24.05,
QHQ,Trường Quốc Tế - Đại học Quốc Gia Hà Nội,QHQ04,Tin học và Kỹ thuật máy tính,A00 | A01 | D01 | D03 | D06 | D07 | D23 | D24,21,
QHQ,Trường Quốc Tế - Đại học Quốc Gia Hà Nội,QHQ08,Tự động hoá và tin học (CTĐT CLC),A00 | A01 | D01 | D03 | D06 | D07 | D23 | D24,21.5,
DDV,Viện Nghiên cứu và Đào tạo Việt - Anh - Đại học Đà Nẵng,7510402,Công nghệ vật liệu,A00 | A01 | B00 | D07,17,
DDV,Viện Nghiên cứu và Đào tạo Việt - Anh - Đại học Đà Nẵng,7480101-CSE,Khoa học Máy tính,A00 | A01 | D01 | D90,18.5,
DDV,Viện Nghiên cứu và Đào tạo Việt - Anh - Đại học Đà Nẵng,7420204,Khoa học Y sinh,A00 | B00 | B08 | D07,17,
DDV,Viện Nghiên cứu và Đào tạo Việt - Anh - Đại học Đà Nẵng,7480101-SE,Khoa học Máy tính - Chuyên ngành Công nghệ phần mềm,A00 | A01 | D01 | D90,17,
DDV,Viện Nghiên cứu và Đào tạo Việt - Anh - Đại học Đà Nẵng,7340124,Quản trị và Kinh doanh Quốc tế,A01 | D01 | D07 | D10,17,
YDS,Đại học Y Dược TP HCM,7720301,Điều dưỡng,A00 | B00,24.03,
YDS,Đại học Y Dược TP HCM,7720301_03,Điều dưỡng chuyên ngành Gây mê hồi sức,A00 | B00,24.5,
YDS,Đại học Y Dược TP HCM,7720401,Dinh dưỡng,A00 | B00,24.1,
YDS,Đại học Y Dược TP HCM,7720201,Dược học,A00 | B00,25.72,
YDS,Đại học Y Dược TP HCM,7720302,Hộ sinh,A00 | B00,22.8,
YDS,Đại học Y Dược TP HCM,7720502,Kỹ thuật phục hình răng,A00 | B00,24.8,
YDS,Đại học Y Dược TP HCM,7720602,Kỹ thuật hình ảnh y học,A00 | B00,24.35,
YDS,Đại học Y Dược TP HCM,7720601,Kỹ thuật xét nghiệm y học,A00 | B00,25.02,
YDS,Đại học Y Dược TP HCM,7720603,Kỹ thuật phục hồi chức năng,A00 | B00,24.04,
YDS,Đại học Y Dược TP HCM,7720501,Răng- Hàm -Mặt,B00,27.35,
YDS,Đại học Y Dược TP HCM,7720115,Y học cổ truyền,B00,24.8,
YDS,Đại học Y Dược TP HCM,7720110,Y học dự phòng,A00 | B00,23.25,
YDS,Đại học Y Dược TP HCM,7720701,Y tế công cộng,A00 | B00,21.45,
YDS,Đại học Y Dược TP HCM,7720101,Y khoa,B00,27.8,
DHV,Đại học Hùng Vương TP HCM,7340205,Công nghệ tài chính,A00 | A01 | C01 | D01,15,
DHV,Đại học Hùng Vương TP HCM,7480201,Công nghệ thông tin,A00 | A01 | C14 | D01,15,
DHV,Đại học Hùng Vương TP HCM,7340301,Kế toán,A00 | C03 | C14 | D01,15,
DHV,Đại học Hùng Vương TP HCM,7310106,Kinh tế quốc tế,A00 | A01 | D01 | D07,15,
DHV,Đại học Hùng Vương TP HCM,7480106,Kỹ thuật máy tính,A00 | A01 | C01 | D01,15,
DHV,Đại học Hùng Vương TP HCM,7380107,Luật kinh tế,A00 | C00 | D01 | D04,15,
DHV,Đại học Hùng Vương TP HCM,7340115,Marketing,A00 | C00 | C01 | D01,15,
DHV,Đại học Hùng Vương TP HCM,7380101,Ngành Luật,A00 | A09 | C00 | C14,15,
DHV,Đại học Hùng Vương TP HCM,7220204,Ngôn ngữ Trung Quốc,C00 | D01 | D04 | D15,15,
DHV,Đại học Hùng Vương TP HCM,7220209,Ngôn ngữ Nhật,C00 | D01 | D15 | D66,15,
DHV,Đại học Hùng Vương TP HCM,7220201,Ngôn ngữ Anh,D01 | D14 | D15 | D66,15,
DHV,Đại học Hùng Vương TP HCM,7220210,Ngôn ngữ Hàn Quốc,D01 | D14 | D78 | D96,15,
DHV,Đại học Hùng Vương TP HCM,7810103,Quản trị dịch vụ du lịch và lữ hành,A00 | A01 | C00 | D01,15,
DHV,Đại học Hùng Vương TP HCM,7810201,Quản trị khách sạn,A00 | A01 | C00 | D01,15,
DHV,Đại học Hùng Vương TP HCM,7720802,Quản lý bệnh viện,B00 | B03 | C01 | C14,15,
DHV,Đại học Hùng Vương TP HCM,7340101,Quản trị Kinh doanh,C00 | C01 | D01,15,
DHV,Đại học Hùng Vương TP HCM,7340201,Tài chính – Ngân hàng,A00 | C00 | C04 | D01,15,
DHV,Đại học Hùng Vương TP HCM,7310401,Tâm lý học,A12 | B05 | C15 | D01,15,
DHV,Đại học Hùng Vương TP HCM,7340122,Thương mại điện tử,A00 | C00 | C04 | D01,15,
MHN,Đại học Mở Hà Nội,7340204,Bảo hiểm,A00 | A01 | D01,20.5,
MHN,Đại học Mở Hà Nội,7420201,Công nghệ sinh học,A00 | B00 | D07,17,
MHN,Đại học Mở Hà Nội,7510303,Công nghệ kỹ thuật điều khiển và tự động hóa,A00 | A01 | D01,22.55,
MHN,Đại học Mở Hà Nội,7480201,Công nghệ thông tin,A00 | A01 | D01,22.95,
MHN,Đại học Mở Hà Nội,7540101,Công nghệ thực phẩm,A00 | B00 | D08,17,
MHN,Đại học Mở Hà Nội,7510302,Điện tử - viễn thông,A00 | A01 | D01,22.05,
MHN,Đại học Mở Hà Nội,7340301,Kế toán,A00 | A01 | D01,23.75,
MHN,Đại học Mở Hà Nội,7580101,Kiến trúc,V00 | V01 | V02,22.5,
MHN,Đại học Mở Hà Nội,7380108,Luật quốc tế,A00 | C01 | D01,22.99,
MHN,Đại học Mở Hà Nội,7380107,Luật kinh tế,A00 | C00 | D01,24.12,
MHN,Đại học Mở Hà Nội,7380101,Ngành Luật,A00 | C00 | D01,23.77,
MHN,Đại học Mở Hà Nội,7220204,Ngôn ngữ Trung Quốc,D01 | D04,33.19,
MHN,Đại học Mở Hà Nội,7220201,Ngôn ngữ Anh,D01,32.03,
MHN,Đại học Mở Hà Nội,7810201,Quản trị khách sạn,D01,28.13,
MHN,Đại học Mở Hà Nội,7340101,Quản trị Kinh doanh,A00 | A01 | D02,23.52,
MHN,Đại học Mở Hà Nội,7810103,Quản trị dịch vụ du lịch và lữ hành,D01,28.53,
MHN,Đại học Mở Hà Nội,7340201,Tài chính – Ngân hàng,A00 | A01 | D01,23.48,
MHN,Đại học Mở Hà Nội,7210404,Thiết kế thời trang,H00 | H01 | H06,19.75,
MHN,Đại học Mở Hà Nội,7210403,Thiết kế đồ họa,H00 | H01 | H06,22.38,
MHN,Đại học Mở Hà Nội,7580108,Thiết kế nội thất,H00 | H01 | H06,20.45,
MHN,Đại học Mở Hà Nội,7340122,Thương mại điện tử,A00 | A01 | D01,24.91,
TDV,Đại học Vinh,7620105,Chăn nuôi,A00 | B00 | B08 | D01,16,
TDV,Đại học Vinh,7310201,Chính trị học,A01 | C00 | C19 | D01,18,
TDV,Đại học Vinh,7510205,Công nghệ kỹ thuật ô tô,A00 | A01 | B00 | D01,19,
TDV,Đại học Vinh,7540101,Công nghệ thực phẩm,A00 | A01 | B00 | D07,17,
TDV,Đại học Vinh,7480201,Công nghệ thông tin,A00 | A01 | D01 | D07,19,
TDV,Đại học Vinh,7760101,Công tác xã hội,A00 | A01 | C00 | D01,18,
TDV,Đại học Vinh,7480201C,Công nghệ thông tin (CTCLC),A00 | A01 | D01 | D07,21,
TDV,Đại học Vinh,7510301,"Công nghệ kỹ thuật điện, điện tử",A00 | A01 | B00 | D01,17,
TDV,Đại học Vinh,7510206,Công nghệ kỹ thuật nhiệt,A00 | A01 | B00 | D01,17,
TDV,Đại học Vinh,7420201,Công nghệ sinh học,A01 | A02 | B00 | B08,17,
TDV,Đại học Vinh,7620301,ĐH Nuôi trồng thủy sản,A00 | B00 | B03 | B08 | C01 | C02 | D01,16,
TDV,Đại học Vinh,7720301,Điều dưỡng,B00 | C08 | D08 | D13,20,
TDV,Đại học Vinh,7140208,Giáo dục Quốc phòng - An ninh,A00 | C00 | C19 | D01,26.5,
TDV,Đại học Vinh,7140202,Giáo dục Tiểu học,A00 | A01 | C00 | D01,28.12,
TDV,Đại học Vinh,7140205,Giáo dục Chính trị,C00 | C19 | C20 | D66,27.8,
TDV,Đại học Vinh,7340301,Kế toán,A00 | A01 | D01 | D07,20,
TDV,Đại học Vinh,7620110,Khoa học cây trồng,A00 | B00 | B08 | D01,16,
TDV,Đại học Vinh,7480101,Khoa học máy tính,A00 | A01 | D01 | D07,18,
TDV,Đại học Vinh,7580101,Kiến trúc,A00,16,
TDV,Đại học Vinh,7580301,Kinh tế xây dựng,A00 | A01 | B00 | D01,16,
TDV,Đại học Vinh,7310109,Kinh tế số,A00 | A01 | B00 | D01,18.5,Kinh tế số
TDV,Đại học Vinh,7310101,Kinh tế,A00 | A01 | B00 | D01,18.5,
TDV,Đại học Vinh,7580201,Kỹ thuật xây dựng,A00 | A01 | B00 | D01,16,
TDV,Đại học Vinh,7580205,Kỹ thuật xây dựng công trình giao thông,A00 | A01 | B00 | D01,16,
TDV,Đại học Vinh,7380107,Luật kinh tế,A00 | A01 | C00 | D01,19,
TDV,Đại học Vinh,7520216,Ngành Kỹ thuật điều khiển & Tự động hóa,A00 | A01 | B00 | D01,19,
TDV,Đại học Vinh,7380101,Ngành Luật,A00 | A01 | C00 | C03 | C19 | D01 | D14,18,
TDV,Đại học Vinh,7520207,Ngành Kỹ thuật điện tử truyền thông,A00 | A01 | B00 | D01,17,
TDV,Đại học Vinh,7220201,Ngôn ngữ Anh,A01 | D01 | D14 | D15,24.8,
TDV,Đại học Vinh,7620109,Nông học,A00 | B00 | B03 | B08 | C01 | C02 | D01,16,
TDV,Đại học Vinh,7850101,Quản lý tài nguyên và môi trường,A00 | B00 | B08 | D01,16,
TDV,Đại học Vinh,7229042,Quản lý văn hoá,A00 | A01 | C00 | D01,18,
TDV,Đại học Vinh,7310205,Quản lý nhà nước,A00 | A01 | C00 | D01,18,
TDV,Đại học Vinh,7340101C,Quản trị kinh doanh,A00 | A01 | D01 | D07,21,
TDV,Đại học Vinh,7850103,Quản lý đất đai,A00 | B00 | B03 | B08 | C01 | C04 | D01,16,
TDV,Đại học Vinh,7340101,Quản trị Kinh doanh,A00 | A01 | D01 | D07,19,
TDV,Đại học Vinh,7140114,Quản lý giáo dục,A00 | A01 | C00 | D01,24,
TDV,Đại học Vinh,7310601,Quốc tế học,D01 | D14 | D15 | D66,18,
TDV,Đại học Vinh,7140209C,SP Toán học (dạy Toán bằng tiếng Anh),A00 | A01 | B00 | D01,26.5,
TDV,Đại học Vinh,7140218,Sư phạm Lịch sử,C00 | C19 | C20 | D14,28.71,
TDV,Đại học Vinh,7140210,Sư phạm Tin học (Chuyên ngành Tin học – Công nghệ Tiểu học),A00 | A01 | D01 | D07,24.45,
TDV,Đại học Vinh,7140247,Sư phạm khoa học tự nhiên,A00 | A02 | B00,25.3,
TDV,Đại học Vinh,7140217,Sư phạm Ngữ văn,C00 | C20 | D01 | D15,28.46,
TDV,Đại học Vinh,7140231C,Sư phạm tiếng Anh (lớp tài năng),A01 | D01 | D14 | D15,27.25,
TDV,Đại học Vinh,7140212,Sư phạm Hóa học,A00 | B00 | C02 | D07,26.4,
TDV,Đại học Vinh,7140209,Sư phạm Toán học,A00 | A01 | B00 | D01,26.2,
TDV,Đại học Vinh,7140211,Sư phạm Vật lý,A00 | A01 | B00 | D07,25.9,
TDV,Đại học Vinh,7140219,Sư phạm Địa lý,C00 | C04 | C20 | D15,28.5,
TDV,Đại học Vinh,7140231,Sư phạm Tiếng Anh,A01 | D01 | D14 | D15,26.46,
TDV,Đại học Vinh,7140249,Sư phạm Lịch sử - Địa lý,C00 | C19 | C20 | D14,28.25,
TDV,Đại học Vinh,7140213,Sư phạm Sinh học,A02 | B00 | B03 | B08,25.25,
TDV,Đại học Vinh,7340201,Tài chính – Ngân hàng,A00 | A01 | D01 | D07,18.5,
TDV,Đại học Vinh,7310403,Tâm lý học giáo dục,A00 | A01 | C00 | D01,22,
TDV,Đại học Vinh,7640101,Thú y,A00 | B00 | B08 | D01,16,
TDV,Đại học Vinh,7340122,Thương mại điện tử,A00 | A01 | D01 | D07,18.5,
TDV,Đại học Vinh,7310630,Việt Nam học,A00 | A01 | C00 | D01,18,
DKB,Đại học Kinh tế Kỹ thuật Bình Dương,7510301,"Công nghệ kỹ thuật điện, điện tử",A00 | A01 | C01 | D01,14,
DKB,Đại học Kinh tế Kỹ thuật Bình Dương,7480201,Công nghệ thông tin,A00 | A01 | D01 | D10,14,
DKB,Đại học Kinh tế Kỹ thuật Bình Dương,7510205,Công nghệ kỹ thuật ô tô,A00 | A01 | C01 | D01,14,
DKB,Đại học Kinh tế Kỹ thuật Bình Dương,7720201,Dược học,A00 | B00 | D07,21,
DKB,Đại học Kinh tế Kỹ thuật Bình Dương,7340301,Kế toán,A00 | A01 | D01 | D10,14,
DKB,Đại học Kinh tế Kỹ thuật Bình Dương,7480103,Kỹ thuật phần mềm,A00 | A01 | D01 | D10,14,
DKB,Đại học Kinh tế Kỹ thuật Bình Dương,7510605,Logistics và Quản lý chuỗi cung ứng,A00 | A01 | C01 | D01,14,
DKB,Đại học Kinh tế Kỹ thuật Bình Dương,7340115,Marketing,A00 | A01 | C01 | D01,14,
DKB,Đại học Kinh tế Kỹ thuật Bình Dương,7380101,Ngành Luật,A00 | A01 | C00 | D01,14,
DKB,Đại học Kinh tế Kỹ thuật Bình Dương,7220201,Ngôn ngữ Anh,C00 | D01 | D08 | D10,14,
DKB,Đại học Kinh tế Kỹ thuật Bình Dương,7220210,Ngôn ngữ Hàn Quốc,C00 | D01 | D10 | D66,14,
DKB,Đại học Kinh tế Kỹ thuật Bình Dương,7810202,Quản trị nhà hàng và dịch vụ ăn uống,A00 | A01 | C00 | D01,14,
DKB,Đại học Kinh tế Kỹ thuật Bình Dương,7320108,Quan hệ công chúng,A01 | A10 | C00 | D01,14,
DKB,Đại học Kinh tế Kỹ thuật Bình Dương,7340101,Quản trị Kinh doanh,A00 | A01 | C01 | D01,14,
DKB,Đại học Kinh tế Kỹ thuật Bình Dương,7340406,Quản trị văn phòng,A00 | A01 | C03 | D01,14,
DKB,Đại học Kinh tế Kỹ thuật Bình Dương,7340201,Tài chính – Ngân hàng,A01 | A10 | C04 | D01,14,
DKB,Đại học Kinh tế Kỹ thuật Bình Dương,7340122,Thương mại điện tử,A00 | A01 | C01 | D01,14,
DTK,Đại học Kỹ Thuật Công Nghiệp - Đại học Thái Nguyên,7510301,"Công nghệ kỹ thuật điện, điện tử",A00 | A01 | D01 | D07,17,
DTK,Đại học Kỹ Thuật Công Nghiệp - Đại học Thái Nguyên,7510201,Công nghệ kỹ thuật cơ khí (chuyên ngành Cơ khí chế tạo),A00 | A01 | D01 | D07,17,
DTK,Đại học Kỹ Thuật Công Nghiệp - Đại học Thái Nguyên,7510205,Công nghệ kỹ thuật ô tô,A00 | A01 | D01 | D07,19,
DTK,Đại học Kỹ Thuật Công Nghiệp - Đại học Thái Nguyên,7510303,Công nghệ kỹ thuật điều khiển và tự động hóa,A00 | A01 | D01 | D07,19,
DTK,Đại học Kỹ Thuật Công Nghiệp - Đại học Thái Nguyên,7510202,Công nghệ chế tạo máy,A00 | A01 | D01 | D07,16,
DTK,Đại học Kỹ Thuật Công Nghiệp - Đại học Thái Nguyên,7580101,Kiến trúc,A01,16,
DTK,Đại học Kỹ Thuật Công Nghiệp - Đại học Thái Nguyên,7510604,Kinh tế công nghiệp,A00 | A01 | D01 | D07,16,
DTK,Đại học Kỹ Thuật Công Nghiệp - Đại học Thái Nguyên,7905228,Kỹ thuật Điện,A00 | A01 | D01 | D07,18,
DTK,Đại học Kỹ Thuật Công Nghiệp - Đại học Thái Nguyên,7520309,Kỹ thuật vật liệu,A00 | A01 | D01 | D07,16,
DTK,Đại học Kỹ Thuật Công Nghiệp - Đại học Thái Nguyên,7520116,Kỹ thuật cơ khí động lực,A00 | A01 | D01 | D07,16,
DTK,Đại học Kỹ Thuật Công Nghiệp - Đại học Thái Nguyên,7520103,Kỹ thuật cơ khí,A00 | A01 | D01 | D07,16,
DTK,Đại học Kỹ Thuật Công Nghiệp - Đại học Thái Nguyên,7480106,Kỹ thuật máy tính,A00 | A01 | D01 | D07,17,
DTK,Đại học Kỹ Thuật Công Nghiệp - Đại học Thái Nguyên,7580201,Kỹ thuật xây dựng,A00 | A01 | D01 | D07,16,
DTK,Đại học Kỹ Thuật Công Nghiệp - Đại học Thái Nguyên,7520114,Kỹ thuật cơ điện tử,A00 | A01 | D01 | D07,17,
DTK,Đại học Kỹ Thuật Công Nghiệp - Đại học Thái Nguyên,7905218,Kỹ thuật Cơ khí(Chương trình tiên tiến),A00 | A01 | D01 | D07,18,
DTK,Đại học Kỹ Thuật Công Nghiệp - Đại học Thái Nguyên,7520201,Kỹ thuật điện,A00 | A01 | D01 | D07,16,
DTK,Đại học Kỹ Thuật Công Nghiệp - Đại học Thái Nguyên,7520207,Ngành Kỹ thuật điện tử truyền thông,A00 | A01 | D01 | D07,24,
DTK,Đại học Kỹ Thuật Công Nghiệp - Đại học Thái Nguyên,7520216,Ngành Kỹ thuật điều khiển & Tự động hóa,A00 | A01,19,
DTK,Đại học Kỹ Thuật Công Nghiệp - Đại học Thái Nguyên,7520320,Ngành Kỹ thuật môi trường,A00 | B00 | D01 | D07,16,
DTK,Đại học Kỹ Thuật Công Nghiệp - Đại học Thái Nguyên,7520207,Ngành Kỹ thuật điện tử truyền thông,A00 | A01 | D01 | D07,16,
DTK,Đại học Kỹ Thuật Công Nghiệp - Đại học Thái Nguyên,7220201,Ngôn ngữ Anh,A00 | A01 | D01 | D07,17,
DTK,Đại học Kỹ Thuật Công Nghiệp - Đại học Thái Nguyên,7510601,Quản lý công nghiệp,A00 | A01 | D01 | D07,16,
VTT,Đại học Võ Trường Toản,7480201,Công nghệ thông tin,A00,15,
VTT,Đại học Võ Trường Toản,7720201,Dược học,B00,21,
VTT,Đại học Võ Trường Toản,7340301,Kế toán,A00,15,
VTT,Đại học Võ Trường Toản,7380101,Ngành Luật,A00,15,
VTT,Đại học Võ Trường Toản,7340120,Ngành Kinh doanh quốc tế,A00,15,
VTT,Đại học Võ Trường Toản,7340101,Quản trị Kinh doanh,A00,15,
VTT,Đại học Võ Trường Toản,7310205,Quản lý nhà nước,A01,15,
VTT,Đại học Võ Trường Toản,7340201,Tài chính – Ngân hàng,A00,15,
VTT,Đại học Võ Trường Toản,7340122,Thương mại điện tử,A00,15,
VTT,Đại học Võ Trường Toản,7720101,Y khoa,B00,22.5,
GTS,Đại học Giao thông vận tải TP HCM,748020104A,Công nghệ thông tin CTTT chuyên ngành Khoa học dữ liệu và AI,A00 | A01 | D01 | D07,21.5,
GTS,Đại học Giao thông vận tải TP HCM,748020101A,Công nghệ thông tin CTTT,A00 | A01 | D01 | D07,21.5,
GTS,Đại học Giao thông vận tải TP HCM,7510303A,Công nghỹ kỳ thuật điều khicn và lự động hoả (hệ Chat lượng cao ticng Anh),A00 | A01 | D01 | D07,24,
GTS,Đại học Giao thông vận tải TP HCM,7510205A,Công nghệ kỳ thuật ỏ tô (hệ Chat lượng cao ticng Anh),A00 | A01 | D01 | D07,24,
GTS,Đại học Giao thông vận tải TP HCM,748020106A,Công nghệ thông tin CTTT chuyên ngành Công nghệ ôtô số,A00 | A01 | D01 | D07,17,
GTS,Đại học Giao thông vận tải TP HCM,748020105A,Công nghệ thông tin CTTT chuyên ngành Smart Logistics,A00 | A01 | D01 | D07,18,
GTS,Đại học Giao thông vận tải TP HCM,748020101E,Công nghệ thông tin học bằng tiếng Anh,A00 | A01 | D01 | D07,16,
GTS,Đại học Giao thông vận tải TP HCM,7510104A,Công nghệ kỹ thuật giao thông CTTT chuyên ngành Quy hoạch và quản lý giao thông; Logistics và hạ tầng giao thông,A00 | A01 | D01 | D07,19,
GTS,Đại học Giao thông vận tải TP HCM,7510201A,Công nghệ kỳ thuật cơ khi (hệ Chát lượng cao tiếng Anh),A00 | A01 | D01 | D07,23,
GTS,Đại học Giao thông vận tải TP HCM,7340405A,Hệ thống thông tin quản lý CTTT,A00 | A01 | D01 | D07,21.5,
GTS,Đại học Giao thông vận tải TP HCM,784010102A,Khai thái vận tải CTTT chuyên ngành Quản lý và kinh doanh vận tải,A00 | A01 | D01 | D07,22,
GTS,Đại học Giao thông vận tải TP HCM,784010101A,Khai thái vận tải CTTT,A00 | A01 | D01 | D07,22,
GTS,Đại học Giao thông vận tải TP HCM,784010609A,Khoa học hàng hải CTTT chuyên ngành Quản lý cảng và logistics,A00 | A01 | D01 | D07,21,
GTS,Đại học Giao thông vận tải TP HCM,784010607,Khoa học hàng hải (chuyên ngành Khai thác máy tàu thủy và quản lý kỹ thuật),A00 | A01 | D01 | D07,16,
GTS,Đại học Giao thông vận tải TP HCM,784010604A,Khoa học hàng hải CTTT,A00 | A01 | D01 | D07,20,
GTS,Đại học Giao thông vận tải TP HCM,7460108A,Khoa học dữ liệu CTTT,A00 | A01 | D01 | D07,24,
GTS,Đại học Giao thông vận tải TP HCM,784010606,Khoa học hàng hải (chuyên ngành Điều khiển và quản lý tàu biển),A00 | A01 | D01 | D07,16,
GTS,Đại học Giao thông vận tải TP HCM,7520207A,"Kĩ thuật điện tử, truyền thông",A00 | A01 | D01 | D07,20,
GTS,Đại học Giao thông vận tải TP HCM,758030103A,Kinh tế xây dựng CTTT chuyên ngành Kinh tế và quản lý bất động sản,A00 | A01 | D01 | D07,19,
GTS,Đại học Giao thông vận tải TP HCM,784010402A,Kinh tế vận tải hàng không CTTT,A00 | A01 | D01 | D07,22,
GTS,Đại học Giao thông vận tải TP HCM,784010401A,Kinh tế vận tải biển CTTT,A00 | A01 | D01 | D07,22,
GTS,Đại học Giao thông vận tải TP HCM,758030101A,Kinh tế xây dựng CTTT,A00 | A01 | D01 | D07,19,
GTS,Đại học Giao thông vận tải TP HCM,7580202,Kỹ thuật xây dựng công trình thủy,A00 | A01 | D01 | D07,15,
GTS,Đại học Giao thông vận tải TP HCM,7580201,Kỹ thuật xây dựng,A00 | A01 | D01 | D07,19,
GTS,Đại học Giao thông vận tải TP HCM,7520216A,Kỹ thuật điều khiển và tự động hóa CTTT,A00 | A01 | D01 | D07,20,
GTS,Đại học Giao thông vận tải TP HCM,7580205,Kỹ thuật xây dựng công trình giao thông,A00 | A01 | D01 | D07,17,
GTS,Đại học Giao thông vận tải TP HCM,7520201,Kỹ thuật điện,A00 | A01 | D01 | D07,20,
GTS,Đại học Giao thông vận tải TP HCM,7520130A,"Kỹ thuật ôtô CTTT chuyên ngành Cơ khí ô tô, Cơ điện tử ô tô",A00 | A01 | D01 | D07,22,
GTS,Đại học Giao thông vận tải TP HCM,7520103A,Kỹ thuật cơ khí (chuyên ngành Kỹ thuật cơ khí),A00 | A01 | D01 | D07,19,
GTS,Đại học Giao thông vận tải TP HCM,7510605E,Logistics và quản lý chuỗi cung ứng học bằng tiếng Anh,A00 | A01 | D01 | D07,17,
GTS,Đại học Giao thông vận tải TP HCM,7510605A,Logistics và quản lý chuỗi cung ứng CTTT,A00 | A01 | D01 | D07,24,
GTS,Đại học Giao thông vận tải TP HCM,7480102A,Mạng máy tính và truyền thông dữ liệu CTTT,A00 | A01 | D01 | D07,20,
GTS,Đại học Giao thông vận tải TP HCM,7840106,Ngành Khoa học Hàng hải,A00 | A01 | D01 | D07,19,
GTS,Đại học Giao thông vận tải TP HCM,7520122,Ngành Kỹ thuật tàu thủy,A00 | A01 | D01 | D07,15,
GTS,Đại học Giao thông vận tải TP HCM,7380101,Ngành Luật,A01 | D01 | D14 | D15,21,
GTS,Đại học Giao thông vận tải TP HCM,7520320,Ngành Kỹ thuật môi trường,A00 | A01 | B00 | D01,19,
GTS,Đại học Giao thông vận tải TP HCM,7220201E,Ngôn ngữ Anh học bằng tiếng Anh,A01 | D01 | D14 | D15,16.5,
GTS,Đại học Giao thông vận tải TP HCM,7220201,Ngôn ngữ Anh,A01 | D01 | D14 | D15,24.5,
GTS,Đại học Giao thông vận tải TP HCM,7580302A,Quản lý xây dựng CTTT,A00 | A01 | D01 | D07,19,
DHI,Khoa Quốc Tế - ĐH Huế,7850102,Kinh tế tài nguyên thiên nhiên,A00 | A01 | C00 | D01,17,
GHA,Đại học Giao thông Vận tải ( Cơ sở Phía Bắc ),7480201QT,Công nghệ thông tin (CT Chất lượng cao Công nghệ thông tin Việt - Anh),A00 | A01 | D01 | D07,24.4,
GHA,Đại học Giao thông Vận tải ( Cơ sở Phía Bắc ),7510104,Công nghệ kỹ thuật giao thông (chuyên ngành Xây dựng cầu đường),A00 | A01 | D01 | D07,23.37,
GHA,Đại học Giao thông Vận tải ( Cơ sở Phía Bắc ),7480201,Công nghệ thông tin,A00 | A01 | D07,25.41,
GHA,Đại học Giao thông Vận tải ( Cơ sở Phía Bắc ),7460112,ĐH Toán ứng dụng,A00 | A01 | D01 | D07,23.91,
GHA,Đại học Giao thông Vận tải ( Cơ sở Phía Bắc ),7520219,Hệ thống giao thông thông minh,A00 | A01 | D01 | D07,22.8,
GHA,Đại học Giao thông Vận tải ( Cơ sở Phía Bắc ),7340301QT,Kế toán (Chương trình chất lượng cao Kế toán tổng hợp Việt - Anh),A00 | A01 | D01 | D07,23.31,
GHA,Đại học Giao thông Vận tải ( Cơ sở Phía Bắc ),7340301,Kế toán,A00 | A01 | D01 | D07,25.2,
GHA,Đại học Giao thông Vận tải ( Cơ sở Phía Bắc ),7840101,Khai thác vận tải,A00 | A01 | D01 | D07,25.07,
GHA,Đại học Giao thông Vận tải ( Cơ sở Phía Bắc ),7480101,Khoa học máy tính,A00 | A01 | D07,25.41,
GHA,Đại học Giao thông Vận tải ( Cơ sở Phía Bắc ),7580101,Kiến trúc,A00 | A01 | V00 | V01,21.6,
GHA,Đại học Giao thông Vận tải ( Cơ sở Phía Bắc ),7310101,Kinh tế,A00 | A01 | D01 | D07,25.19,
GHA,Đại học Giao thông Vận tải ( Cơ sở Phía Bắc ),7580301QT,Kinh tế xây dựng (Chương trình chất lượng cao Kinh tế xây dựng công trình Giao thông Việt - Anh),A00 | A01 | D01 | D07,22.85,
GHA,Đại học Giao thông Vận tải ( Cơ sở Phía Bắc ),7580301,Kinh tế xây dựng,A00 | A01 | D01 | D07,24.45,
GHA,Đại học Giao thông Vận tải ( Cơ sở Phía Bắc ),7480106,Kỹ thuật máy tính,A00 | A01 | D07,24.55,
GHA,Đại học Giao thông Vận tải ( Cơ sở Phía Bắc ),7580210,Kỹ thuật cơ sở hạ tầng,A00 | A01 | D01 | D07,22.65,
GHA,Đại học Giao thông Vận tải ( Cơ sở Phía Bắc ),7520218,Kỹ thuật Robot và trí tuệ nhân tạo,A00 | A01 | D01 | D07,25.15,
GHA,Đại học Giao thông Vận tải ( Cơ sở Phía Bắc ),7520116,Kỹ thuật cơ khí động lực,A00 | A01 | D01 | D07,23.86,
GHA,Đại học Giao thông Vận tải ( Cơ sở Phía Bắc ),7580205,Kỹ thuật xây dựng công trình giao thông,A00 | A01 | D01 | D07,21.15,
GHA,Đại học Giao thông Vận tải ( Cơ sở Phía Bắc ),7520115,"Kỹ thuật nhiệt (3 chuyên ngành: Kỹ thuật điện lạnh; Máy lạnh, điều hòa không khí và thông gió; Máy lạnh và thiết bị thực phẩm)",A00 | A01 | D01 | D07,24.25,
GHA,Đại học Giao thông Vận tải ( Cơ sở Phía Bắc ),7580201,Kỹ thuật xây dựng,A00 | A01 | D01 | D07,23.19,
GHA,Đại học Giao thông Vận tải ( Cơ sở Phía Bắc ),7520103,Kỹ thuật cơ khí,A00 | A01 | D01 | D07,24.93,
GHA,Đại học Giao thông Vận tải ( Cơ sở Phía Bắc ),7520201,Kỹ thuật điện,A00 | A01 | D07,24.63,
GHA,Đại học Giao thông Vận tải ( Cơ sở Phía Bắc ),7520103QT,Kỹ thuật cơ khí (CT Chất lượng cao Cơ khí ô tô Việt - Anh),A00 | A01 | D01 | D07,23.84,
GHA,Đại học Giao thông Vận tải ( Cơ sở Phía Bắc ),7520130,Kỹ thuật ô tô,A00 | A01 | D01 | D07,25.35,
GHA,Đại học Giao thông Vận tải ( Cơ sở Phía Bắc ),7580205QT,Kỹ thuật xây dựng công trình giao thông (Chương trình tiên tiến) - khối A1,A00 | A01 | D01 | D03 | D07,20.5,
GHA,Đại học Giao thông Vận tải ( Cơ sở Phía Bắc ),7580202,Kỹ thuật xây dựng công trình thủy,A00 | A01 | D01 | D07,21.15,
GHA,Đại học Giao thông Vận tải ( Cơ sở Phía Bắc ),7520114,Kỹ thuật cơ điện tử,A00 | A01 | D01 | D07,25.66,
GHA,Đại học Giao thông Vận tải ( Cơ sở Phía Bắc ),7510605,Logistics và Quản lý chuỗi cung ứng,A00 | A01 | D01 | D07,26.45,
GHA,Đại học Giao thông Vận tải ( Cơ sở Phía Bắc ),7520320,Ngành Kỹ thuật môi trường,A00 | B00 | D01 | D07,22.25,
GHA,Đại học Giao thông Vận tải ( Cơ sở Phía Bắc ),7520216,Ngành Kỹ thuật điều khiển & Tự động hóa,A00 | A01 | D07,25.89,
GHA,Đại học Giao thông Vận tải ( Cơ sở Phía Bắc ),7520207,Ngành Kỹ thuật điện tử truyền thông,A00 | A01 | D07,25.15,
GHA,Đại học Giao thông Vận tải ( Cơ sở Phía Bắc ),7840104,Ngành Kinh tế vận tải,A00 | A01 | D01 | D07,25.01,
GHA,Đại học Giao thông Vận tải ( Cơ sở Phía Bắc ),7220201,Ngôn ngữ Anh,D01 | D09 | D10,24.1,
GHA,Đại học Giao thông Vận tải ( Cơ sở Phía Bắc ),7580302QT,Quản lý xây dựng CLC Việt - Anh,A00 | A01 | D01 | D07,21.35,
GHA,Đại học Giao thông Vận tải ( Cơ sở Phía Bắc ),7580302,Quản lý xây dựng,A00 | A01 | D01 | D07,23.93,
GHA,Đại học Giao thông Vận tải ( Cơ sở Phía Bắc ),7580106,Quản lý đô thị và công trình,A00 | A01 | D01 | D07,23.28,
GHA,Đại học Giao thông Vận tải ( Cơ sở Phía Bắc ),7340101,Quản trị Kinh doanh,A00 | A01 | D01 | D07,25.1,
GHA,Đại học Giao thông Vận tải ( Cơ sở Phía Bắc ),7340110QT,Quản trị kinh doanh (Chương trình chất lượng cao Quản trị kinh doanh Việt - Anh),A00 | A01 | D01 | D07,23.96,
GHA,Đại học Giao thông Vận tải ( Cơ sở Phía Bắc ),7810103,Quản trị dịch vụ du lịch và lữ hành,A00 | A01 | D01 | D07,24.3,
GHA,Đại học Giao thông Vận tải ( Cơ sở Phía Bắc ),7340201,Tài chính – Ngân hàng,A00 | A01 | D01 | D07,25.46,
GHA,Đại học Giao thông Vận tải ( Cơ sở Phía Bắc ),7580201QT,Xây dựng (Tongmyong - Hàn Quốc),A00 | A01 | D01 | D07,21.4,
HVC,Học viện Cán bộ TP HCM,7310201,Chính trị học,C00,22,
HVC,Học viện Cán bộ TP HCM,7760101,Công tác xã hội,C00,22,
HVC,Học viện Cán bộ TP HCM,7380101,Ngành Luật,A00,25,
HVC,Học viện Cán bộ TP HCM,7310205,Quản lý nhà nước,A00,23.5,
HVC,Học viện Cán bộ TP HCM,7310202,Xây dựng Đảng và Chính quyền nhà nước,C00,23,
VJU,Đại học Việt Nhật - Đại học Quốc gia Hà Nội,VJU4,Công nghệ thực phẩm và sưc khỏe,A00 | A01 | B00 | D01 | D06 | D28,20,
VJU,Đại học Việt Nhật - Đại học Quốc gia Hà Nội,VJU2,Khoa học và Kĩ thuật máy tính,A00 | A01 | D07 | D08 | D23 | D28 | D33,20.75,
VJU,Đại học Việt Nhật - Đại học Quốc gia Hà Nội,VJU6,Kỹ thuật xây dựng,A00 | A01 | D01 | D06 | D07 | D23 | D28,20,
VJU,Đại học Việt Nhật - Đại học Quốc gia Hà Nội,VJU3,Kỹ thuật cơ điện tử (Cơ điện tử thông minh và sản xuất theo phương thức Nhật Bản),A00 | A01 | D01 | D06 | D07 | D23 | D28,20,
VJU,Đại học Việt Nhật - Đại học Quốc gia Hà Nội,VJU1,Nhật Bản học,A01 | D01 | D06 | D14 | D28 | D63 | D78 | D81,21,Nhật Bản học
VJU,Đại học Việt Nhật - Đại học Quốc gia Hà Nội,VJU5,Nông nghiệp thông minh và bền vững,A00 | A01 | B00 | D01 | D06 | D28,20,
DDF,Đại học Ngoại Ngữ - Đại học Đà Nẵng,7310608,Đông phương học,D01 | D06 | D78 | D96,20.88,
DDF,Đại học Ngoại Ngữ - Đại học Đà Nẵng,7310614,Hàn Quốc học,D01 | D09 | D78 | D96,22.38,
DDF,Đại học Ngoại Ngữ - Đại học Đà Nẵng,7220209,Ngôn ngữ Nhật,D01 | D06,22.6,
DDF,Đại học Ngoại Ngữ - Đại học Đà Nẵng,7220204,Ngôn ngữ Trung Quốc,D01 | D04 | D78 | D83,25.11,
DDF,Đại học Ngoại Ngữ - Đại học Đà Nẵng,7220201KT,Ngôn ngữ Anh (Đào tạo 2 năm đầu tại Kon Tum),A01 | D01 | D78 | D96,17.13,
DDF,Đại học Ngoại Ngữ - Đại học Đà Nẵng,7220214,Ngôn ngữ Thái Lan,D01 | D15 | D78,22.09,
DDF,Đại học Ngoại Ngữ - Đại học Đà Nẵng,7220202,Ngôn ngữ Nga,D01 | D02 | D78 | D96,18.38,
DDF,Đại học Ngoại Ngữ - Đại học Đà Nẵng,7220210,Ngôn ngữ Hàn Quốc,D01 | D78 | D96,25.07,
DDF,Đại học Ngoại Ngữ - Đại học Đà Nẵng,7220201,Ngôn ngữ Anh,A01 | D01 | D78 | D96,23.58,
DDF,Đại học Ngoại Ngữ - Đại học Đà Nẵng,7220203,Ngôn ngữ Pháp,D01 | D03 | D78 | D96,21.09,
DDF,Đại học Ngoại Ngữ - Đại học Đà Nẵng,7310601,Quốc tế học,D01 | D09 | D78 | D96,22.05,
DDF,Đại học Ngoại Ngữ - Đại học Đà Nẵng,7140234,Sư phạm Tiếng Trung Quốc,D01 | D04 | D78 | D96,26.09,
DDF,Đại học Ngoại Ngữ - Đại học Đà Nẵng,7140233,Sư phạm Tiếng Pháp,D01 | D03 | D78 | D96,23.07,
DDF,Đại học Ngoại Ngữ - Đại học Đà Nẵng,7140231,Sư phạm Tiếng Anh,D01,27.24,
LAH,Trường Sĩ Quan Lục Quân 1 - Đại học Trần Quốc Tuấn,7860201|21A01,Chỉ huy tham mưu Lục quân (Nam - miền Bắc),A01,24.45,
LAH,Trường Sĩ Quan Lục Quân 1 - Đại học Trần Quốc Tuấn,7860201|21A00,Chỉ huy tham mưu Lục quân (Nam - miền Bắc),A00,24.45,
TDL,Đại học Đà Lạt,7510406,Công nghệ kỹ thuật Môi trường,A00 | B00 | D07 | D90,17,
TDL,Đại học Đà Lạt,7540101,Công nghệ thực phẩm,A00 | A02 | B00 | D07,17,
TDL,Đại học Đà Lạt,7760101,Công tác xã hội,C00 | C20 | D01 | D14,17,
TDL,Đại học Đà Lạt,7510303,Công nghệ kỹ thuật điều khiển và tự động hóa,A00 | A01 | A12 | D90,17,
TDL,Đại học Đà Lạt,7420201,Công nghệ sinh học,A00 | B00 | B08 | D90,17,
TDL,Đại học Đà Lạt,7540104,Công nghệ sau thu hoạch,A00 | B00 | B08 | D90,17,
TDL,Đại học Đà Lạt,7480201,Công nghệ thông tin,A00 | A01 | D07 | D90,17,
TDL,Đại học Đà Lạt,7510302,Điện tử - viễn thông,A00 | A01 | A12 | D90,17,
TDL,Đại học Đà Lạt,7310608,Đông phương học,C00 | D01 | D78 | D96,17,
TDL,Đại học Đà Lạt,7140202,Giáo dục Tiểu học,A16 | C14 | C15 | D01,26,
TDL,Đại học Đà Lạt,7720203,Hoá dược,A00 | B00 | D07 | D90,17,
TDL,Đại học Đà Lạt,7440112,Hóa học,A00 | B00 | D07 | D90,17,
TDL,Đại học Đà Lạt,7340301,Kế toán,A00 | A01 | D01 | D96,17.5,
TDL,Đại học Đà Lạt,7480109,Khoa học Dữ liệu,A00 | A01 | D07 | D90,17,
TDL,Đại học Đà Lạt,7520402,Kỹ thuật hạt nhân,A00 | A01 | D01 | D90,17,
TDL,Đại học Đà Lạt,7229010,Lịch sử,C00 | C19 | C20 | D14,17,
TDL,Đại học Đà Lạt,7380104,Luật hình sự và tố tụng hình sự,A00 | C00 | C20 | D01,20,
TDL,Đại học Đà Lạt,7380101,Ngành Luật,A00 | C00 | C20 | D01,22,
TDL,Đại học Đà Lạt,7220201,Ngôn ngữ Anh,D01 | D72 | D96,17.5,
TDL,Đại học Đà Lạt,7620109,Nông học,B00 | B08 | D07 | D90,17,
TDL,Đại học Đà Lạt,7340101,Quản trị Kinh doanh,A00 | A01 | D01 | D96,18,
TDL,Đại học Đà Lạt,7810103,Quản trị dịch vụ du lịch và lữ hành,C00 | C20 | D01 | D78,20.5,
TDL,Đại học Đà Lạt,7310601,Quốc tế học,C00 | C20 | D01 | D78,17,
TDL,Đại học Đà Lạt,7420101,Sinh hoc,A00 | B00 | B08 | D90,17,
TDL,Đại học Đà Lạt,7140218,Sư phạm Lịch sử,C00 | C19 | C20 | D14,27.25,
TDL,Đại học Đà Lạt,7140210,Sư phạm Tin học (Chuyên ngành Tin học – Công nghệ Tiểu học),A00 | A01 | D07 | D90,23.8,
TDL,Đại học Đà Lạt,7140217,Sư phạm Ngữ văn,C00 | C20 | D14 | D15,27.75,
TDL,Đại học Đà Lạt,7140209,Sư phạm Toán học,A00 | A01 | D07 | D90,25.8,
TDL,Đại học Đà Lạt,7140212,Sư phạm Hóa học,A00 | B00 | D07 | D90,25.25,
TDL,Đại học Đà Lạt,7140211,Sư phạm Vật lý,A00 | A01 | A12 | D90,25.25,
TDL,Đại học Đà Lạt,7140231,Sư phạm Tiếng Anh,D01 | D72 | D96,25.5,
TDL,Đại học Đà Lạt,7140213,Sư phạm Sinh học,A00 | B00 | B08 | D90,24.25,
TDL,Đại học Đà Lạt,7340201,Tài chính – Ngân hàng,A00 | A01 | D01 | D96,19,
TDL,Đại học Đà Lạt,7460101,Toán học,A00 | A01 | D07 | D90,17,
TDL,Đại học Đà Lạt,7310612,Trung Quốc học,C00 | C20 | D14 | D15,21,
TDL,Đại học Đà Lạt,7810106,Văn hóa Du lịch,C00 | C20 | D14 | D15,17,
TDL,Đại học Đà Lạt,7229030,Văn học,C00 | C20 | D14 | D15,19,
TDL,Đại học Đà Lạt,7440102,Vật lý học,A00 | A01 | A12 | D90,17,
TDL,Đại học Đà Lạt,7310630D,Việt Nam học,C00 | C20 | D14 | D15,17,
TDL,Đại học Đà Lạt,7310301,Xã hội học,C00 | C20 | D01 | D14,17,
HYD,Học viện Y Dược học cổ truyền Việt Nam,7720201,Dược học,A00,23.52,
HYD,Học viện Y Dược học cổ truyền Việt Nam,7720101,Y khoa,B00,25.57,
HYD,Học viện Y Dược học cổ truyền Việt Nam,7720115,Y học cổ truyền,B00,22.75,
DTT,Đại học Tôn Đức Thắng,7850201,Bảo hộ lao động,A00 | A01 | B00 | D07,22,
DTT,Đại học Tôn Đức Thắng,DK7480101L,"Công nghệ thông tin (song bằng, 2+2) - chương trình liên kết Đại học La Trobe (Úc)",A01 | D01,28,
DTT,Đại học Tôn Đức Thắng,FA7420201,Công nghệ sinh học - Chất lượng cao giảng dạy 100% tiếng Anh,B00 | D08,24,
DTT,Đại học Tôn Đức Thắng,7420201,Công nghệ sinh học,A00 | B00 | D08,25,
DTT,Đại học Tôn Đức Thắng,7510406,Công nghệ kỹ thuật Môi trường,A00 | A01 | B00 | D07,22,
DTT,Đại học Tôn Đức Thắng,7760101,Công tác xã hội,A01 | C00 | C01 | D01,29.45,
DTT,Đại học Tôn Đức Thắng,K7480101L,"Công nghệ thông tin (song bằng, 2+2) - Chương trình liên kết Đại học La Trobe (Úc)",A01 | D01,28,
DTT,Đại học Tôn Đức Thắng,D7420201,Công nghệ sinh học- CT dự bị đh bằng tiếng anh,B00 | B08,24,
DTT,Đại học Tôn Đức Thắng,F7420201,Công nghệ sinh học - Chất lượng cao giảng dạy bằng tiếng Anh - Việt,A00 | B00 | D08,23,
DTT,Đại học Tôn Đức Thắng,7460112,ĐH Toán ứng dụng,A00 | A01,31,
DTT,Đại học Tôn Đức Thắng,7720201,Dược học,A00 | B00 | D07,31.45,
DTT,Đại học Tôn Đức Thắng,DK7340301,"Kế toán (song bằng, 3+1) - chương trình liên kết Đại học West of England, Bristol (Anh)",A01 | D01,24,
DTT,Đại học Tôn Đức Thắng,7340301,Kế toán,A00 | A01 | C01 | D07,32.4,
DTT,Đại học Tôn Đức Thắng,K7340301,"Kế toán (song bằng 3+1) Đại học West of England, Bristol (Vương Quốc Anh)",A01 | D01,24,
DTT,Đại học Tôn Đức Thắng,D7340301,Kế toán- Dự bị đh bằng tiếng anh,A01 | D01,24,
DTT,Đại học Tôn Đức Thắng,FA7340301,Kế toán (chuyên ngành: Kế toán quốc tế) - Chất lượng cao giảng dạy 100% tiếng Anh,A01 | D01,24,
DTT,Đại học Tôn Đức Thắng,F7340301,Kế toán - Chất lượng cao,A00 | A01 | C00 | D01,27,
DTT,Đại học Tôn Đức Thắng,N7340301,Kế toán -Chương trình học 02 năm đầu tại Nha Trang,A00 | A01 | C01 | D01,22,
DTT,Đại học Tôn Đức Thắng,F7480101,Khoa học máy tính - Chất lượng cao giảng dạy bằng tiếng Anh - Việt,A00 | A01 | D01,30.8,
DTT,Đại học Tôn Đức Thắng,7480101,Khoa học máy tính,A00 | A01 | D01,33,
DTT,Đại học Tôn Đức Thắng,K7480101T,Khoa học máy tính (đơn bằng 2+2) - Chương trình liên kết Đại học Kỹ thuật Ostrava (CH Séc),A01 | D01,28,
DTT,Đại học Tôn Đức Thắng,D7480101,Khoa học máy tính- CT dự bị đh bằng tiếng anh,A01 | D01,28,
DTT,Đại học Tôn Đức Thắng,FA7480101,Khoa học máy tính - Chất lượng cao giảng dạy 100% tiếng Anh,A01 | D01,28,
DTT,Đại học Tôn Đức Thắng,7440301,Khoa học môi trường,A00 | A01 | B00 | D07,22,
DTT,Đại học Tôn Đức Thắng,N7480101,Khoa học máy tính phân hiệu Khánh Hòa,A00 | A01 | D01,22,
DTT,Đại học Tôn Đức Thắng,7580101,Kiến trúc,V00 | V01,29.8,
DTT,Đại học Tôn Đức Thắng,F7580101,Kiến trúc - Chất lượng cao,A01 | C01 | V00 | V01,28.5,
DTT,Đại học Tôn Đức Thắng,K7340201M,"Kinh Doanh (đơn bằng 2+ 1,5)- Chương trình liên kết Đại học Massey (New Zealand)",A01 | D01,26,
DTT,Đại học Tôn Đức Thắng,DK7340120L,Kinh doanh quốc tế (Song bằng 3 +1) – Chương trình dự bị liên kết Đại học La Trobe (Úc).,A01 | D01,28,
DTT,Đại học Tôn Đức Thắng,FA7340120,Kinh doanh quốc tế - học bằng tiếng Anh,A01 | D01,28,
DTT,Đại học Tôn Đức Thắng,F7340120,Kinh doanh quốc tế - Chất lượng cao giảng dạy bằng tiếng Anh - Việt,A00 | A01 | D01,30.8,
DTT,Đại học Tôn Đức Thắng,D7340120,Kinh doanh quốc tế- Dự bị đh bằng tiếng anh,A01 | D01,28,
DTT,Đại học Tôn Đức Thắng,DK7340201M,"Kinh doanh (Quản trị kinh doanh, Marketing, Kế toán, Quản trị nguồn nhân lực, Quan hệ lao động) (đơn bằng 1,5+1,5) - Chương trình dự bị liên kết Đại học Massey (New Zealand)",A01 | D01,26,
DTT,Đại học Tôn Đức Thắng,K7340120L,Kinh doanh quốc tế (song bằng 3 +1) – Chương trình liên kết Đại học La Trobe (Úc).,A01 | D01,28,
DTT,Đại học Tôn Đức Thắng,K7520201,"Kỹ thuật điện – điện tử (song bằng 2,5+1,5) Đại học khoa học ứng dụng Saxion (Hà Lan)",A00 | A01,24,
DTT,Đại học Tôn Đức Thắng,D7480103,Kỹ thuật phần mềm - CT dự bị đh bằng tiếng anh,A01 | D01,28,
DTT,Đại học Tôn Đức Thắng,F7480103,Kỹ thuật phần mềm - Chất lượng cao giảng dạy bằng tiếng Anh - Việt,A00 | A01 | D01,30.9,
DTT,Đại học Tôn Đức Thắng,7580205,Kỹ thuật xây dựng công trình giao thông,A00 | A01 | C01,22,
DTT,Đại học Tôn Đức Thắng,7520301,Kỹ thuật hóa học,A00 | B00 | D07,27.8,
DTT,Đại học Tôn Đức Thắng,N7480103,Kỹ thuật phần mềm,A00 | A01 | D01,22,
DTT,Đại học Tôn Đức Thắng,FA7580201,Kỹ thuật xây dựng - Chất lượng cao giảng dạy 100% tiếng Anh,A00 | A01,24,
DTT,Đại học Tôn Đức Thắng,F7580201,Kỹ thuật xây dựng - Chất lượng cao giảng dạy bằng tiếng Anh - Việt,A00 | A01 | C01,22,
DTT,Đại học Tôn Đức Thắng,7580201,Kỹ thuật xây dựng,A00 | A01 | C01,24,
DTT,Đại học Tôn Đức Thắng,7520201,Kỹ thuật điện,A00 | A01 | C01,30,
DTT,Đại học Tôn Đức Thắng,D7580201,Kỹ thuật xây dựng- CT dự bị đh bằng tiếng anh,A00 | A01,24,
DTT,Đại học Tôn Đức Thắng,FA7480103,Kỹ thuật phần mềm - Chất lượng cao giảng dạy 100% tiếng Anh,A01 | D01,28,
DTT,Đại học Tôn Đức Thắng,F7520301,Kỹ thuật Hóa học - Chất lượng cao,A00 | B00 | D07,23,
DTT,Đại học Tôn Đức Thắng,F7520207,Kỹ thuật điện tử - viễn thông - Chất lượng cao giảng dạy bằng tiếng Anh - Việt,A00 | A01 | C01,26,
DTT,Đại học Tôn Đức Thắng,DK7580201,"Kỹ thuật xây dựng (song bằng, 2+2) - chương trình liên kết Đại học La Trobe (Úc)",A00 | D01,24,
DTT,Đại học Tôn Đức Thắng,F7520201,Kỹ thuật điện -Chất lượng cao giảng dạy bằng tiếng Anh - Việt,A00 | A01 | C01,23,
DTT,Đại học Tôn Đức Thắng,7480103,Kỹ thuật phần mềm,A00 | A01 | D01,33.3,
DTT,Đại học Tôn Đức Thắng,K7580201,"Kỹ thuật xây dựng (song bằng, 2+2) - Chương trình liên kết Đại học La Trobe (Úc)",A01,24,
DTT,Đại học Tôn Đức Thắng,D7520216,Kỹ thuật điề khiển và tự động hóa- CT dự bị dhd bằng tiếng anh,A00 | A01,24,
DTT,Đại học Tôn Đức Thắng,DK7520201,"Kỹ thuật điện - điện tử (song bằng, 2.5+1.5) - chương trình liên kết Đại học Khoa học ứng dụng Saxion (Hà Lan)",A00 | D01,24,
DTT,Đại học Tôn Đức Thắng,FA7520216,Kỹ thuật điều khiển và tự động hóa - Chất lượng cao giảng dạy 100% tiếng Anh,A00 | A01,24,
DTT,Đại học Tôn Đức Thắng,F7520216,Kỹ thuật điều khiển và tự động hóa (Chất lượng cao),A00 | A01 | C01,26.7,
DTT,Đại học Tôn Đức Thắng,7520114,Kỹ thuật cơ điện tử,A00 | A01 | C01,31.3,
DTT,Đại học Tôn Đức Thắng,N7380101,Luật -Chương trình 02 năm đầu học tại Nha Trang,A00 | A01 | C00 | D01,22,
DTT,Đại học Tôn Đức Thắng,F7380101,Luật - Chất lượng cao giảng dạy bằng tiếng Anh - Việt,A00 | A01 | C01 | D01,31.1,
DTT,Đại học Tôn Đức Thắng,7480102,Mạng máy tính và truyền thông dữ liệu,A00 | A01 | D01,31.2,
DTT,Đại học Tôn Đức Thắng,F7340115,Marketing -Chất lượng cao giảng dạy bằng tiếng Anh - Việt,A00 | A01 | D01,31.3,
DTT,Đại học Tôn Đức Thắng,N7340115,Marketing -Chương trình 02 năm đầu học tại Nha Trang,A00 | A01 | D01,24,
DTT,Đại học Tôn Đức Thắng,7340115,Marketing,A00 | A01 | D01,34.25,
DTT,Đại học Tôn Đức Thắng,D7340115,Marketing- CT dự bị đh bằng tiếng anh,A01 | D01,28,
DTT,Đại học Tôn Đức Thắng,FA7340115,Marketing - Chất lượng cao giảng dạy 100% tiếng Anh,A01 | D01,28,
DTT,Đại học Tôn Đức Thắng,7520216,Ngành Kỹ thuật điều khiển & Tự động hóa,A00 | A01 | C01,31.85,
DTT,Đại học Tôn Đức Thắng,7340120,Ngành Kinh doanh quốc tế,A00 | A01 | D01,33.8,
DTT,Đại học Tôn Đức Thắng,7380101,Ngành Luật,A00 | A01 | C01 | D01,25,
DTT,Đại học Tôn Đức Thắng,7520207,Ngành Kỹ thuật điện tử truyền thông,A00 | A01 | C01,31.2,
DTT,Đại học Tôn Đức Thắng,N7220201,Ngôn ngữ Anh -Chương trình 02 năm đầu học tại Nha Trang,D01 | D11,24,
DTT,Đại học Tôn Đức Thắng,FA7220201,Ngôn ngữ Anh -Chất lượng cao giảng dạy 100% tiếng Anh,D01,25,
DTT,Đại học Tôn Đức Thắng,7220204,Ngôn ngữ Trung Quốc,D01 | D04 | D11 | D55,32.5,
DTT,Đại học Tôn Đức Thắng,F7220201,Ngôn ngữ Anh -Chất lượng cao giảng dạy bằng tiếng Anh - Việt,D01 | D11,30.3,
DTT,Đại học Tôn Đức Thắng,7220201,Ngôn ngữ Anh,D01 | D11,33.8,
DTT,Đại học Tôn Đức Thắng,K7340101N,Quản trị nhà hàng khách sạn (song bằng 2.5+1.5) -Chương trình liên kết Đại học Taylor’s-Malaysia; Chương trình liên kết (song bằng 2+2) Đại học Southern Cross-Úc,A01 | D01,28,
DTT,Đại học Tôn Đức Thắng,D7340101N,Quản trị kinh doanh- CT dự bị đh bằng tiếng anh,A01 | D01,27,
DTT,Đại học Tôn Đức Thắng,7340101N,Quản trị kinh doanh (Chuyên ngành Quản trị Nhà hàng - Khách sạn),A00 | A01 | D01,32,
DTT,Đại học Tôn Đức Thắng,7340408,Quan hệ lao động (CN Quản lý Quan hệ lao động. CN Hành vi tổ chức),A00 | A01 | C01 | D01,25,
DTT,Đại học Tôn Đức Thắng,7340101,Quản trị Kinh doanh,A00 | A01 | D01,33,Quản trị kinh doanh (Chuyên ngành Quản trị nguồn nhân lực)
DTT,Đại học Tôn Đức Thắng,F7340101N,Quản trị kinh doanh (Chuyên ngành: Quản trị nhà hàng - khách sạn) - Chất lượng cao giảng dạy bằng tiếng Anh - Việt,A00 | A01 | D01,27.8,
DTT,Đại học Tôn Đức Thắng,K7340101L,Quản trị kinh doanh (đơn bằng 3+1)- Chương trình liên kết Đại học Lunghwa (Đài Loan),A01 | D01,28,
DTT,Đại học Tôn Đức Thắng,DK7340101L,Quản trị kinh doanh (đơn bằng 3+1)- Chương trình dự bị liên kết Đại học Lunghwa (Đài Loan),A01 | D01,28,
DTT,Đại học Tôn Đức Thắng,N7340101N,Quản trị kinh doanh. Chuyên ngành: Quản trị nhà hàng - khách sạn -Chương trình 02 năm đầu học tại Nha Trang,A00 | A01 | D01,22,
DTT,Đại học Tôn Đức Thắng,FA7340101N,Quản trị kinh doanh (Chuyên ngành: Quản trị nhà hàng - khách sạn) - Chất lượng cao giảng dạy 100% tiếng Anh,A01 | D01,27,
DTT,Đại học Tôn Đức Thắng,7810301,Quản lý thể dục thể thao,A01 | D01 | T00 | T01,31.3,
DTT,Đại học Tôn Đức Thắng,7580302,Quản lý xây dựng,A00 | A01 | C01,23,
DTT,Đại học Tôn Đức Thắng,7810301G,Quản lý thể dục thể thao (ngành Golf),A01 | D01 | T00 | T01,22,
DTT,Đại học Tôn Đức Thắng,DK7340101N,"Quản trị nhà hàng khách sạn (song bằng, 2.5+1.5) - chương trình liên kết Đại học Taylor's (Malaysia)",A01 | D01,28,
DTT,Đại học Tôn Đức Thắng,F7340101,Quản trị kinh doanh (Chuyên ngành: Quản trị nguồn nhân lực) - Chất lượng cao giảng dạy bằng tiếng Anh - Việt,A00 | A01 | D01,30,
DTT,Đại học Tôn Đức Thắng,K7340101,Quản trị kinh doanh (song bằng 2+2) - Chương trình liên kết Đại học kinh tế Praha-Cộng hòa Séc; Đại học Saimaa-Phần Lan,A01 | D01,28,
DTT,Đại học Tôn Đức Thắng,DK7340101E,Quản trị kinh doanh toàn cầu (đơn bằng 2+2) - Chương trình dự bị liên kết Đại học Emlyon (Pháp),A01 | D01,28,
DTT,Đại học Tôn Đức Thắng,7580105,Quy hoạch vùng và đô thị,A00 | A01 | V00 | V01,23,
DTT,Đại học Tôn Đức Thắng,FA7340201,Tài chính ngân hàng - học bằng tiếng Anh,A01 | D01,26,
DTT,Đại học Tôn Đức Thắng,F7340201,Tài chính - Ngân hàng - Chất lượng cao giảng dạy bằng tiếng Anh - Việt,A00 | A01 | D01 | D07,28.7,
DTT,Đại học Tôn Đức Thắng,K7340201X,"Tài chính và kiểm soát (song bằng, 3+1) - Chương trình liên kết Đại học Khoa học ứng dụng Saxion (Hà Lan)",A01 | D01,26,
DTT,Đại học Tôn Đức Thắng,D7340201,Tài chính- Ngân hàng - Dự bị đh bằng tiếng anh,A01 | D01,26,
DTT,Đại học Tôn Đức Thắng,7340201,Tài chính – Ngân hàng,A00 | A01 | D01 | D07,33,
DTT,Đại học Tôn Đức Thắng,DK7340201X,"Tài chính và kiểm soát (song bằng, 3+1) - chương trình liên kết Đại học Khoa học ứng dụng Saxion (Hà Lan)",A01 | D01,26,
DTT,Đại học Tôn Đức Thắng,F7210403,Thiết kế đồ họa - Chất lượng cao giảng dạy bằng tiếng Anh - Việt,H00 | H01 | H02 | H03,31,
DTT,Đại học Tôn Đức Thắng,7210404,Thiết kế thời trang,H00 | H01 | H02 | H03,30.6,
DTT,Đại học Tôn Đức Thắng,N7210403,Thiết kế đồ họa phân hiệu Khánh Hòa,H00 | H01 | H02 | H03,24,
DTT,Đại học Tôn Đức Thắng,7210403,Thiết kế đồ họa,H00 | H01 | H02 | H03,31.5,
DTT,Đại học Tôn Đức Thắng,7580108,Thiết kế nội thất,H02 | H03 | V00 | V01,29.7,
DTT,Đại học Tôn Đức Thắng,7460201,Thống kê,A00 | A01,28.5,
DTT,Đại học Tôn Đức Thắng,F7310630Q,Việt Nam học (Chuyên ngành: Du lịch và Quản lý du lịch)- Chất lượng cao giảng dạy bằng tiếng Anh - Việt,D01 | D11,28.6,
DTT,Đại học Tôn Đức Thắng,7310630Q,Việt Nam học (Chuyên ngành Du lịch và Quản lý du lịch),A01 | C00 | C01 | D01,33.3,
DTT,Đại học Tôn Đức Thắng,D7310630Q,Việt Nam học- CT dự bị đại học bằng tiếng anh,A01 | D01,24,
DTT,Đại học Tôn Đức Thắng,FA7310630Q,Việt Nam học (Chuyên ngành Du lịch và Quản lý du lịch),A01 | D01,24,
DTT,Đại học Tôn Đức Thắng,N7310630,Việt Nam học (Chuyên ngành Du lịch và Lữ hành),A01 | C00 | C01 | D01,22,
DTT,Đại học Tôn Đức Thắng,7310630,Việt Nam học,A01 | C00 | C01 | D01,34.25,Việt Nam học (Chuyên ngành Du lịch và lữ hành)
DTT,Đại học Tôn Đức Thắng,7310301,Xã hội học,A01 | C00 | C01 | D01,32.3,
DVD,"Đại học Văn Hóa, Thể Thao Và Du Lịch Thanh Hóa",7760101,Công tác xã hội,C00 | C15 | C20 | D66,15,
DVD,"Đại học Văn Hóa, Thể Thao Và Du Lịch Thanh Hóa",7320106,Công nghệ truyền thông,A16 | C00 | C15 | D66,15,
DVD,"Đại học Văn Hóa, Thể Thao Và Du Lịch Thanh Hóa",7210104,Đồ hoạ,H00,15,
DVD,"Đại học Văn Hóa, Thể Thao Và Du Lịch Thanh Hóa",7810101,Du lịch,C00 | C20 | D66 | D78,15,
DVD,"Đại học Văn Hóa, Thể Thao Và Du Lịch Thanh Hóa",7140201,Giáo dục Mầm non,M01 | M02 | M03 | M07,27.43,
DVD,"Đại học Văn Hóa, Thể Thao Và Du Lịch Thanh Hóa",7140206,Giáo dục Thể chất,T00 | T03 | T05,26.5,
DVD,"Đại học Văn Hóa, Thể Thao Và Du Lịch Thanh Hóa",7140202,Giáo dục Tiểu học,A01 | C00 | D01 | M00,27,
DVD,"Đại học Văn Hóa, Thể Thao Và Du Lịch Thanh Hóa",7810302,Golf,T00 | T03 | T05,15,
DVD,"Đại học Văn Hóa, Thể Thao Và Du Lịch Thanh Hóa",7380101,Ngành Luật,C00 | C20 | D66 | D78,15,
DVD,"Đại học Văn Hóa, Thể Thao Và Du Lịch Thanh Hóa",7220201,Ngôn ngữ Anh,D01 | D14 | D15 | D66,15,
DVD,"Đại học Văn Hóa, Thể Thao Và Du Lịch Thanh Hóa",7810201,Quản trị khách sạn,C15 | C20 | D66 | D78,15,
DVD,"Đại học Văn Hóa, Thể Thao Và Du Lịch Thanh Hóa",7810103,Quản trị dịch vụ du lịch và lữ hành,C00 | C15 | C20 | D78,15,
DVD,"Đại học Văn Hóa, Thể Thao Và Du Lịch Thanh Hóa",7310205,Quản lý nhà nước,C00 | C15 | C20 | D66,15,
DVD,"Đại học Văn Hóa, Thể Thao Và Du Lịch Thanh Hóa",7229042,Quản lý văn hoá,C00 | C15 | C20 | D66,15,
DVD,"Đại học Văn Hóa, Thể Thao Và Du Lịch Thanh Hóa",7810301,Quản lý thể dục thể thao,T00 | T03 | T05,15,
DVD,"Đại học Văn Hóa, Thể Thao Và Du Lịch Thanh Hóa",7140210,Sư phạm Tin học (Chuyên ngành Tin học – Công nghệ Tiểu học),A00 | A16 | C15 | D01,24,
DVD,"Đại học Văn Hóa, Thể Thao Và Du Lịch Thanh Hóa",7210205,Thanh nhạc,N00,15,
DVD,"Đại học Văn Hóa, Thể Thao Và Du Lịch Thanh Hóa",7210404,Thiết kế thời trang,H00,15,
DVD,"Đại học Văn Hóa, Thể Thao Và Du Lịch Thanh Hóa",7320201,Thông tin - thư viện,C00 | C20 | D66 | D78,15,
DCT,Đại học Công nghiệp Thực phẩm TP HCM,7480202,An toàn thông tin,A00 | A01 | D01 | D07,20,
DCT,Đại học Công nghiệp Thực phẩm TP HCM,7510301,"Công nghệ kỹ thuật điện, điện tử",A00 | A01 | D01 | D07,18,
DCT,Đại học Công nghiệp Thực phẩm TP HCM,7480201,Công nghệ thông tin,A00 | A01 | D01 | D07,23,
DCT,Đại học Công nghiệp Thực phẩm TP HCM,7540105,Công nghệ chế biến thủy sản,A00 | A01 | B00 | D07,17,
DCT,Đại học Công nghiệp Thực phẩm TP HCM,7510203,Công nghệ kỹ thuật cơ điện tử,A00 | A01 | D01 | D07,18.5,
DCT,Đại học Công nghiệp Thực phẩm TP HCM,7540204,Công nghệ may,A00 | A01 | D01 | D07,17,
DCT,Đại học Công nghiệp Thực phẩm TP HCM,7420201,Công nghệ sinh học,A00 | A01 | B00 | D07,17.75,
DCT,Đại học Công nghiệp Thực phẩm TP HCM,7340205,Công nghệ tài chính,A00 | A01 | D01 | D07,20.75,
DCT,Đại học Công nghiệp Thực phẩm TP HCM,7510406,Công nghệ kỹ thuật Môi trường,A00 | A01 | B00 | D07,17,
DCT,Đại học Công nghiệp Thực phẩm TP HCM,7510303,Công nghệ kỹ thuật điều khiển và tự động hóa,A00 | A01 | D01 | D07,18.75,
DCT,Đại học Công nghiệp Thực phẩm TP HCM,7510401,Công nghệ kỹ thuật hoá học,A00 | A01 | B00 | D07,17,
DCT,Đại học Công nghiệp Thực phẩm TP HCM,7510202,Công nghệ chế tạo máy,A00 | A01 | D01 | D07,18,
DCT,Đại học Công nghiệp Thực phẩm TP HCM,7540101,Công nghệ thực phẩm,A00 | A01 | B00 | D07,23,
DCT,Đại học Công nghiệp Thực phẩm TP HCM,7540110,Đảm bảo Chất lượng và ATTP,A00 | A01 | B00 | D07,18,
DCT,Đại học Công nghiệp Thực phẩm TP HCM,7340301,Kế toán,A00 | A01 | D01 | D10,22.5,
DCT,Đại học Công nghiệp Thực phẩm TP HCM,7819009,Khoa học dinh dưỡng và ẩm thực,A00 | A01 | B00 | D07,17,
DCT,Đại học Công nghiệp Thực phẩm TP HCM,7460108,Khoa học dữ liệu (Data Science),A00 | A01 | D01 | D07,20,
DCT,Đại học Công nghiệp Thực phẩm TP HCM,7819010,Khoa học chế biến món ăn,A00 | A01 | B00 | D07,17.5,
DCT,Đại học Công nghiệp Thực phẩm TP HCM,7340123,Kinh doanh thời trang và Dệt may,A00 | A01 | D01 | D10,18,
DCT,Đại học Công nghiệp Thực phẩm TP HCM,7520115,"Kỹ thuật nhiệt (3 chuyên ngành: Kỹ thuật điện lạnh; Máy lạnh, điều hòa không khí và thông gió; Máy lạnh và thiết bị thực phẩm)",A00 | A01 | D01 | D07,17.5,
DCT,Đại học Công nghiệp Thực phẩm TP HCM,7510605,Logistics và Quản lý chuỗi cung ứng,A00 | A01 | D01 | D10,23.75,
DCT,Đại học Công nghiệp Thực phẩm TP HCM,7380107,Luật kinh tế,A00 | A01 | D01 | D15,22.75,
DCT,Đại học Công nghiệp Thực phẩm TP HCM,7340115,Marketing,A00 | A01 | D01 | D10,24.5,
DCT,Đại học Công nghiệp Thực phẩm TP HCM,7340120,Ngành Kinh doanh quốc tế,A00 | A01 | D01 | D10,23.25,
DCT,Đại học Công nghiệp Thực phẩm TP HCM,7220201,Ngôn ngữ Anh,A00 | D01 | D09 | D10,23,
DCT,Đại học Công nghiệp Thực phẩm TP HCM,7220204,Ngôn ngữ Trung Quốc,A01 | D01 | D09 | D10,23.25,
DCT,Đại học Công nghiệp Thực phẩm TP HCM,7810202,Quản trị nhà hàng và dịch vụ ăn uống,A00 | A01 | D01 | D15,21,
DCT,Đại học Công nghiệp Thực phẩm TP HCM,7810103,Quản trị dịch vụ du lịch và lữ hành,A00 | A01 | D01 | D15,21,
DCT,Đại học Công nghiệp Thực phẩm TP HCM,7810201,Quản trị khách sạn,A00 | A01 | D01 | D15,21,
DCT,Đại học Công nghiệp Thực phẩm TP HCM,7340101,Quản trị Kinh doanh,A00 | A01 | D01 | D10,23,
DCT,Đại học Công nghiệp Thực phẩm TP HCM,7340129,Quản trị kinh doanh thực phẩm,A00 | A01 | D01 | D10,20,
DCT,Đại học Công nghiệp Thực phẩm TP HCM,7850101,Quản lý tài nguyên và môi trường,A00 | A01 | B00 | D07,17,
DCT,Đại học Công nghiệp Thực phẩm TP HCM,7340201,Tài chính – Ngân hàng,A00 | A01 | D01 | D10,23,
DCT,Đại học Công nghiệp Thực phẩm TP HCM,7340122,Thương mại điện tử,A00 | A01 | D01 | D10,23.75,
SKH,Đại học Sư phạm Kỹ thuật Hưng Yên,7510401,Công nghệ kỹ thuật hoá học,A00 | A02 | B00 | D07,15,
SKH,Đại học Sư phạm Kỹ thuật Hưng Yên,7510301,"Công nghệ kỹ thuật điện, điện tử",A00 | A01 | D01 | D07,16,
SKH,Đại học Sư phạm Kỹ thuật Hưng Yên,7510210,Công thôn,A00 | A01 | D01 | D07,15,
SKH,Đại học Sư phạm Kỹ thuật Hưng Yên,7510205,Công nghệ kỹ thuật ô tô,A00 | A01 | D01 | D07,17,
SKH,Đại học Sư phạm Kỹ thuật Hưng Yên,7540209,Công nghệ may,A00 | A01 | D01 | D07,15,
SKH,Đại học Sư phạm Kỹ thuật Hưng Yên,7510202,Công nghệ chế tạo máy,A00 | A01 | D01 | D07,15.5,
SKH,Đại học Sư phạm Kỹ thuật Hưng Yên,7480201,Công nghệ thông tin,A00 | A01 | D01 | D07,17,
SKH,Đại học Sư phạm Kỹ thuật Hưng Yên,7540103,Công nghệ thực phẩm,A00 | A02 | B00 | D07 | D08,15,
SKH,Đại học Sư phạm Kỹ thuật Hưng Yên,7510303,Công nghệ kỹ thuật điều khiển và tự động hóa,A00 | A01 | D01 | D07,16.5,
SKH,Đại học Sư phạm Kỹ thuật Hưng Yên,7510201,Công nghệ kỹ thuật cơ khí (chuyên ngành Cơ khí chế tạo),A00 | A01 | D01 | D07,15.5,
SKH,Đại học Sư phạm Kỹ thuật Hưng Yên,7510203,Công nghệ kỹ thuật cơ điện tử,A00 | A01 | D01 | D07,16,
SKH,Đại học Sư phạm Kỹ thuật Hưng Yên,7340301,Kế toán,A00 | A01 | D01 | D07,16,
SKH,Đại học Sư phạm Kỹ thuật Hưng Yên,7480101,Khoa học máy tính,A00 | A01 | D01 | D07,17,
SKH,Đại học Sư phạm Kỹ thuật Hưng Yên,7310101,Kinh tế,A00 | A01 | D01 | D07,15,
SKH,Đại học Sư phạm Kỹ thuật Hưng Yên,7340123,Kinh doanh thời trang và Dệt may,A00 | A01 | D01 | D07,15,
SKH,Đại học Sư phạm Kỹ thuật Hưng Yên,7480103,Kỹ thuật phần mềm,A00 | A01 | D01 | D07,17,
SKH,Đại học Sư phạm Kỹ thuật Hưng Yên,7520118,Kỹ thuật hệ thống công nghiệp,A00 | A01 | D01 | D07,15.5,
SKH,Đại học Sư phạm Kỹ thuật Hưng Yên,7520118,Kỹ thuật hệ thống công nghiệp,A00 | A01 | D01 | D07,15,
SKH,Đại học Sư phạm Kỹ thuật Hưng Yên,7220204,Ngôn ngữ Trung Quốc,A01 | D01 | D09 | D10,22,
SKH,Đại học Sư phạm Kỹ thuật Hưng Yên,7220201,Ngôn ngữ Anh,A01 | D01 | D09 | D10,15.5,
SKH,Đại học Sư phạm Kỹ thuật Hưng Yên,7220201,Ngôn ngữ Anh,A01 | D01 | D09 | D10,15,
SKH,Đại học Sư phạm Kỹ thuật Hưng Yên,7340101,Quản trị Kinh doanh,A00 | A01 | D01 | D07,16,
SKH,Đại học Sư phạm Kỹ thuật Hưng Yên,7140246,Sư phạm công nghệ,A00 | A01 | D01 | D07,19,
SKH,Đại học Sư phạm Kỹ thuật Hưng Yên,7140231,Sư phạm Tiếng Anh,A01 | D01 | D09 | D10,24.75,
DMT,Đại học Tài nguyên và Môi trường Hà Nội,7340116,Bất động sản,A00 | A01 | A07 | D01,24.75,
DMT,Đại học Tài nguyên và Môi trường Hà Nội,7440298,Biến đổi khí hậu và phát triển bền vững,A00 | C00 | D01 | D15,15,
DMT,Đại học Tài nguyên và Môi trường Hà Nội,7480201,Công nghệ thông tin,A00 | A01 | B00 | D01,22.75,
DMT,Đại học Tài nguyên và Môi trường Hà Nội,7510406,Công nghệ kỹ thuật Môi trường,A00 | A01 | B00 | D01,15,
DMT,Đại học Tài nguyên và Môi trường Hà Nội,7540106,Đảm bảo chất lượng và an toàn thực phẩm,A00 | B00 | D01 | D07,15,
DMT,Đại học Tài nguyên và Môi trường Hà Nội,7340301,Kế toán,A00 | A01 | A07 | D01,24.25,
DMT,Đại học Tài nguyên và Môi trường Hà Nội,7440222,Khí tượng và Khí hậu học,A00 | A01 | B00 | D01,15,
DMT,Đại học Tài nguyên và Môi trường Hà Nội,7850102,Kinh tế tài nguyên thiên nhiên,A00 | A01 | A07 | D01,15,
DMT,Đại học Tài nguyên và Môi trường Hà Nội,7520501,Kỹ thuật địa chất,A00 | A01 | D01 | D15,15,
DMT,Đại học Tài nguyên và Môi trường Hà Nội,7520503,Kỹ thuật trắc địa – bản đồ,A00 | A01 | D01 | D15,15,
DMT,Đại học Tài nguyên và Môi trường Hà Nội,7510605,Logistics và Quản lý chuỗi cung ứng,A00 | A01 | C00 | D01,26.25,
DMT,Đại học Tài nguyên và Môi trường Hà Nội,7340115,Marketing,A00 | A01 | A07 | D01,26.5,
DMT,Đại học Tài nguyên và Môi trường Hà Nội,7380101,Ngành Luật,A00 | A01 | C00 | D01,25.45,
DMT,Đại học Tài nguyên và Môi trường Hà Nội,7220201,Ngôn ngữ Anh,A01 | D01 | D15,24,
DMT,Đại học Tài nguyên và Môi trường Hà Nội,7850103,Quản lý đất đai,A00 | B00 | C00 | D01,22.5,
DMT,Đại học Tài nguyên và Môi trường Hà Nội,7850199,Quản lý biển,A00 | A01 | B00 | D01,15,
DMT,Đại học Tài nguyên và Môi trường Hà Nội,7810103,Quản trị dịch vụ du lịch và lữ hành,A00 | A01 | C00 | D01,26,
DMT,Đại học Tài nguyên và Môi trường Hà Nội,7850101,Quản lý tài nguyên và môi trường,A00 | B00 | D01 | D15,15,
DMT,Đại học Tài nguyên và Môi trường Hà Nội,7340101,Quản trị Kinh doanh,A00 | A01 | A07 | D01,25.75,
DMT,Đại học Tài nguyên và Môi trường Hà Nội,7850198,Quản lý tài nguyên nước,A00 | A01 | B00 | D01,15,
DMT,Đại học Tài nguyên và Môi trường Hà Nội,7810201,Quản trị khách sạn,A00 | A01 | C00 | D01,25.45,
DMT,Đại học Tài nguyên và Môi trường Hà Nội,7420203,Sinh học ứng dụng,A01 | B00 | D01 | D08,15,
DMT,Đại học Tài nguyên và Môi trường Hà Nội,7440224,Thủy văn học,A00 | A01 | B00 | D01,15,
DCH,Trường Sĩ Quan Đặc Công,7860207|22A00,Ngành Chỉ huy tham mưu Đặc công (Thí sinh Nam miền Nam),A00,22.2,
DCH,Trường Sĩ Quan Đặc Công,7860207|21A01,Ngành Chỉ huy tham mưu Đặc công (Thí sinh Nam miền Bắc),A01,22.45,
DCH,Trường Sĩ Quan Đặc Công,7860207|22A01,Ngành Chỉ huy tham mưu Đặc công (Thí sinh Nam miền Nam),A01,22.2,
DCH,Trường Sĩ Quan Đặc Công,7860207|21A00,Ngành Chỉ huy tham mưu Đặc công (Thí sinh Nam miền Bắc),A00,22.45,
XDA,Đại học Xây dựng Hà Nội,7580302_03,Chuyên ngành quản lý hạ tầng đất đai đô thi,A00 | A01 | D01 | D07,22.5,
XDA,Đại học Xây dựng Hà Nội,7520103_04,Chuyên ngành kỹ thuật oto,A00 | A01 | D07,24.35,
XDA,Đại học Xây dựng Hà Nội,7480201_01,Công nghệ phần mềm,A00 | A01 | D01 | D07,24,
XDA,Đại học Xây dựng Hà Nội,7480201,Công nghệ thông tin,A00 | A01 | D01 | D07,24.75,
XDA,Đại học Xây dựng Hà Nội,7510105,Công nghệ kỹ thuật vật liệu xây dựng,A00 | A01 | B00 | D07,19.75,
XDA,Đại học Xây dựng Hà Nội,7480101_QT,Khoa học máy tính (LK với ĐH Frostburg ),A00 | A01 | D01 | D07,22,
XDA,Đại học Xây dựng Hà Nội,7480101,Khoa học máy tính,A00 | A01 | D01 | D07,24.6,
XDA,Đại học Xây dựng Hà Nội,7580102,Kiến trúc cảnh quan,V00 | V02 | V06,21.2,
XDA,Đại học Xây dựng Hà Nội,7580101_02,Kiến trúc (chuyên ngành: Kiến trúc công nghệ),V00 | V02,21.3,
XDA,Đại học Xây dựng Hà Nội,7580101,Kiến trúc,V00 | V02 | V10,21.9,
XDA,Đại học Xây dựng Hà Nội,7580103,Kiến trúc nội thất (Hệ 5 năm; tốt nghiệp cấp bằng kiến trúc sư),V00 | V02,21.5,
XDA,Đại học Xây dựng Hà Nội,7580301,Kinh tế xây dựng,A00 | A01 | D01 | D07,23.9,
XDA,Đại học Xây dựng Hà Nội,7580201_05,Kỹ thuật công trình xây dựng (chuyên ngành: Tin học xây dựng),A00 | A01 | D01 | D07,17,
XDA,Đại học Xây dựng Hà Nội,7580213_01,Kỹ thuật Cấp thoát nước (chuyên ngành: Cấp thoát nước - Môi trường nước),A00 | A01 | B00 | D07,17,
XDA,Đại học Xây dựng Hà Nội,7580201_04,Kỹ thuật xây dựng,A00 | A01 | D01 | D07,17,
XDA,Đại học Xây dựng Hà Nội,7520201,Kỹ thuật điện,A00 | A01 | D07,23.8,
XDA,Đại học Xây dựng Hà Nội,7520103_03,Kỹ thuật cơ khí (chuyên ngành: Kỹ thuật cơ điện),A00 | A01 | D07,23.95,
XDA,Đại học Xây dựng Hà Nội,7580201,Kỹ thuật xây dựng,A00 | A01 | D01 | D07,21.9,
XDA,Đại học Xây dựng Hà Nội,7520309,Kỹ thuật vật liệu,A00 | A01 | B00 | D07,21.2,
XDA,Đại học Xây dựng Hà Nội,7520103,Kỹ thuật cơ khí,A00 | A01 | D07,24,
XDA,Đại học Xây dựng Hà Nội,7580201_02,Kỹ thuật công trình xây dựng (chuyên ngành: Hệ thống kỹ thuật trong công trình),A00 | A01 | D07,22.3,
XDA,Đại học Xây dựng Hà Nội,7580205_01,Kỹ thuật xây dựng công trình Giao thông (Chuyên ngành: Xây dựng Cầu đường),A00 | A01 | D01 | D07,21.45,
XDA,Đại học Xây dựng Hà Nội,7580201_01,Kỹ thuật công trình xây dựng (chuyên ngành: Xây dựng Dân dụng và Công nghiệp),A00 | A01 | D07 | D24 | D29,22.5,
XDA,Đại học Xây dựng Hà Nội,7580201_CLC,Kỹ thuật xây dựng (Chương trình đào tạo Kỹ sư Việt - Pháp PFIEV),A00 | A01 | D01 | D07,20,
XDA,Đại học Xây dựng Hà Nội,7520103_01,Kỹ thuật cơ khí (chuyên ngành: Máy xây dựng),A00 | A01 | D07,20.75,
XDA,Đại học Xây dựng Hà Nội,7580201_03,Kỹ thuật xây dựng (chuyên ngành: Tin học xây dựng),A00 | A01 | D01 | D07,23.2,
XDA,Đại học Xây dựng Hà Nội,7510605,Logistics và Quản lý chuỗi cung ứng,A00 | A01 | D01 | D07,24.8,
XDA,Đại học Xây dựng Hà Nội,7510605_01,Logistics và quản lý chuỗi cung ứng,A00 | A01 | D01 | D07,23.9,
XDA,Đại học Xây dựng Hà Nội,7210110,Mỹ thuật đô thị,H01 | H06 | V00 | V02,18.01,
XDA,Đại học Xây dựng Hà Nội,7580201_QT,Ngành kỹ thuật xây dựng liên kết với Mississippi,A00 | A01 | D01 | D07,20,
XDA,Đại học Xây dựng Hà Nội,7520320,Ngành Kỹ thuật môi trường,A00 | A01 | B00 | D07,17,
XDA,Đại học Xây dựng Hà Nội,7340409,Quản lý dự án,A00 | A01 | D01 | D07,21,
XDA,Đại học Xây dựng Hà Nội,7580302_02,Quản lý xây dựng (chuyên ngành:Kinh tế và Quản lý Bất động sản).,A00 | A01 | D01 | D07,23.25,
XDA,Đại học Xây dựng Hà Nội,7580302_01,Quản lý xây dựng (chuyên ngành: Kinh tế và Quản lý đô thị).,A00 | A01 | D01 | D07,23.45,
XDA,Đại học Xây dựng Hà Nội,7580302_04,Quản lý xây dựng/ Kiểm toán đầu tư xây dựng,A00 | A01 | D01 | D07,22.9,
XDA,Đại học Xây dựng Hà Nội,7580105,Quy hoạch vùng và đô thị,V00 | V01 | V02,21.1,
TKG,Đại học Kiên Giang,7620105,Chăn nuôi,A00,15,
TKG,Đại học Kiên Giang,7480201,Công nghệ thông tin,A00,16.5,
TKG,Đại học Kiên Giang,7510205,Công nghệ kỹ thuật ô tô,A00,17,
TKG,Đại học Kiên Giang,7540101,Công nghệ thực phẩm,A00,18,
TKG,Đại học Kiên Giang,7420201,Công nghệ sinh học,B04,15,
TKG,Đại học Kiên Giang,7510103,Công nghệ kỹ thuật xây dựng (chuyên ngành Xây dựng dân dụng & Công nghiệp),A00,16,
TKG,Đại học Kiên Giang,7510406,Công nghệ kỹ thuật Môi trường,C04,15,
TKG,Đại học Kiên Giang,7620301,ĐH Nuôi trồng thủy sản,A00,15,
TKG,Đại học Kiên Giang,7810101,Du lịch,D01,17,
TKG,Đại học Kiên Giang,7140201,Giáo dục Mầm non,C00,24.49,
TKG,Đại học Kiên Giang,7140202,Giáo dục Tiểu học,A00,27.39,
TKG,Đại học Kiên Giang,7340301,Kế toán,A00,17,
TKG,Đại học Kiên Giang,7620110,Khoa học cây trồng,A00,15,
TKG,Đại học Kiên Giang,7620114,Kinh doanh nông nghiệp,A00,15,
TKG,Đại học Kiên Giang,7380101,Ngành Luật,A00,16,
TKG,Đại học Kiên Giang,7520216,Ngành Kỹ thuật điều khiển & Tự động hóa,A00,17,
TKG,Đại học Kiên Giang,7340120,Ngành Kinh doanh quốc tế,A00,17,
TKG,Đại học Kiên Giang,7220201,Ngôn ngữ Anh,D01,16.6,
TKG,Đại học Kiên Giang,7850101,Quản lý tài nguyên và môi trường,D15,17,
TKG,Đại học Kiên Giang,7340101,Quản trị Kinh doanh,A00,16.5,
TKG,Đại học Kiên Giang,7140209,Sư phạm Toán học,A00,28.16,
TKG,Đại học Kiên Giang,7340201,Tài chính – Ngân hàng,A00,17,
TKG,Đại học Kiên Giang,7340122,Thương mại điện tử,A00,17,
TKG,Đại học Kiên Giang,7220101,Tiếng Việt & Văn hóa Việt Nam,D01,17,
TKG,Đại học Kiên Giang,7320104,Truyền thông đa phương tiện,A00,18,
HEH,Học viện Hậu Cần - Hệ Quân sự,7860218|21A01,Hậu cần quân sự (Nam - Phía Bắc),A01,26.22,
HEH,Học viện Hậu Cần - Hệ Quân sự,7860218|12A01,Hậu cần quân sự (Nữ - Phía Bắc),A01,26.62,
HEH,Học viện Hậu Cần - Hệ Quân sự,7860218|21A00,Hậu cần quân sự (Nam - Phía Bắc),A00,26.22,
HEH,Học viện Hậu Cần - Hệ Quân sự,7860218|22A01,Hậu cần quân sự (Nam - Phía Nam),A01,25.29,
HEH,Học viện Hậu Cần - Hệ Quân sự,7860218|22A00,Hậu cần quân sự (Nam - Phía Nam),A00,25.29,
HEH,Học viện Hậu Cần - Hệ Quân sự,7860218|12A00,Hậu cần quân sự (Nữ - Phía Nam),A00,26.62,
HEH,Học viện Hậu Cần - Hệ Quân sự,7860218|11A00,Thí sinh Nữ miền Bắc,A00,27.28,
HEH,Học viện Hậu Cần - Hệ Quân sự,7860218|11A01,Thí sinh Nữ miền Bắc,A01,27.28,
BVH,Học viện Công nghệ Bưu chính Viễn thông (phía Bắc),7480202,An toàn thông tin,A00 | A01,25.85,
BVH,Học viện Công nghệ Bưu chính Viễn thông (phía Bắc),7320101,Báo chí,A00 | A01 | D01,25.29,
BVH,Học viện Công nghệ Bưu chính Viễn thông (phía Bắc),7480201_CLC,Công nghệ thông tin (Chất lượng cao): Chương trình đào tạo đạt chuẩn kiểm định quốc tế AUN-QA,A00 | A01,25.43,
BVH,Học viện Công nghệ Bưu chính Viễn thông (phía Bắc),7340205,Công nghệ tài chính,A00 | A01 | D01,25.61,
BVH,Học viện Công nghệ Bưu chính Viễn thông (phía Bắc),7329001,Công nghệ đa phương tiện,A00 | A01 | D01,25.75,
BVH,Học viện Công nghệ Bưu chính Viễn thông (phía Bắc),7480201_VNH,Công nghệ thông tin Việt - Nhật,A00 | A01,24.25,
BVH,Học viện Công nghệ Bưu chính Viễn thông (phía Bắc),7480201,Công nghệ thông tin,A00 | A01,26.4,
BVH,Học viện Công nghệ Bưu chính Viễn thông (phía Bắc),7510301,"Công nghệ kỹ thuật điện, điện tử",A00 | A01,25.46,
BVH,Học viện Công nghệ Bưu chính Viễn thông (phía Bắc),7480201_UDU,Cử nhân công nghệ thông tin (định hướng ứng dụng),A00 | A01,24.87,
BVH,Học viện Công nghệ Bưu chính Viễn thông (phía Bắc),7340301,Kế toán,A00 | A01 | D01,25.29,
BVH,Học viện Công nghệ Bưu chính Viễn thông (phía Bắc),7340301_CLC,Kế toán chất lượng cao,A00 | A01 | D01,22.5,
BVH,Học viện Công nghệ Bưu chính Viễn thông (phía Bắc),7480101,Khoa học máy tính,A00 | A01,26.31,
BVH,Học viện Công nghệ Bưu chính Viễn thông (phía Bắc),7480102,Mạng máy tính và truyền thông dữ liệu,A00 | A01,25.59,
BVH,Học viện Công nghệ Bưu chính Viễn thông (phía Bắc),7340115,Marketing,A00 | A01 | D01,25.85,
BVH,Học viện Công nghệ Bưu chính Viễn thông (phía Bắc),7340115_CLC,Marketing CLC,A00 | A01 | D01,24.25,
BVH,Học viện Công nghệ Bưu chính Viễn thông (phía Bắc),7520216,Ngành Kỹ thuật điều khiển & Tự động hóa,A00 | A01,26.08,
BVH,Học viện Công nghệ Bưu chính Viễn thông (phía Bắc),7520207,Ngành Kỹ thuật điện tử truyền thông,A00 | A01,25.75,
BVH,Học viện Công nghệ Bưu chính Viễn thông (phía Bắc),7340101,Quản trị Kinh doanh,A00 | A01 | D01,25.17,
BVH,Học viện Công nghệ Bưu chính Viễn thông (phía Bắc),7340115_QHC,Quan hệ công chúng ngành Marketing,A00 | A01,25.15,
BVH,Học viện Công nghệ Bưu chính Viễn thông (phía Bắc),7329001_GAM,Thiết kế và phát triển Game (Công nghệ Đa phương tiện),A00 | A01 | D01,24.97,
BVH,Học viện Công nghệ Bưu chính Viễn thông (phía Bắc),7340122,Thương mại điện tử,A00 | A01 | D01,26.09,
BVH,Học viện Công nghệ Bưu chính Viễn thông (phía Bắc),7320104,Truyền thông đa phương tiện,A00 | A01 | D01,25.94,
VGU,Đại học Việt Đức,7510104,Công nghệ kỹ thuật giao thông (chuyên ngành Xây dựng cầu đường),A00 | A01 | D07 | D26,19,
VGU,Đại học Việt Đức,7520208,Công nghệ Internet vạn vật,A00 | A01 | D07 | D26,20,
VGU,Đại học Việt Đức,7510206,Công nghệ kỹ thuật nhiệt,A00 | A01 | B00 | D07,19,
VGU,Đại học Việt Đức,7480101,Khoa học máy tính,A00 | A01 | D07 | D26,22,
VGU,Đại học Việt Đức,7580101,Kiến trúc,A00 | A01 | D26 | V00,20,
VGU,Đại học Việt Đức,7520103,Kỹ thuật cơ khí,A00 | A01 | D07 | D26,20,
VGU,Đại học Việt Đức,7580201,Kỹ thuật xây dựng,A00 | A01 | D07 | D26,18,
VGU,Đại học Việt Đức,7340101,Quản trị Kinh doanh,A00 | A01 | D01 | D03 | D05 | D07,20,
VGU,Đại học Việt Đức,7340202,Tài chính và Kế toán (FA),A00 | A01 | D01 | D03 | D05 | D07,20,
DDK,Đại học Bách Khoa - Đại học Đà Nẵng,PFIEV,Chương trình tiên tiến ngành Hệ thống nhúng,A00 | A01,22.35,
DDK,Đại học Bách Khoa - Đại học Đà Nẵng,7520207VM,Chương trình Tiên tiến Việt - Mỹ Kỹ thuật điện tử viễn thông,A00 | A01,23,
DDK,Đại học Bách Khoa - Đại học Đà Nẵng,7480118VM,Chương trình Tiên tiến Việt - Mỹ Hệ thống nhúng và IoT,A00 | A01,23.8,
DDK,Đại học Bách Khoa - Đại học Đà Nẵng,7540101,Công nghệ thực phẩm,A00 | B00 | D07,22.4,
DDK,Đại học Bách Khoa - Đại học Đà Nẵng,7510105,Công nghệ kỹ thuật vật liệu xây dựng,A00 | A01,17.25,
DDK,Đại học Bách Khoa - Đại học Đà Nẵng,7480201,Công nghệ thông tin,A00 | A01,26.1,
DDK,Đại học Bách Khoa - Đại học Đà Nẵng,7480201B,Công nghệ thông tin,A00 | A01,27.11,chuyên ngành Khoa học dữ liệu và Trí tuệ nhân tạo
DDK,Đại học Bách Khoa - Đại học Đà Nẵng,7420201,Công nghệ sinh học,A00 | B00 | D07,23.1,
DDK,Đại học Bách Khoa - Đại học Đà Nẵng,7480201A,Công nghệ thông tin,A00 | A01 | D28,25.55,Song ngữ Việt - Nhật
DDK,Đại học Bách Khoa - Đại học Đà Nẵng,7510202,Công nghệ chế tạo máy,A00 | A01,23.85,
DDK,Đại học Bách Khoa - Đại học Đà Nẵng,7510701,Công nghệ dầu khí và khai thác dầu,A00 | A01,22.8,
DDK,Đại học Bách Khoa - Đại học Đà Nẵng,7420201A,Công nghệ sinh học (chất lượng cao),A00 | B00 | D07,23.5,
DDK,Đại học Bách Khoa - Đại học Đà Nẵng,7520207A,"Kĩ thuật điện tử, truyền thông",A00 | A01,26.31,chuyên ngành thiết kế vi mạch
DDK,Đại học Bách Khoa - Đại học Đà Nẵng,7580101,Kiến trúc,V00 | V01 | V02,22.1,
DDK,Đại học Bách Khoa - Đại học Đà Nẵng,7580301,Kinh tế xây dựng,A00 | A01,21.6,
DDK,Đại học Bách Khoa - Đại học Đà Nẵng,7580201A,KT xây dựng – c.ngành XD dân dụng & công nghiệp,A00 | A01,17.05,
DDK,Đại học Bách Khoa - Đại học Đà Nẵng,7580205,Kỹ thuật xây dựng công trình giao thông,A00 | A01,18.35,
DDK,Đại học Bách Khoa - Đại học Đà Nẵng,7580201,Kỹ thuật xây dựng,A00 | A01,18.5,
DDK,Đại học Bách Khoa - Đại học Đà Nẵng,7520103B,Kỹ thuật cơ khí (chuyên ngành Kỹ thuật cơ khí động lực),A00 | A01,24.85,Cơ khí hàng không
DDK,Đại học Bách Khoa - Đại học Đà Nẵng,7580202,Kỹ thuật xây dựng công trình thủy,A00 | A01,17.65,
DDK,Đại học Bách Khoa - Đại học Đà Nẵng,7520201,Kỹ thuật điện,A00 | A01,24.25,
DDK,Đại học Bách Khoa - Đại học Đà Nẵng,7480106,Kỹ thuật máy tính,A00 | A01,25.82,
DDK,Đại học Bách Khoa - Đại học Đà Nẵng,7520103A,Kỹ thuật cơ khí (chuyên ngành Kỹ thuật cơ khí),A00 | A01,24.1,
DDK,Đại học Bách Khoa - Đại học Đà Nẵng,7520115,"Kỹ thuật nhiệt (3 chuyên ngành: Kỹ thuật điện lạnh; Máy lạnh, điều hòa không khí và thông gió; Máy lạnh và thiết bị thực phẩm)",A00 | A01,22.25,
DDK,Đại học Bách Khoa - Đại học Đà Nẵng,7580210,Kỹ thuật cơ sở hạ tầng,A00 | A01,17.95,
DDK,Đại học Bách Khoa - Đại học Đà Nẵng,7520114,Kỹ thuật cơ điện tử,A00 | A01,25.35,
DDK,Đại học Bách Khoa - Đại học Đà Nẵng,7520301,Kỹ thuật hóa học,A00 | A01,23.05,
DDK,Đại học Bách Khoa - Đại học Đà Nẵng,7520130,Kỹ thuật ô tô,A00 | A01,25.36,
DDK,Đại học Bách Khoa - Đại học Đà Nẵng,7520118,Kỹ thuật hệ thống công nghiệp,A00 | A01,20,
DDK,Đại học Bách Khoa - Đại học Đà Nẵng,7580201C,Kỹ thuật xây dựng (Chương trình chất lượng cao),A00 | A01,17.2,
DDK,Đại học Bách Khoa - Đại học Đà Nẵng,7580201B,Kỹ thuật xây dựng - chuyên ngành Tin học xây dựng,A00 | A01,17.05,
DDK,Đại học Bách Khoa - Đại học Đà Nẵng,7520207,Ngành Kỹ thuật điện tử truyền thông,A00 | A01,25.14,Điện tử - viễn thông
DDK,Đại học Bách Khoa - Đại học Đà Nẵng,7520320,Ngành Kỹ thuật môi trường,A00 | B00 | D07,18,
DDK,Đại học Bách Khoa - Đại học Đà Nẵng,7520216,Ngành Kỹ thuật điều khiển & Tự động hóa,A00 | A01,26,
DDK,Đại học Bách Khoa - Đại học Đà Nẵng,7520122,Ngành Kỹ thuật tàu thủy,A00 | A01,20.15,
DDK,Đại học Bách Khoa - Đại học Đà Nẵng,7510601,Quản lý công nghiệp,A00 | A01,23.25,
DDK,Đại học Bách Khoa - Đại học Đà Nẵng,7850101,Quản lý tài nguyên và môi trường,A00 | B00 | D07,18.45,
XDT,Đại học Xây dựng Miền Trung,7510205,Công nghệ kỹ thuật ô tô,A00,15,
XDT,Đại học Xây dựng Miền Trung,7480201,Công nghệ thông tin,A00,15,
XDT,Đại học Xây dựng Miền Trung,7340301,Kế toán,A00,15,
XDT,Đại học Xây dựng Miền Trung,7580103,Kiến trúc nội thất (Hệ 5 năm; tốt nghiệp cấp bằng kiến trúc sư),A01,15,
XDT,Đại học Xây dựng Miền Trung,7580101,Kiến trúc,A01,15,
XDT,Đại học Xây dựng Miền Trung,7580301,Kinh tế xây dựng,A00,15,
XDT,Đại học Xây dựng Miền Trung,7580205,Kỹ thuật xây dựng công trình giao thông,A00,15,
XDT,Đại học Xây dựng Miền Trung,7580201,Kỹ thuật xây dựng,A00,15,
XDT,Đại học Xây dựng Miền Trung,7580213,Kỹ thuật cấp thoát nước,A00,15,
XDT,Đại học Xây dựng Miền Trung,7510605,Logistics và Quản lý chuỗi cung ứng,A00,15,
XDT,Đại học Xây dựng Miền Trung,7520216,Ngành Kỹ thuật điều khiển & Tự động hóa,A00,15,
XDT,Đại học Xây dựng Miền Trung,7580302,Quản lý xây dựng,A00,15,
XDT,Đại học Xây dựng Miền Trung,7340101,Quản trị Kinh doanh,A00,15,
XDT,Đại học Xây dựng Miền Trung,7340201,Tài chính – Ngân hàng,A00,15,
XDT,Đại học Xây dựng Miền Trung,7340122,Thương mại điện tử,A00,15,
DCL,Đại học Cửu Long,7620112,Bảo vệ thực vật,A00 | A01 | B00 | B03,15,
DCL,Đại học Cửu Long,7510201,Công nghệ kỹ thuật cơ khí (chuyên ngành Cơ khí chế tạo),A00 | A01 | C01 | D01,15,
DCL,Đại học Cửu Long,7540101,Công nghệ thực phẩm,A00 | A01 | B00 | C01,15,
DCL,Đại học Cửu Long,7510205,Công nghệ kỹ thuật ô tô,A00 | A01 | C01 | D01,15,
DCL,Đại học Cửu Long,7760101,Công tác xã hội,A00 | C00 | C01 | D01,15,
DCL,Đại học Cửu Long,7510102,Công nghệ kỹ thuật xây dựng dân dụng và công nghiệp,A00 | A01 | C01 | D01,15,
DCL,Đại học Cửu Long,7510301,"Công nghệ kỹ thuật điện, điện tử",A00 | A01 | C01 | D01,15,
DCL,Đại học Cửu Long,7480201,Công nghệ thông tin,A00 | A01 | D01 | D07,15,
DCL,Đại học Cửu Long,7620301,ĐH Nuôi trồng thủy sản,A00 | A01 | B00 | B03,15,
DCL,Đại học Cửu Long,7720301,Điều dưỡng,A02 | B00 | B03 | D08,19,
DCL,Đại học Cửu Long,7310608,Đông phương học,A01 | C00 | D01 | D14,15,
DCL,Đại học Cửu Long,7720201,Dược học,A00 | B00 | C08 | D07,21,
DCL,Đại học Cửu Long,7720302,Hộ sinh,A02 | B00 | B03 | D07,15,
DCL,Đại học Cửu Long,7340301,Kế toán,A00 | A01 | C04 | D01,15,
DCL,Đại học Cửu Long,7340121,Kinh doanh thương mại,A00 | A01 | C04 | D01,15,
DCL,Đại học Cửu Long,7580205,Kỹ thuật xây dựng công trình giao thông,A00 | A01 | C01 | D01,15,
DCL,Đại học Cửu Long,7520212,Kỹ thuật y sinh,A00 | A01 | C01 | D01,15,
DCL,Đại học Cửu Long,7720602,Kỹ thuật hình ảnh y học,A00 | A02 | B00 | D07,15,
DCL,Đại học Cửu Long,7720601,Kỹ thuật xét nghiệm y học,A00 | B00 | B03 | D07,19,
DCL,Đại học Cửu Long,7380107,Luật kinh tế,A00 | A01 | C00 | D01,15,
DCL,Đại học Cửu Long,7340115,Marketing,A00 | A01 | C04 | D01,15,
DCL,Đại học Cửu Long,7380101,Ngành Luật,A00 | A01 | C00 | D01,15,
DCL,Đại học Cửu Long,7220201,Ngôn ngữ Anh,A01 | D01 | D14 | D15,15,
DCL,Đại học Cửu Long,7620109,Nông học,A00 | A01 | B00 | B03,15,
DCL,Đại học Cửu Long,7340101,Quản trị Kinh doanh,A00 | A01 | C04 | D01,15,
DCL,Đại học Cửu Long,7810103,Quản trị dịch vụ du lịch và lữ hành,A00 | A01 | C00 | D01,15,
DCL,Đại học Cửu Long,7340201,Tài chính – Ngân hàng,A00 | A01 | C04 | D01,15,
DCL,Đại học Cửu Long,7210403,Thiết kế đồ họa,A00 | A01 | C04 | D01,15,
DCL,Đại học Cửu Long,7640101,Thú y,A00 | A01 | B00 | B03,15,
DCL,Đại học Cửu Long,7220101,Tiếng Việt & Văn hóa Việt Nam,C00 | D01 | D14 | D15,15,
DCL,Đại học Cửu Long,7720101,Y khoa,A00 | A02 | B00 | D07,22.5,
NHH,Học viện Ngân hàng,BANK01,CLC Ngân hàng,A00 | A01 | D01 | D07,34,
NHH,Học viện Ngân hàng,FIN01,CLC Tài chính,A00 | A01 | D01 | D07,34.2,
NHH,Học viện Ngân hàng,ACT01,CLC Kế toán,A00 | A01 | D01 | D07,34,
NHH,Học viện Ngân hàng,BUS01,CLC Quản trị kinh doanh,A00 | A01 | D01 | D07,33.9,
NHH,Học viện Ngân hàng,FIN03,Công nghệ Tài chính,A00 | A01 | D01 | D07,26,
NHH,Học viện Ngân hàng,IT01,Công nghệ thông tin,A00 | A01 | D01 | D07,25.8,
NHH,Học viện Ngân hàng,MIS01,Hệ thống thông tin quản lý,A00 | A01 | D01 | D07,26,
NHH,Học viện Ngân hàng,ACT03,Kế toán,A00 | A01 | D01 | D07,24,
NHH,Học viện Ngân hàng,ACT02,Kế toán,A00 | A01 | D01 | D07,26.25,
NHH,Học viện Ngân hàng,ACT04,Kiểm toán,A00 | A01 | D01 | D07,26.5,
NHH,Học viện Ngân hàng,IB01,Kinh doanh quốc tế,A01 | D01 | D07 | D09,27,
NHH,Học viện Ngân hàng,IB03,"Kinh doanh quốc tế liên kết Coventry, song bằng",A00 | A01 | D01 | D07,24.2,
NHH,Học viện Ngân hàng,ECON02,Kinh tế đầu tư CLC,A01 | D01 | D07 | D09,34,
NHH,Học viện Ngân hàng,IB04,Kinh doanh quốc tế CLC,A01 | D01 | D07 | D09,33.9,
NHH,Học viện Ngân hàng,ECON01,Kinh tế,A00 | A01 | D01 | D07,26.05,
NHH,Học viện Ngân hàng,IB02,Logistics và Quản lý chuỗi cung ứng,A01 | D01 | D07 | D09,26.5,
NHH,Học viện Ngân hàng,LAW02,Luật kinh tế,C00 | C03 | D14 | D15,28.13,
NHH,Học viện Ngân hàng,LAW01,Luật kinh tế,A00 | A01 | D01 | D07,25.9,
NHH,Học viện Ngân hàng,BUS05,"Marketing số liên kết Coventry, song bằng",A00 | A01 | D01 | D07,24.8,
NHH,Học viện Ngân hàng,BUS06,Marketing số CLC,A00 | A01 | D01 | D07,34,
NHH,Học viện Ngân hàng,BANK06,Ngân hàng và Tài chính quốc tế CLC,A00 | A01 | D01 | D07,33.8,
NHH,Học viện Ngân hàng,BANK03,Ngân hàng số,A00 | A01 | D01 | D07,26.13,
NHH,Học viện Ngân hàng,BANK02,Ngân hàng,A00 | A01 | D01 | D07,26.2,
NHH,Học viện Ngân hàng,BANK05,"Ngân hàng và Tài chính quốc tế liên kết Coventry, song bằng",A00 | A01 | D01 | D07,24,
NHH,Học viện Ngân hàng,FL01,Ngôn ngữ Anh,A01 | D01 | D07 | D09,25.8,
NHH,Học viện Ngân hàng,BUS04,"Quản trị kinh doanh Liên kết City U, song bằng",A00 | A01 | D01 | D07,23,
NHH,Học viện Ngân hàng,BUS03,Quản trị du lịch,A00 | A01 | D01 | D07,25.6,
NHH,Học viện Ngân hàng,BUS02,Quản trị kinh doanh,A00 | A01 | D01 | D07,26.33,
NHH,Học viện Ngân hàng,FIN02,Tài chính,A00 | A01 | D01 | D07,26.45,
NHH,Học viện Ngân hàng,BANK04,"Tài chính - Ngân hàng liên kết Sunderland, song bằng",A00 | A01 | D01 | D07,24.5,
SDU,Đại học Sao Đỏ,7540101,Công nghệ thực phẩm,A00 | A09 | B00 | D01,16,
SDU,Đại học Sao Đỏ,7510301,"Công nghệ kỹ thuật điện, điện tử",A00 | A09 | C04 | D01,17,
SDU,Đại học Sao Đỏ,7510201,Công nghệ kỹ thuật cơ khí (chuyên ngành Cơ khí chế tạo),A00 | A09 | C04 | D01,17,
SDU,Đại học Sao Đỏ,7540204,Công nghệ may,A00 | A09 | C04 | D01,16,
SDU,Đại học Sao Đỏ,7480201,Công nghệ thông tin,A00 | A09 | C04 | D01,17,
SDU,Đại học Sao Đỏ,7510205,Công nghệ kỹ thuật ô tô,A00 | A09 | C04 | D01,18,
SDU,Đại học Sao Đỏ,7340301,Kế toán,A00 | A09 | C04 | D01,16,
SDU,Đại học Sao Đỏ,7520114,Kỹ thuật cơ điện tử,A00 | A09 | C04 | D01,16,
SDU,Đại học Sao Đỏ,7520216,Ngành Kỹ thuật điều khiển & Tự động hóa,A00 | A09 | C04 | D01,17,
SDU,Đại học Sao Đỏ,7220204,Ngôn ngữ Trung Quốc,D01 | D15 | D66 | D71,18,
SDU,Đại học Sao Đỏ,7810103,Quản trị dịch vụ du lịch và lữ hành,C00 | C20 | D01 | D15,16,
SDU,Đại học Sao Đỏ,7340101,Quản trị Kinh doanh,A00 | A09 | C04 | D01,16,
SDU,Đại học Sao Đỏ,7140234,Sư phạm Tiếng Trung Quốc,D01 | D15 | D78 | D83,21.74,
SDU,Đại học Sao Đỏ,7140246,Sư phạm công nghệ,A00 | A16 | C01 | D01,19,
DBL,Đại học Bạc Liêu,7620112,Bảo vệ thực vật,A00 | B00 | D07 | D90,15,
DBL,Đại học Bạc Liêu,7620105,Chăn nuôi,A00 | B00 | D07 | D90,15,
DBL,Đại học Bạc Liêu,7480201,Công nghệ thông tin,A00 | A01 | D07 | D90,15,
DBL,Đại học Bạc Liêu,7620301,ĐH Nuôi trồng thủy sản,A00 | B00 | D07 | D90,15,
DBL,Đại học Bạc Liêu,7140202,Giáo dục Tiểu học,C00 | C03 | D01 | D78,26.2,
DBL,Đại học Bạc Liêu,7340301,Kế toán,A00 | A01 | D01 | D90,15,
DBL,Đại học Bạc Liêu,7440301,Khoa học môi trường,A00 | B00 | D07 | D90,15,
DBL,Đại học Bạc Liêu,7220201,Ngôn ngữ Anh,D01 | D09 | D14 | D78,15,
DBL,Đại học Bạc Liêu,7340101,Quản trị Kinh doanh,A00 | A01 | D01 | D90,15,
DBL,Đại học Bạc Liêu,7340201,Tài chính – Ngân hàng,A00 | A01 | D01 | D90,15,
DBL,Đại học Bạc Liêu,7220101,Tiếng Việt & Văn hóa Việt Nam,C00 | C03 | D01 | D78,15,
TDM,Đại học Thủ Dầu Một,7540101,Công nghệ thực phẩm,A00 | A02 | B00 | B08,15,
TDM,Đại học Thủ Dầu Một,7480201,Công nghệ thông tin,A00 | A01 | C01 | D90,18,
TDM,Đại học Thủ Dầu Một,7420201,Công nghệ sinh học,A00 | B00 | B08 | D01,15,
TDM,Đại học Thủ Dầu Một,7760101,Công tác xã hội,C00 | C15 | C19 | D01,21,
TDM,Đại học Thủ Dầu Một,7510205,Công nghệ kỹ thuật ô tô,A00 | A01 | D01 | D90,20.3,
TDM,Đại học Thủ Dầu Một,7810101,Du lịch,D01 | D14 | D15 | D78,21,
TDM,Đại học Thủ Dầu Một,7140101,Giáo dục học,C00 | C14 | C15 | D01,23,
TDM,Đại học Thủ Dầu Một,7140202,Giáo dục Tiểu học,A00 | A16 | C00 | D01,26.47,
TDM,Đại học Thủ Dầu Một,7140201,Giáo dục Mầm non,M00 | M05 | M07 | M11,23.04,
TDM,Đại học Thủ Dầu Một,7440112,Hóa học,A00 | A16 | B00 | D07,15,
TDM,Đại học Thủ Dầu Một,7340301,Kế toán,A00 | A01 | A16 | D01,22,
TDM,Đại học Thủ Dầu Một,7340302,Kiểm toán,A00 | A01 | A16 | D01,20.2,
TDM,Đại học Thủ Dầu Một,7580101,Kiến trúc,A00 | A16 | V00 | V01,15,
TDM,Đại học Thủ Dầu Một,7520114,Kỹ thuật cơ điện tử,A00 | A01 | C01 | D90,18.5,
TDM,Đại học Thủ Dầu Một,7520201,Kỹ thuật điện,A00 | A01 | C01 | D90,15,
TDM,Đại học Thủ Dầu Một,7580201,Kỹ thuật xây dựng,A00 | A01 | C01 | D90,15,
TDM,Đại học Thủ Dầu Một,7480103,Kỹ thuật phần mềm,A00 | A01 | C01 | D90,17,
TDM,Đại học Thủ Dầu Một,7510605,Logistics và Quản lý chuỗi cung ứng,A00 | A01 | D01 | D90,22.3,
TDM,Đại học Thủ Dầu Một,7340115,Marketing,A00 | A01 | A16 | D01,23.1,
TDM,Đại học Thủ Dầu Một,7380101,Ngành Luật,A16 | C00 | C14 | D01,24,
TDM,Đại học Thủ Dầu Một,7520320,Ngành Kỹ thuật môi trường,A00 | B00 | B08 | D01,15,
TDM,Đại học Thủ Dầu Một,7520216,Ngành Kỹ thuật điều khiển & Tự động hóa,A00 | A01 | C01 | D90,15,
TDM,Đại học Thủ Dầu Một,7220210,Ngôn ngữ Hàn Quốc,A01 | D01 | D15 | D78,21.5,
TDM,Đại học Thủ Dầu Một,7220201,Ngôn ngữ Anh,A01 | D01 | D15 | D78,22.9,
TDM,Đại học Thủ Dầu Một,7220204,Ngôn ngữ Trung Quốc,A01 | D01 | D04 | D78,23.3,
TDM,Đại học Thủ Dầu Một,7850103,Quản lý đất đai,A00 | B00 | B08 | D01,15.5,
TDM,Đại học Thủ Dầu Một,7510601,Quản lý công nghiệp,A00 | A01 | A16 | C01,16.5,
TDM,Đại học Thủ Dầu Một,7850101,Quản lý tài nguyên và môi trường,A00 | B00 | B08 | D01,18.5,
TDM,Đại học Thủ Dầu Một,7340101,Quản trị Kinh doanh,A00 | A01 | A16 | D01,21.4,
TDM,Đại học Thủ Dầu Một,7310205,Quản lý nhà nước,A16 | C00 | C14 | D01,22.3,
TDM,Đại học Thủ Dầu Một,7310206,Quan hệ quốc tế,A00 | C00 | D01 | D78,22.3,
TDM,Đại học Thủ Dầu Một,7340201,Tài chính – Ngân hàng,A00 | A01 | A16 | D01,21.4,
TDM,Đại học Thủ Dầu Một,7310401,Tâm lý học,B08 | C00 | C14 | D01,25,
TDM,Đại học Thủ Dầu Một,7210403,Thiết kế đồ họa,A00 | D01 | V00 | V01,20.5,
TDM,Đại học Thủ Dầu Một,7210405,Thiết kế nội thất,M03 | M06 | M10 | N03,15,
TDM,Đại học Thủ Dầu Một,7340122,Thương mại điện tử,A00 | A01 | D01 | D07,21.6,
TDM,Đại học Thủ Dầu Một,7460101,Toán học,A00 | A01 | A16 | D07,23,
TDM,Đại học Thủ Dầu Một,7320104,Truyền thông đa phương tiện,C00 | D01 | D09 | V01,25,
DHE,Khoa Kỹ thuật và Công Nghệ - ĐH Huế,7510205,Công nghệ kỹ thuật ô tô,A00 | A01 | D01,17.75,
DHE,Khoa Kỹ thuật và Công Nghệ - ĐH Huế,7480112,Khoa học dữ liệu và trí tuệ nhân tạo,A00 | A01 | D01,18.2,
DHE,Khoa Kỹ thuật và Công Nghệ - ĐH Huế,7480112KS,Khoa học dữ liệu và trí tuệ nhân tạo (hệ kỹ sư),A00 | A01 | D01,18.2,
DHE,Khoa Kỹ thuật và Công Nghệ - ĐH Huế,7520201,Kỹ thuật điện,A00 | A01 | D01,16.7,
DHE,Khoa Kỹ thuật và Công Nghệ - ĐH Huế,7580201,Kỹ thuật xây dựng,A00 | A01 | D01,15.75,
DHE,Khoa Kỹ thuật và Công Nghệ - ĐH Huế,7520216,Ngành Kỹ thuật điều khiển & Tự động hóa,A00 | A01 | C01 | D01,17.5,
YDN,Đại học Kỹ thuật Y Dược Đà Nẵng,7720301C,Điều dưỡng gây mê hồi sức,B00,20,
YDN,Đại học Kỹ thuật Y Dược Đà Nẵng,7720301A,Điều dưỡng đa khoa,B00,20.9,
YDN,Đại học Kỹ thuật Y Dược Đà Nẵng,7720301B,Điều dưỡng nha khoa,B00,20.6,
YDN,Đại học Kỹ thuật Y Dược Đà Nẵng,7720201,Dược học,B00,23.6,
YDN,Đại học Kỹ thuật Y Dược Đà Nẵng,7720602,Kỹ thuật hình ảnh y học,B00,19,
YDN,Đại học Kỹ thuật Y Dược Đà Nẵng,7720601,Kỹ thuật xét nghiệm y học,B00,20.6,
YDN,Đại học Kỹ thuật Y Dược Đà Nẵng,7720603,Kỹ thuật phục hồi chức năng,B00,21,
YDN,Đại học Kỹ thuật Y Dược Đà Nẵng,7720101,Y khoa,B00,25.47,
DQT,Đại học Quang Trung,7480201,Công nghệ thông tin,A00 | A01 | C02 | D01,16,
DQT,Đại học Quang Trung,7510103,Công nghệ kỹ thuật xây dựng (chuyên ngành Xây dựng dân dụng & Công nghiệp),A00 | A09 | C04 | D10,15,
DQT,Đại học Quang Trung,7420201,Công nghệ sinh học,B00 | B08 | C09 | D13,15,
DQT,Đại học Quang Trung,7720301,Điều dưỡng,B00 | B03 | C08 | D13,19,
DQT,Đại học Quang Trung,7340301,Kế toán,A00 | A09 | C14 | D10,15,
DQT,Đại học Quang Trung,7620115,Kinh tế nông nghiệp,A09 | B08 | C08 | D01,15,
DQT,Đại học Quang Trung,7310101,Kinh tế,A00 | A09 | C14 | D01,15,
DQT,Đại học Quang Trung,7220201,Ngôn ngữ Anh,D01 | D14 | D15 | D66,15,
DQT,Đại học Quang Trung,7810203,Quản trị Khách sạn - Nhà hàng,C00 | D01 | D14 | D15,15,
DQT,Đại học Quang Trung,7810103,Quản trị dịch vụ du lịch và lữ hành,C00 | D01 | D14 | D15,15,
DQT,Đại học Quang Trung,7340101,Quản trị Kinh doanh,A01 | C14 | D14 | D15,15,
DQT,Đại học Quang Trung,7340201,Tài chính – Ngân hàng,A00 | A09 | C14 | D10,15,
DQT,Đại học Quang Trung,7720701,Y tế công cộng,B00 | B03 | C08 | C13,15,
NTT,Đại học Nguyễn Tất Thành,7510205,Công nghệ kỹ thuật ô tô,A00 | A01 | D01 | D07,15,
NTT,Đại học Nguyễn Tất Thành,7420201,Công nghệ sinh học,A00 | B00 | D07 | D08,15,
NTT,Đại học Nguyễn Tất Thành,7510203,Công nghệ kỹ thuật cơ điện tử,A00 | A01 | D01 | D07,15,
NTT,Đại học Nguyễn Tất Thành,7480201_DLMT,Công nghệ thông tin và dữ liệu tài nguyên môi trường,A00,15,
NTT,Đại học Nguyễn Tất Thành,7480201 _CNST,"Công nghệ thông tin, Cn Công nghệ và đổi mới sáng tạo",A00,15,
NTT,Đại học Nguyễn Tất Thành,7540101,Công nghệ thực phẩm,A00 | B00 | D07 | D90,15,
NTT,Đại học Nguyễn Tất Thành,7480201,Công nghệ thông tin,A00 | A01 | D01 | D07,15,
NTT,Đại học Nguyễn Tất Thành,7510401,Công nghệ kỹ thuật hoá học,A00 | B00 | D07 | D90,15,
NTT,Đại học Nguyễn Tất Thành,7140103,Công nghệ Giáo dục,A00 | A01 | D01 | D07,15,
NTT,Đại học Nguyễn Tất Thành,7510301,"Công nghệ kỹ thuật điện, điện tử",A00 | A01 | D01 | D07,15,
NTT,Đại học Nguyễn Tất Thành,7210234,Diễn viên kịch. điện ảnh - truyền hình,N05,15,
NTT,Đại học Nguyễn Tất Thành,7720301,Điều dưỡng,A00 | A01 | B00 | D07,19,
NTT,Đại học Nguyễn Tất Thành,7310608,Đông phương học,C00 | D01 | D14 | D15,15,
NTT,Đại học Nguyễn Tất Thành,7810101,Du lịch,C00 | D01 | D14 | D15,15,
NTT,Đại học Nguyễn Tất Thành,7720201,Dược học,A00 | A01 | B00 | D07,21,
NTT,Đại học Nguyễn Tất Thành,7720203,Hoá dược,A00 | A01 | B00 | D07,15,
NTT,Đại học Nguyễn Tất Thành,7340301,Kế toán,A00 | A01 | D01 | D07,15,
NTT,Đại học Nguyễn Tất Thành,7440122,Khoa học vật liệu,A00 | A01 | B00 | D07,15,
NTT,Đại học Nguyễn Tất Thành,7460108,Khoa học dữ liệu (Data Science),A00 | A01 | D01 | D07,15,
NTT,Đại học Nguyễn Tất Thành,7580101,Kiến trúc,D01 | H00 | H01 | V01,15,
NTT,Đại học Nguyễn Tất Thành,7580205,Kỹ thuật xây dựng công trình giao thông,A00 | A01 | D01 | D07,15,
NTT,Đại học Nguyễn Tất Thành,7720603,Kỹ thuật phục hồi chức năng,A00 | A01 | B00 | D07,19,
NTT,Đại học Nguyễn Tất Thành,7480103,Kỹ thuật phần mềm,A00 | A01 | D01 | D07,15,
NTT,Đại học Nguyễn Tất Thành,7580201,Kỹ thuật xây dựng,A00 | A01 | D01 | D07,15,
NTT,Đại học Nguyễn Tất Thành,7520212,Kỹ thuật y sinh,A00 | A01 | A02 | B00,15,
NTT,Đại học Nguyễn Tất Thành,7720601,Kỹ thuật xét nghiệm y học,A00 | B00 | D07 | D08,19,
NTT,Đại học Nguyễn Tất Thành,7510605,Logistics và Quản lý chuỗi cung ứng,A00 | A01 | D01 | D07,15,
NTT,Đại học Nguyễn Tất Thành,7380107,Luật kinh tế,A00 | A01 | C00 | D01,15,
NTT,Đại học Nguyễn Tất Thành,7480102,Mạng máy tính và truyền thông dữ liệu,A00 | A01 | D01 | D07,15,
NTT,Đại học Nguyễn Tất Thành,7340115,Marketing,A00 | A01 | D01 | D07,15,
NTT,Đại học Nguyễn Tất Thành,7340115_DM,Marketing số và truyền thông xã hội,A00,15,
NTT,Đại học Nguyễn Tất Thành,7340120,Ngành Kinh doanh quốc tế,A00 | A01 | D01 | D07,15,
NTT,Đại học Nguyễn Tất Thành,7380101,Ngành Luật,A00 | A01 | C00 | D01,15,
NTT,Đại học Nguyễn Tất Thành,7220201,Ngôn ngữ Anh,C00 | D01 | D14 | D15,15,
NTT,Đại học Nguyễn Tất Thành,7220204,Ngôn ngữ Trung Quốc,C00 | D01 | D14 | D15,15,
NTT,Đại học Nguyễn Tất Thành,7210208,Piano,N00,15,
NTT,Đại học Nguyễn Tất Thành,7340101 DNCN,"Quản trị kinh doanh, CN quản trị doanh nghiệp và công nghệ",A00,15,
NTT,Đại học Nguyễn Tất Thành,7310206,Quan hệ quốc tế,A01 | D01 | D14 | D15,15,
NTT,Đại học Nguyễn Tất Thành,7810201,Quản trị khách sạn,C00 | D01 | D14 | D15,15,
NTT,Đại học Nguyễn Tất Thành,7340404,Quản trị nhân lực,A00 | A01 | D01 | D07,15,
NTT,Đại học Nguyễn Tất Thành,7340101,Quản trị Kinh doanh,A00 | A01 | D01 | D07,15,
NTT,Đại học Nguyễn Tất Thành,7810202,Quản trị nhà hàng và dịch vụ ăn uống,C00 | D01 | D14 | D15,15,
NTT,Đại học Nguyễn Tất Thành,7340101_KDST,"Quản trị kinh doanh, CN kinh doanh sáng tạo",A00,15,
NTT,Đại học Nguyễn Tất Thành,7720802,Quản lý bệnh viện,B00 | B03 | C00 | D01,15,
NTT,Đại học Nguyễn Tất Thành,7320108,Quan hệ công chúng,A01 | C00 | D01 | D14,15,
NTT,Đại học Nguyễn Tất Thành,7850101,Quản lý tài nguyên và môi trường,A00 | B00 | D07 | D90,15,
NTT,Đại học Nguyễn Tất Thành,7340101 _KDTP,Quản trị kinh doanh thực phẩm,A00,15,
NTT,Đại học Nguyễn Tất Thành,7720501,Răng- Hàm -Mặt,A00 | A01 | B00 | D07,22.5,
NTT,Đại học Nguyễn Tất Thành,7340201,Tài chính – Ngân hàng,A00 | A01 | D01 | D07,15,
NTT,Đại học Nguyễn Tất Thành,7310401,Tâm lý học,B00 | C00 | D01 | D14,15,
NTT,Đại học Nguyễn Tất Thành,7210205,Thanh nhạc,N00,15,
NTT,Đại học Nguyễn Tất Thành,7210404,Thiết kế thời trang,A00 | A01 | D01 | D14,15,
NTT,Đại học Nguyễn Tất Thành,7580108,Thiết kế nội thất,D01 | H00 | H01 | V01,15,
NTT,Đại học Nguyễn Tất Thành,7210403,Thiết kế đồ họa,D01 | H00 | H01 | V01,15,
NTT,Đại học Nguyễn Tất Thành,7640101,Thú y,A00 | B00 | D07 | D08,15,
NTT,Đại học Nguyễn Tất Thành,7340122,Thương mại điện tử,A00 | A01 | D01 | D07,15,
NTT,Đại học Nguyễn Tất Thành,7480107,Trí tuệ nhân tạo,A00 | A01 | D01 | D07,15,
NTT,Đại học Nguyễn Tất Thành,7320104,Truyền thông đa phương tiện,A01 | C00 | D01 | D15,15,
NTT,Đại học Nguyễn Tất Thành,7520403,Vật lý Y khoa,A00 | A01 | A02 | B00,15,
NTT,Đại học Nguyễn Tất Thành,7310630,Việt Nam học,C00 | D01 | D14 | D15,15,
NTT,Đại học Nguyễn Tất Thành,7720101,Y khoa,B00,23,
NTT,Đại học Nguyễn Tất Thành,7720115,Y học cổ truyền,A00 | A01 | B00 | D07,21,
NTT,Đại học Nguyễn Tất Thành,7720110,Y học dự phòng,B00,19,
LDA,Đại học Công đoàn,7850201,Bảo hộ lao động,A00 | A01 | D01,15.2,
LDA,Đại học Công đoàn,7760101,Công tác xã hội,A00 | A01 | D01,23.75,
LDA,Đại học Công đoàn,7810101,Du lịch,C00 | D01 | D14 | D15,24.63,
LDA,Đại học Công đoàn,7340301,Kế toán,A00 | A01 | D01,23.6,
LDA,Đại học Công đoàn,7310101,Kinh tế,A00 | A01 | D01,23.4,
LDA,Đại học Công đoàn,7380101,Ngành Luật,A01 | C00 | D01,26.38,
LDA,Đại học Công đoàn,7220201,Ngôn ngữ Anh,D01 | D14 | D15,33,
LDA,Đại học Công đoàn,7340408,Quan hệ lao động (CN Quản lý Quan hệ lao động. CN Hành vi tổ chức),A00 | A01 | D01,19.95,
LDA,Đại học Công đoàn,7340404,Quản trị nhân lực,A00 | A01 | D01,23.19,
LDA,Đại học Công đoàn,7340101,Quản trị Kinh doanh,A00 | A01 | D01,22.8,
LDA,Đại học Công đoàn,7340201,Tài chính – Ngân hàng,A00 | A01 | D01,23.61,
LDA,Đại học Công đoàn,7310630,Việt Nam học,C00 | D01 | D14 | D15,22.5,
LDA,Đại học Công đoàn,7310301,Xã hội học,A00 | A01 | D01,22.75,
YQH,Học viện Quân Y - Hệ Quân sự,7720201|21A00,Dược học - Nam thí sinh phía Bắc,A00,25.19,
YQH,Học viện Quân Y - Hệ Quân sự,7720201|12A00,Dược học - Nữ thí sinh phía Nam,A00,26.26,
YQH,Học viện Quân Y - Hệ Quân sự,7720201|11A00,Dược học - Nữ thí sinh phía Bắc,A00,27.28,
YQH,Học viện Quân Y - Hệ Quân sự,7720201|22A00,Dược học - Nam thí sinh phía Nam,A00,24.56,
YQH,Học viện Quân Y - Hệ Quân sự,7720101|11B00,Y khoa (Nữ - Miền Bắc),B00,27.49,
YQH,Học viện Quân Y - Hệ Quân sự,7720101|12B00,Y khoa (Nữ - Miền Nam),B00,27.34,
YQH,Học viện Quân Y - Hệ Quân sự,7720101|21A00,Y khoa (Nam - Miền Bắc),A00,26.13,
YQH,Học viện Quân Y - Hệ Quân sự,7720101|11A00,Y khoa (Nữ - Miền Bắc),A00,27.49,
YQH,Học viện Quân Y - Hệ Quân sự,7720110|21B00,Y học dự phòng (Nam - Miền Bắc),B00,24.35,
YQH,Học viện Quân Y - Hệ Quân sự,7720101|22A00,Y khoa (Nam - Miền Nam),A00,25.75,
YQH,Học viện Quân Y - Hệ Quân sự,7720101|22B00,Y khoa (Nam - Miền Nam),B00,25.75,
YQH,Học viện Quân Y - Hệ Quân sự,7720110|22B00,Y học dự phòng (Nam - Miền Nam),B00,24.12,
YQH,Học viện Quân Y - Hệ Quân sự,7720101|12A00,Y khoa (Nữ - Miền Nam),A00,27.34,
YQH,Học viện Quân Y - Hệ Quân sự,7720101|21B00,Y khoa (Nam - Miền Bắc),B00,26.13,
DDY,Khoa Y Dược - Đại học Đà Nẵng,7720301,Điều dưỡng,B00 | B08,22.65,
DDY,Khoa Y Dược - Đại học Đà Nẵng,7720201,Dược học,A00 | B00 | D07,24.45,
DDY,Khoa Y Dược - Đại học Đà Nẵng,7720601,Kỹ thuật xét nghiệm y học,B00 | B08,22.35,
DDY,Khoa Y Dược - Đại học Đà Nẵng,7720501,Răng- Hàm -Mặt,B00 | B08,25.57,
DDY,Khoa Y Dược - Đại học Đà Nẵng,7720101,Y khoa,B00 | B08,25.55,
DYD,Đại học Yersin Đà Lạt,7420201,Công nghệ sinh học,A00 | A01 | B00 | D01,17,
DYD,Đại học Yersin Đà Lạt,7510205,Công nghệ kỹ thuật ô tô,A00 | A01 | C01 | D01,17,
DYD,Đại học Yersin Đà Lạt,7480201,Công nghệ thông tin,A00 | A01 | D01 | K01,17,
DYD,Đại học Yersin Đà Lạt,7540101,Công nghệ thực phẩm,A00 | B00 | C08 | D07,17,
DYD,Đại học Yersin Đà Lạt,7720301,Điều dưỡng,A01 | B00 | D01 | D08,19,
DYD,Đại học Yersin Đà Lạt,7310608,Đông phương học,A01 | C00 | D01 | D15,17,
DYD,Đại học Yersin Đà Lạt,7720201,Dược học,A00 | A01 | B00 | D07,21,
DYD,Đại học Yersin Đà Lạt,7580101,Kiến trúc,A01 | C01 | H01 | V00,17,
DYD,Đại học Yersin Đà Lạt,7520114,Kỹ thuật cơ điện tử,A00 | A01 | C01 | D01,17,
DYD,Đại học Yersin Đà Lạt,7380107,Luật kinh tế,A00 | C00 | C20 | D01,17,
DYD,Đại học Yersin Đà Lạt,7220201,Ngôn ngữ Anh,A01 | D01 | D14 | D15,17,
DYD,Đại học Yersin Đà Lạt,7810103,Quản trị dịch vụ du lịch và lữ hành,A00 | C00 | D01 | D15,17,
DYD,Đại học Yersin Đà Lạt,7320108,Quan hệ công chúng,A00 | A01 | C00 | D01,17,
DYD,Đại học Yersin Đà Lạt,7340101,Quản trị Kinh doanh,A00 | A01 | C00 | D01,17,
DYD,Đại học Yersin Đà Lạt,7310401,Tâm lý học,A00 | B00 | C00 | D01,17,
DYD,Đại học Yersin Đà Lạt,7580108,Thiết kế nội thất,A01 | C01 | H01 | V00,17,
DTN,Đại học Nông Lâm - Đại học Thái Nguyên,7340116,Bất động sản,A00 | A02 | C00 | D10,15,
DTN,Đại học Nông Lâm - Đại học Thái Nguyên,7620105,Chăn nuôi,A00 | B00 | C02 | D01,15,
DTN,Đại học Nông Lâm - Đại học Thái Nguyên,7540101,Công nghệ thực phẩm,A00 | B00 | C02 | D01,15,
DTN,Đại học Nông Lâm - Đại học Thái Nguyên,7540101_CTTT,Công nghệ thực phẩm (Chương trình tiên tiến),A00 | B00 | D01 | D08,16,
DTN,Đại học Nông Lâm - Đại học Thái Nguyên,7510406,Công nghệ kỹ thuật Môi trường,A00 | A07 | A09 | B00,15,
DTN,Đại học Nông Lâm - Đại học Thái Nguyên,7420201,Công nghệ sinh học,B00 | B02 | B03 | B05,15,
DTN,Đại học Nông Lâm - Đại học Thái Nguyên,7540106,Đảm bảo chất lượng và an toàn thực phẩm,A00 | B00 | D01 | D07,15,
DTN,Đại học Nông Lâm - Đại học Thái Nguyên,7549002,Dược liệu và Hợp chất thiên nhiên,A00 | B00 | B08 | D07,15,
DTN,Đại học Nông Lâm - Đại học Thái Nguyên,744030_CTTT,Khoa học và quản lý môi trường (Chương trình tiên tiến),A00 | A01 | A07 | A09 | B00 | C00 | C02 | C04 | C20 | D01 | D10 | D14,16,
DTN,Đại học Nông Lâm - Đại học Thái Nguyên,7440301,Khoa học môi trường,A07 | A09 | B00 | D01,15,
DTN,Đại học Nông Lâm - Đại học Thái Nguyên,7620110,Khoa học cây trồng,A00 | B00 | C02,15,
DTN,Đại học Nông Lâm - Đại học Thái Nguyên,7620115_CTTT,Kinh tế nông nghiệp (Chương trình tiên tiến),A00 | A01 | B00 | D01,16,
DTN,Đại học Nông Lâm - Đại học Thái Nguyên,7620115,Kinh tế nông nghiệp,A00 | B00 | C02,15,
DTN,Đại học Nông Lâm - Đại học Thái Nguyên,7620205,Lâm sinh,A09 | A15 | B02 | C14,15,
DTN,Đại học Nông Lâm - Đại học Thái Nguyên,7340120,Ngành Kinh doanh quốc tế,A00 | A01 | B00 | C02,15,
DTN,Đại học Nông Lâm - Đại học Thái Nguyên,7620101,Nông nghiệp,A00 | B00 | B02 | C02,15,
DTN,Đại học Nông Lâm - Đại học Thái Nguyên,7810204_CTTT,Quản lý du lịch quốc tế (Chương trình tiên tiến),A00 | A01 | A07 | A09 | B00 | C00 | C02 | C04 | C20 | D01 | D14,16,
DTN,Đại học Nông Lâm - Đại học Thái Nguyên,7850101,Quản lý tài nguyên và môi trường,A01 | B00 | C00 | D14,15,
DTN,Đại học Nông Lâm - Đại học Thái Nguyên,7850103,Quản lý đất đai,A00 | A01 | B00 | D10,15,
DTN,Đại học Nông Lâm - Đại học Thái Nguyên,7620211,Quản lý tài nguyên rừng,A01 | A14 | B00 | B03,15,
DTN,Đại học Nông Lâm - Đại học Thái Nguyên,7320205,Quản lý thông tin,A07 | C20 | D01 | D84,15,
DTN,Đại học Nông Lâm - Đại học Thái Nguyên,7640101,Thú y,A00 | B00 | C02 | D01,15,
DTB,Đại học Thái Bình,7310201,Chính trị học,A00 | C00 | C14 | D01,18,
DTB,Đại học Thái Bình,7510201,Công nghệ kỹ thuật cơ khí (chuyên ngành Cơ khí chế tạo),A00 | B00 | C14 | D01,17,
DTB,Đại học Thái Bình,7510301,"Công nghệ kỹ thuật điện, điện tử",A00 | B00 | C14 | D01,17,
DTB,Đại học Thái Bình,7480201,Công nghệ thông tin,A00 | B00 | C14 | D01,17,
DTB,Đại học Thái Bình,7340301,Kế toán,A00,17.5,
DTB,Đại học Thái Bình,7310101,Kinh tế,A00,17.5,
DTB,Đại học Thái Bình,7380101,Ngành Luật,A00 | C00 | C14 | D01,17.5,
DTB,Đại học Thái Bình,7310206,Quan hệ quốc tế,A00 | C00 | C14 | D01,18,
DTB,Đại học Thái Bình,7340101,Quản trị Kinh doanh,A00 | B00 | C14 | D01,18,
DTB,Đại học Thái Bình,7340201,Tài chính – Ngân hàng,A00 | B00 | C14 | D01,17.5,
DHS,Đại học Sư Phạm - Đại học Huế,7140208,Giáo dục Quốc phòng - An ninh,C00 | C19 | C20 | D66,26.95,
DHS,Đại học Sư Phạm - Đại học Huế,7140205,Giáo dục Chính trị,C00 | C19 | C20 | D66,27.05,
DHS,Đại học Sư Phạm - Đại học Huế,7140202,Giáo dục Tiểu học,C00 | D01 | D08 | D10,27.75,
DHS,Đại học Sư Phạm - Đại học Huế,7140201,Giáo dục Mầm non,M01 | M09,24.2,
DHS,Đại học Sư Phạm - Đại học Huế,7140202TA,Giáo dục Tiểu học,C00 | D01 | D08 | D10,26.5,bằng tiếng Anh
DHS,Đại học Sư Phạm - Đại học Huế,7140248,Giáo dục Pháp luật,C00 | C19 | C20 | D66,26,
DHS,Đại học Sư Phạm - Đại học Huế,7140204,Giáo dục Công dân,C00 | C19 | C20 | D66,27.3,
DHS,Đại học Sư Phạm - Đại học Huế,7480104,Hệ thống thông tin,A00 | A01 | D01 | D90,15,
DHS,Đại học Sư Phạm - Đại học Huế,7140212TA,Sư phạm Hoá học,A00 | B00 | D07 | D90,28,bằng tiếng Anh
DHS,Đại học Sư Phạm - Đại học Huế,7140221,Sư phạm Âm nhạc,N00 | N01,19.5,
DHS,Đại học Sư Phạm - Đại học Huế,7140209,Sư phạm Toán học,A00 | A01 | D07,26.2,
DHS,Đại học Sư Phạm - Đại học Huế,7140211TA,Sư phạm Vật lý,A00 | A01 | D07 | D90,28.2,bằng tiếng Anh
DHS,Đại học Sư Phạm - Đại học Huế,7140219,Sư phạm Địa lý,C00 | C20 | D15 | D78,28.05,
DHS,Đại học Sư Phạm - Đại học Huế,7140249,Sư phạm Lịch sử - Địa lý,C00 | C19 | C20 | D78,27.37,
DHS,Đại học Sư Phạm - Đại học Huế,7140213,Sư phạm Sinh học,B00 | B02 | B04 | D90,24.6,
DHS,Đại học Sư Phạm - Đại học Huế,7140209TA,Sư phạm Toán học,A00 | A01 | D07,26.2,bằng tiếng Anh
DHS,Đại học Sư Phạm - Đại học Huế,7140247,Sư phạm khoa học tự nhiên,A00 | B00 | D90,24.6,
DHS,Đại học Sư Phạm - Đại học Huế,7140211,Sư phạm Vật lý,A00 | A01 | A02 | D90,25.7,
DHS,Đại học Sư Phạm - Đại học Huế,7140217,Sư phạm Ngữ văn,C00 | C19 | D01 | D66,28.1,
DHS,Đại học Sư Phạm - Đại học Huế,7140210,Sư phạm Tin học (Chuyên ngành Tin học – Công nghệ Tiểu học),A00 | A01 | D01 | D90,23.3,
DHS,Đại học Sư Phạm - Đại học Huế,7140213TA,Sư phạm Sinh học,B00 | B02 | D08 | D90,28,bằng tiếng Anh
DHS,Đại học Sư Phạm - Đại học Huế,7140246,Sư phạm công nghệ,A00 | A02 | D90,19,
DHS,Đại học Sư Phạm - Đại học Huế,7140210TA,Sư phạm Tin học,A00 | A01 | D01 | D90,22.3,bằng tiếng Anh
DHS,Đại học Sư Phạm - Đại học Huế,7140212,Sư phạm Hóa học,A00 | B00 | D07 | D90,25.8,
DHS,Đại học Sư Phạm - Đại học Huế,7140218,Sư phạm Lịch sử,C00 | C19 | D14 | D78,28.3,
DHS,Đại học Sư Phạm - Đại học Huế,7310403,Tâm lý học giáo dục,B00 | C00 | C20 | D01,23.8,
QSA,Đại học An Giang - Đại học Quốc gia TP HCM,7620112,Bảo vệ thực vật,A00 | B00 | C15 | D01,21.9,
QSA,Đại học An Giang - Đại học Quốc gia TP HCM,7620105,Chăn nuôi,A02 | B00 | C15 | D08,18.2,
QSA,Đại học An Giang - Đại học Quốc gia TP HCM,7420201,Công nghệ sinh học,A00 | B00 | C15 | D01,16,
QSA,Đại học An Giang - Đại học Quốc gia TP HCM,7510401,Công nghệ kỹ thuật hoá học,A00 | B00 | C05 | C08,16.2,
QSA,Đại học An Giang - Đại học Quốc gia TP HCM,7480201,Công nghệ thông tin,A00 | A01 | C01 | D01,20.72,
QSA,Đại học An Giang - Đại học Quốc gia TP HCM,7540104,Công nghệ sau thu hoạch,A00 | B00 | C05 | D07,16,
QSA,Đại học An Giang - Đại học Quốc gia TP HCM,7540101,Công nghệ thực phẩm,A00 | B00 | C05 | D07,16,
QSA,Đại học An Giang - Đại học Quốc gia TP HCM,7510406,Công nghệ kỹ thuật Môi trường,A16 | B03 | C15 | D01,16.2,
QSA,Đại học An Giang - Đại học Quốc gia TP HCM,7540106,Đảm bảo chất lượng và an toàn thực phẩm,A00 | B00 | C05 | D07,16,
QSA,Đại học An Giang - Đại học Quốc gia TP HCM,7620301,ĐH Nuôi trồng thủy sản,A00 | B00 | D01 | D10,16.15,
QSA,Đại học An Giang - Đại học Quốc gia TP HCM,7140205,Giáo dục Chính trị,C00 | C19 | D01 | D66,26.99,
QSA,Đại học An Giang - Đại học Quốc gia TP HCM,7140201,Giáo dục Mầm non,M02 | M03 | M05 | M06,22.79,
QSA,Đại học An Giang - Đại học Quốc gia TP HCM,7140202,Giáo dục Tiểu học,A00 | A01 | C00 | D01,26.63,
QSA,Đại học An Giang - Đại học Quốc gia TP HCM,7340301,Kế toán,A00 | A01 | C15 | D01,23.02,
QSA,Đại học An Giang - Đại học Quốc gia TP HCM,7620110,Khoa học cây trồng,A00 | B00 | C15 | D01,16,
QSA,Đại học An Giang - Đại học Quốc gia TP HCM,7310106,Kinh tế quốc tế,A00 | A01 | C15 | D01,21.4,
QSA,Đại học An Giang - Đại học Quốc gia TP HCM,7480103,Kỹ thuật phần mềm,A00 | A01 | C01 | D01,19.4,
QSA,Đại học An Giang - Đại học Quốc gia TP HCM,7340115,Marketing,A00 | A01 | C15 | D01,23.17,
QSA,Đại học An Giang - Đại học Quốc gia TP HCM,7380101,Ngành Luật,A01 | C00 | C01 | D01,25.1,
QSA,Đại học An Giang - Đại học Quốc gia TP HCM,7220201,Ngôn ngữ Anh,A01 | D01 | D09 | D14,21.71,
QSA,Đại học An Giang - Đại học Quốc gia TP HCM,7620116,Phát triển nông thôn,A00 | B00 | C00 | D01,22.08,
QSA,Đại học An Giang - Đại học Quốc gia TP HCM,7340101,Quản trị Kinh doanh,A00 | A01 | C15 | D01,21.52,Quản trị kinh doanh
QSA,Đại học An Giang - Đại học Quốc gia TP HCM,7850101,Quản lý tài nguyên và môi trường,A00 | B00 | C15 | D01,21.41,
QSA,Đại học An Giang - Đại học Quốc gia TP HCM,7140213,Sư phạm Sinh học,B00 | B03 | B05 | D08,24.98,
QSA,Đại học An Giang - Đại học Quốc gia TP HCM,7140212,Sư phạm Hóa học,A00 | B00 | C02 | D07,25.81,
QSA,Đại học An Giang - Đại học Quốc gia TP HCM,7140231,Sư phạm Tiếng Anh,A01 | D01 | D09 | D14,25.61,
QSA,Đại học An Giang - Đại học Quốc gia TP HCM,7140211,Sư phạm Vật lý,A00 | A01 | A17 | C01,25.57,
QSA,Đại học An Giang - Đại học Quốc gia TP HCM,7140218,Sư phạm Lịch sử,A08 | C00 | C20 | D10,27.91,
QSA,Đại học An Giang - Đại học Quốc gia TP HCM,7140217,Sư phạm Ngữ văn,C00 | D01 | D14 | D15,27.44,
QSA,Đại học An Giang - Đại học Quốc gia TP HCM,7140219,Sư phạm Địa lý,A09 | C00 | C20 | D10,27.91,
QSA,Đại học An Giang - Đại học Quốc gia TP HCM,7140209,Sư phạm Toán học,A00 | A01 | C01 | D01,26.18,
QSA,Đại học An Giang - Đại học Quốc gia TP HCM,7340201,Tài chính – Ngân hàng,A00 | A01 | C15 | D01,22.56,
QSA,Đại học An Giang - Đại học Quốc gia TP HCM,7640101,Thú y,A02 | B00 | C08 | D08,19.58,
QSA,Đại học An Giang - Đại học Quốc gia TP HCM,7229001,Triết học,A01 | C00 | C01 | D01,23.47,
QSA,Đại học An Giang - Đại học Quốc gia TP HCM,7229030,Văn học,C00 | D01 | D14 | D15,24.91,
QSA,Đại học An Giang - Đại học Quốc gia TP HCM,7310630,Việt Nam học,A01 | C00 | C04 | D01,23.95,Việt Nam học
VKU,Đại học Công nghệ Thông tin và Truyền thông Việt - Hàn,7480202,An toàn thông tin,A00 | A01 | D01 | D90,23,
VKU,Đại học Công nghệ Thông tin và Truyền thông Việt - Hàn,7320106,Công nghệ truyền thông,A00 | A01 | D01 | D90,23.7,
VKU,Đại học Công nghệ Thông tin và Truyền thông Việt - Hàn,7480201B,Công nghệ thông tin,A00 | A01 | D01 | D90,22.5,
VKU,Đại học Công nghệ Thông tin và Truyền thông Việt - Hàn,7480108B,Công nghệ kỹ thuật máy tính (cử nhân),A00 | A01 | D01 | D90,22,
VKU,Đại học Công nghệ Thông tin và Truyền thông Việt - Hàn,7480201,Công nghệ thông tin,A00 | A01 | D01 | D90,23,
VKU,Đại học Công nghệ Thông tin và Truyền thông Việt - Hàn,7480201DT,Công nghệ thông tin (đặc thù),A00 | A01 | D01 | D90,22,
VKU,Đại học Công nghệ Thông tin và Truyền thông Việt - Hàn,7480108IC,Công nghệ kỹ thuật máy tính – chuyên ngành Thiết kế vi mạch bán dẫn (kỹ sư),A00 | A01 | D01 | D90,27,
VKU,Đại học Công nghệ Thông tin và Truyền thông Việt - Hàn,7320106DA,Công nghệ truyền thông - Chuyên ngành Thiết kế Mỹ thuật số (cử nhân),A00 | A01 | D01 | D90,23.52,
VKU,Đại học Công nghệ Thông tin và Truyền thông Việt - Hàn,7480108,Công nghệ kỹ thuật máy tính,A00 | A01 | D01 | D90,22.5,
VKU,Đại học Công nghệ Thông tin và Truyền thông Việt - Hàn,7340115,Marketing,A00 | A01 | D01 | D90,24.01,
VKU,Đại học Công nghệ Thông tin và Truyền thông Việt - Hàn,7340101,Quản trị Kinh doanh,A00 | A01 | D01 | D90,23.28,
VKU,Đại học Công nghệ Thông tin và Truyền thông Việt - Hàn,7340101EL,Quản trị kinh doanh (chuyên ngành Quản trị Logistics và chuỗi cung ứng số),A00 | A01 | D01 | D90,24,
VKU,Đại học Công nghệ Thông tin và Truyền thông Việt - Hàn,7340101EF,Quản trị kinh doanh - Chuyên ngành Quản trị tài chính số,A00 | A01 | D01 | D90,23.28,
VKU,Đại học Công nghệ Thông tin và Truyền thông Việt - Hàn,7340101ET,Quản trị kinh doanh (chuyên ngành Quản trị dịch vụ du lịch và lữ hành số),A00 | A01 | D01 | D90,23.5,
VKU,Đại học Công nghệ Thông tin và Truyền thông Việt - Hàn,7340101IM,Quản trị kinh doanh - Chuyên ngành Quản trị dự án Công nghệ thông tin,A00 | A01 | D01 | D90,22.5,
VKU,Đại học Công nghệ Thông tin và Truyền thông Việt - Hàn,7480107,Trí tuệ nhân tạo,A00 | A01 | D01 | D90,23,
LNH,Đại học Lâm nghiệp (Cơ sở 1),7340116,Bất động sản,A00 | A16 | C15 | D01,19.6,
LNH,Đại học Lâm nghiệp (Cơ sở 1),7620105,Chăn nuôi,A00 | B00 | C15 | D01,15,
LNH,Đại học Lâm nghiệp (Cơ sở 1),7510205,Công nghệ kỹ thuật ô tô,A00 | A01 | A16 | D01,15.2,
LNH,Đại học Lâm nghiệp (Cơ sở 1),7760101,Công tác xã hội,A00 | C00 | C15 | D01,15.7,
LNH,Đại học Lâm nghiệp (Cơ sở 1),7420201,Công nghệ sinh học,A00 | A16 | B00 | B08,15.8,
LNH,Đại học Lâm nghiệp (Cơ sở 1),7510203,Công nghệ kỹ thuật cơ điện tử,A00 | A01 | A16 | D01,15.4,
LNH,Đại học Lâm nghiệp (Cơ sở 1),7549001,Công nghệ chế biến lâm sản,A00 | A16 | D01 | D07,17.3,
LNH,Đại học Lâm nghiệp (Cơ sở 1),7850104,Du lịch sinh thái,B00 | C00 | C15 | D01,19.5,
LNH,Đại học Lâm nghiệp (Cơ sở 1),7480104,Hệ thống thông tin,A00 | A01 | A16 | D01,15.3,
LNH,Đại học Lâm nghiệp (Cơ sở 1),7340301,Kế toán,A00 | A16 | C15 | D01,16.1,
LNH,Đại học Lâm nghiệp (Cơ sở 1),7620110,Khoa học cây trồng,A00 | A16 | B00 | D01,15.4,
LNH,Đại học Lâm nghiệp (Cơ sở 1),7580102,Kiến trúc cảnh quan,A00 | C15 | D01 | V01,18.5,
LNH,Đại học Lâm nghiệp (Cơ sở 1),7310101,Kinh tế,A00 | A16 | C15 | D01,16.4,
LNH,Đại học Lâm nghiệp (Cơ sở 1),7520103,Kỹ thuật cơ khí,A00 | A01 | A16 | D01,16.8,
LNH,Đại học Lâm nghiệp (Cơ sở 1),7580201,Kỹ thuật xây dựng,A00 | A01 | A16 | D01,17,
LNH,Đại học Lâm nghiệp (Cơ sở 1),7620205,Lâm sinh,A00 | A16 | B00 | D01,16.9,
LNH,Đại học Lâm nghiệp (Cơ sở 1),7510605,Logistics và Quản lý chuỗi cung ứng,A00 | A16 | C15 | D01,15.9,
LNH,Đại học Lâm nghiệp (Cơ sở 1),7850101,Quản lý tài nguyên và môi trường,A00 | A16 | B00 | D01,16.3,
LNH,Đại học Lâm nghiệp (Cơ sở 1),7850103,Quản lý đất đai,A00 | A16 | B00 | D01,15.7,
LNH,Đại học Lâm nghiệp (Cơ sở 1),7850106,Quản lý tài nguyên thiên nhiên (dạy bằng tiếng Anh),B08 | D01 | D07 | D10,16.4,
LNH,Đại học Lâm nghiệp (Cơ sở 1),7810103,Quản trị dịch vụ du lịch và lữ hành,A00 | C00 | C15 | D01,15.7,
LNH,Đại học Lâm nghiệp (Cơ sở 1),7620211,Quản lý tài nguyên rừng,A00 | B00 | C15 | D01,15.3,
LNH,Đại học Lâm nghiệp (Cơ sở 1),7340101,Quản trị Kinh doanh,A00 | A16 | C15 | D01,16.6,
LNH,Đại học Lâm nghiệp (Cơ sở 1),7340201,Tài chính – Ngân hàng,A00 | A16 | C15 | D01,17.1,
LNH,Đại học Lâm nghiệp (Cơ sở 1),7580108,Thiết kế nội thất,A00 | C15 | D01 | H00,16.1,
LNH,Đại học Lâm nghiệp (Cơ sở 1),7640101,Thú y,A00 | A16 | B00 | B08,15.8,
UEF,Đại học Kinh tế - Tài chính TP HCM,7340116,Bất động sản,A00 | A01 | C00 | D01,18,
UEF,Đại học Kinh tế - Tài chính TP HCM,7320106,Công nghệ truyền thông,A00 | A01 | C00 | D01,18,
UEF,Đại học Kinh tế - Tài chính TP HCM,7480201,Công nghệ thông tin,A00 | A01 | C01 | D01,17,
UEF,Đại học Kinh tế - Tài chính TP HCM,7340205,Công nghệ tài chính,A00 | A01 | C01 | D01,16,
UEF,Đại học Kinh tế - Tài chính TP HCM,7340301,Kế toán,A00 | A01 | C01 | D01,16,
UEF,Đại học Kinh tế - Tài chính TP HCM,7460108,Khoa học dữ liệu (Data Science),A00 | A01 | C01 | D01,17,
UEF,Đại học Kinh tế - Tài chính TP HCM,7340302,Kiểm toán,A00 | A01 | C01 | D01,16,
UEF,Đại học Kinh tế - Tài chính TP HCM,7340121,Kinh doanh thương mại,A00 | A01 | C00 | D01,17,
UEF,Đại học Kinh tế - Tài chính TP HCM,7310106,Kinh tế quốc tế,A00 | A01 | C00 | D01,20,
UEF,Đại học Kinh tế - Tài chính TP HCM,7310109,Kinh tế số,A00 | A01 | C01 | D01,16,Kinh tế số
UEF,Đại học Kinh tế - Tài chính TP HCM,7480103,Kỹ thuật phần mềm,A00 | A01 | C01 | D01,17,
UEF,Đại học Kinh tế - Tài chính TP HCM,7510605,Logistics và Quản lý chuỗi cung ứng,A00 | A01 | C00 | D01,19,
UEF,Đại học Kinh tế - Tài chính TP HCM,7380108,Luật quốc tế,A00 | A01 | C00 | D01,19,
UEF,Đại học Kinh tế - Tài chính TP HCM,7380107,Luật kinh tế,A00 | A01 | C00 | D01,17,
UEF,Đại học Kinh tế - Tài chính TP HCM,7340115,Marketing,A00 | A01 | C00 | D01,18,
UEF,Đại học Kinh tế - Tài chính TP HCM,7340114,Marketing kỹ thuật số,A00 | A01 | C00 | D01,17,
UEF,Đại học Kinh tế - Tài chính TP HCM,7340120,Ngành Kinh doanh quốc tế,A00 | A01 | C00 | D01,19,
UEF,Đại học Kinh tế - Tài chính TP HCM,7380101,Ngành Luật,A00 | A01 | C00 | D01,17,
UEF,Đại học Kinh tế - Tài chính TP HCM,7220210,Ngôn ngữ Hàn Quốc,A01 | D01 | D14 | D15,16,
UEF,Đại học Kinh tế - Tài chính TP HCM,7220201,Ngôn ngữ Anh,A01 | D01 | D14 | D15,17,
UEF,Đại học Kinh tế - Tài chính TP HCM,7220209,Ngôn ngữ Nhật,A01 | D01 | D14 | D15,16,
UEF,Đại học Kinh tế - Tài chính TP HCM,7220204,Ngôn ngữ Trung Quốc,A01 | D01 | D14 | D15,16,
UEF,Đại học Kinh tế - Tài chính TP HCM,7340404,Quản trị nhân lực,A00 | A01 | C00 | D01,17,
UEF,Đại học Kinh tế - Tài chính TP HCM,7810201,Quản trị khách sạn,A00 | A01 | C00 | D01,16,
UEF,Đại học Kinh tế - Tài chính TP HCM,7310206,Quan hệ quốc tế,A01 | D01 | D14 | D15,21,
UEF,Đại học Kinh tế - Tài chính TP HCM,7810202,Quản trị nhà hàng và dịch vụ ăn uống,A00 | A01 | C00 | D01,16,
UEF,Đại học Kinh tế - Tài chính TP HCM,7340101,Quản trị Kinh doanh,A00 | A01 | C00 | D01,17,
UEF,Đại học Kinh tế - Tài chính TP HCM,7810103,Quản trị dịch vụ du lịch và lữ hành,A00 | A01 | C00 | D01,16,
UEF,Đại học Kinh tế - Tài chính TP HCM,7320108,Quan hệ công chúng,A00 | A01 | C00 | D01,17,
UEF,Đại học Kinh tế - Tài chính TP HCM,7340412,Quản trị sự kiện,A00 | A01 | C00 | D01,16,
UEF,Đại học Kinh tế - Tài chính TP HCM,7340206,Tài chính quốc tế,A00 | A01 | C01 | D01,20,
UEF,Đại học Kinh tế - Tài chính TP HCM,7340201,Tài chính – Ngân hàng,A00 | A01 | C01 | D01,16,
UEF,Đại học Kinh tế - Tài chính TP HCM,7310401,Tâm lý học,A01 | D01 | D14 | D15,16,
UEF,Đại học Kinh tế - Tài chính TP HCM,7210403,Thiết kế đồ họa,A00 | A01 | C01 | D01,16,
UEF,Đại học Kinh tế - Tài chính TP HCM,7340122,Thương mại điện tử,A00 | A01 | C01 | D01,17,
UEF,Đại học Kinh tế - Tài chính TP HCM,7320104,Truyền thông đa phương tiện,A00 | A01 | C00 | D01,18,
QHD,Trường Quản trị và Kinh doanh - ĐH Quốc gia Hà Nội,7900102,Marketing và Truyền thông,D01 | D09 | D10 | D96,21.2,
QHD,Trường Quản trị và Kinh doanh - ĐH Quốc gia Hà Nội,7900103,Quản trị Nhân lực và Nhân tài,D01 | D09 | D10 | D96,21,
QHD,Trường Quản trị và Kinh doanh - ĐH Quốc gia Hà Nội,7900101,Quản trị Doanh nghiệp và Công nghệ,A01 | D01 | D07 | D08,22,
QHD,Trường Quản trị và Kinh doanh - ĐH Quốc gia Hà Nội,7900189,Quản trị và An ninh,A01 | D01 | D07 | D08,22,
GDU,Đại học Gia Định,7320106,Công nghệ truyền thông,A00 | A01 | C00 | D01,15,
GDU,Đại học Gia Định,7480201,Công nghệ thông tin,A00 | A01 | C01 | D01,15,
GDU,Đại học Gia Định,7340205,Công nghệ tài chính,A00 | A01 | C00 | D01,15,
GDU,Đại học Gia Định,7310608,Đông phương học,A00 | A01 | C00 | D01,15,
GDU,Đại học Gia Định,7340301,Kế toán,A00 | A01 | C00 | D01,15,
GDU,Đại học Gia Định,7340121,Kinh doanh thương mại,A00 | A01 | C00 | D01,15,
GDU,Đại học Gia Định,7480103,Kỹ thuật phần mềm,A00 | A01 | C01 | D01,15,
GDU,Đại học Gia Định,7510605,Logistics và Quản lý chuỗi cung ứng,A00 | A01 | C00 | D01,15,
GDU,Đại học Gia Định,7380107,Luật kinh tế,A00 | A01 | C00 | D01,15,
GDU,Đại học Gia Định,7480102,Mạng máy tính và truyền thông dữ liệu,A00 | A01 | C01 | D01,15,
GDU,Đại học Gia Định,7340115,Marketing,A00 | A01 | C00 | D01,15,
GDU,Đại học Gia Định,7340120,Ngành Kinh doanh quốc tế,A00 | A01 | C00 | D01,15,
GDU,Đại học Gia Định,7380101,Ngành Luật,A00 | A01 | C00 | D01,15,
GDU,Đại học Gia Định,7220201,Ngôn ngữ Anh,A00 | A01 | C00 | D01,15,
GDU,Đại học Gia Định,7810103,Quản trị dịch vụ du lịch và lữ hành,A00 | A01 | C00 | D01,15,
GDU,Đại học Gia Định,7810201,Quản trị khách sạn,A00 | A01 | C00 | D01,15,
GDU,Đại học Gia Định,7320108,Quan hệ công chúng,A00 | A01 | C00 | D01,15,
GDU,Đại học Gia Định,7340101,Quản trị Kinh doanh,A00 | A01 | C00 | D01,15,
GDU,Đại học Gia Định,7340201,Tài chính – Ngân hàng,A00 | A01 | C00 | D01,15,
GDU,Đại học Gia Định,7340122,Thương mại điện tử,A00 | A01 | C00 | D01,15,
GDU,Đại học Gia Định,7320104,Truyền thông đa phương tiện,A00 | A01 | C00 | D01,15,
HDT,Đại học Hồng Đức,7620106,Chăn nuôi thú y,A00,15,
HDT,Đại học Hồng Đức,7480201,Công nghệ thông tin,A00,16,
HDT,Đại học Hồng Đức,7810101,Du lịch,C00,15,
HDT,Đại học Hồng Đức,7140201,Giáo dục Mầm non,M00,26.2,
HDT,Đại học Hồng Đức,7140202,Giáo dục Tiểu học,A00,28.42,
HDT,Đại học Hồng Đức,7810302,Golf,A00,15,
HDT,Đại học Hồng Đức,7340301,Kế toán,A00,16,
HDT,Đại học Hồng Đức,7620110,Khoa học cây trồng,A00,15,
HDT,Đại học Hồng Đức,7340302,Kiểm toán,A00,15,
HDT,Đại học Hồng Đức,7620115,Kinh tế nông nghiệp,A00,15,
HDT,Đại học Hồng Đức,7310101,Kinh tế,A00,15,
HDT,Đại học Hồng Đức,7520201,Kỹ thuật điện,A00,15,
HDT,Đại học Hồng Đức,7580201,Kỹ thuật xây dựng,A00,15,
HDT,Đại học Hồng Đức,7620201,Lâm học,A00,15,
HDT,Đại học Hồng Đức,7510605,Logistics và Quản lý chuỗi cung ứng,A00,15,
HDT,Đại học Hồng Đức,7380107,Luật kinh tế,C00,15,
HDT,Đại học Hồng Đức,7380101,Ngành Luật,C00,16,
HDT,Đại học Hồng Đức,7220201,Ngôn ngữ Anh,A01,16,
HDT,Đại học Hồng Đức,7810201,Quản trị khách sạn,D01,15,
HDT,Đại học Hồng Đức,7850103,Quản lý đất đai,A00,15,
HDT,Đại học Hồng Đức,7340101,Quản trị Kinh doanh,A00,16,
HDT,Đại học Hồng Đức,7580302,Quản lý xây dựng,A00,15,
HDT,Đại học Hồng Đức,7140217,Sư phạm Ngữ văn,C00,28.83,
HDT,Đại học Hồng Đức,7140210,Sư phạm Tin học (Chuyên ngành Tin học – Công nghệ Tiểu học),A00,24.87,
HDT,Đại học Hồng Đức,7140247,Sư phạm khoa học tự nhiên,A00,25.75,
HDT,Đại học Hồng Đức,7140249,Sư phạm Lịch sử - Địa lý,C00,28.58,
HDT,Đại học Hồng Đức,7140209,Sư phạm Toán học,A00,26.28,
HDT,Đại học Hồng Đức,7140231,Sư phạm Tiếng Anh,A01,26.85,
HDT,Đại học Hồng Đức,7340201,Tài chính – Ngân hàng,A00,15,
HDT,Đại học Hồng Đức,7310401,Tâm lý học,C00,15,
HDT,Đại học Hồng Đức,7320104,Truyền thông đa phương tiện,D01,15,
HPN,Học viện Phụ nữ Việt Nam,7760101,Công tác xã hội,A00 | A01 | C00 | D01,22.25,
HPN,Học viện Phụ nữ Việt Nam,7480201,Công nghệ thông tin,A00 | A01 | D01 | D09,20.5,
HPN,Học viện Phụ nữ Việt Nam,7310399,Giới và Phát triển*,A00 | A01 | C00 | D01,15.5,
HPN,Học viện Phụ nữ Việt Nam,7310101,Kinh tế,C00,24,
HPN,Học viện Phụ nữ Việt Nam,7310101,Kinh tế,A00 | A01 | D01,23,
HPN,Học viện Phụ nữ Việt Nam,7310109,Kinh tế số,C00,20,
HPN,Học viện Phụ nữ Việt Nam,7310109,Kinh tế số,A00 | A01 | D01,19,
HPN,Học viện Phụ nữ Việt Nam,7380107,Luật kinh tế,A00 | A01 | C00 | D01,24.5,
HPN,Học viện Phụ nữ Việt Nam,7380101,Ngành Luật,A00 | A01 | C00 | D01,24.25,
HPN,Học viện Phụ nữ Việt Nam,7340101,Quản trị Kinh doanh,A00 | A01 | D01,24,
HPN,Học viện Phụ nữ Việt Nam,7810103,Quản trị dịch vụ du lịch và lữ hành,A00 | A01 | C00 | D01,25.25,
HPN,Học viện Phụ nữ Việt Nam,7340101TA,Quản trị kinh doanh (Đào tạo bằng tiếng Anh),C00,25,
HPN,Học viện Phụ nữ Việt Nam,7340101TA,Quản trị kinh doanh (Đào tạo bằng tiếng Anh),A00 | A01 | D01,24,
HPN,Học viện Phụ nữ Việt Nam,7340101,Quản trị Kinh doanh,C00,25,
HPN,Học viện Phụ nữ Việt Nam,7310401,Tâm lý học,A00 | A01 | C00 | D01,24.5,
HPN,Học viện Phụ nữ Việt Nam,7320104,Truyền thông đa phương tiện,A00 | A01 | C00 | D01,26,
DPT,Đại học Phan Thiết,7480201,Công nghệ thông tin,A00 | A01 | C01 | D01,15,
DPT,Đại học Phan Thiết,7340301,Kế toán,A00 | A01 | C04 | D01,15,
DPT,Đại học Phan Thiết,7720601,Kỹ thuật xét nghiệm y học,A00 | B00 | D07 | D08,19,
DPT,Đại học Phan Thiết,7520130,Kỹ thuật ô tô,A00 | A01 | A02 | C01,15,
DPT,Đại học Phan Thiết,7580201,Kỹ thuật xây dựng,A00 | A01 | C01 | D01,15,
DPT,Đại học Phan Thiết,7520103,Kỹ thuật cơ khí,A00 | A01 | A02 | C01,15,
DPT,Đại học Phan Thiết,7510605,Logistics và Quản lý chuỗi cung ứng,A00 | A01 | C04 | D01,15,
DPT,Đại học Phan Thiết,738101,Luật,C00 | D14 | D66 | D84,15,
DPT,Đại học Phan Thiết,7380107,Luật kinh tế,C00 | D14 | D66 | D84,15,
DPT,Đại học Phan Thiết,7220201,Ngôn ngữ Anh,D01 | D14 | D15 | D66,15,
DPT,Đại học Phan Thiết,7340101,Quản trị Kinh doanh,A00 | A01 | C04 | D01,15,
DPT,Đại học Phan Thiết,7810103,Quản trị dịch vụ du lịch và lữ hành,A00 | A01 | C00 | D01,15,
DPT,Đại học Phan Thiết,7810201,Quản trị khách sạn,A00 | A01 | C00 | D01,15,
DPT,Đại học Phan Thiết,7810202,Quản trị nhà hàng và dịch vụ ăn uống,A00 | A01 | C00 | D01,15,
DPT,Đại học Phan Thiết,7340201,Tài chính – Ngân hàng,A00 | A01 | C04 | D01,15,
HHT,Đại học Hà Tĩnh,7310201,Chính trị học,A00,15,
HHT,Đại học Hà Tĩnh,7480201,Công nghệ thông tin,A00,15,
HHT,Đại học Hà Tĩnh,7140202,Giáo dục Tiểu học,C04,26.59,
HHT,Đại học Hà Tĩnh,7340301,Kế toán,A00,15,
HHT,Đại học Hà Tĩnh,7620110,Khoa học cây trồng,A00,15,
HHT,Đại học Hà Tĩnh,7440301,Khoa học môi trường,A00,15,
HHT,Đại học Hà Tĩnh,7620115,Kinh tế nông nghiệp,A00,15,
HHT,Đại học Hà Tĩnh,7580201,Kỹ thuật xây dựng,A00,15,
HHT,Đại học Hà Tĩnh,7380101,Ngành Luật,A00,15,
HHT,Đại học Hà Tĩnh,7220201,Ngôn ngữ Anh,D01,15,
HHT,Đại học Hà Tĩnh,7220204,Ngôn ngữ Trung Quốc,C20,15,
HHT,Đại học Hà Tĩnh,7810103,Quản trị dịch vụ du lịch và lữ hành,A00,15,
HHT,Đại học Hà Tĩnh,7340101,Quản trị Kinh doanh,A00,15,
HHT,Đại học Hà Tĩnh,7340201,Tài chính – Ngân hàng,A00,15,
HHT,Đại học Hà Tĩnh,7640101,Thú y,A00,15,
HHK,Học viện Hàng không Việt Nam,7480201,Công nghệ thông tin,A00 | A01 | D07,18,
HHK,Học viện Hàng không Việt Nam,7510102X,Công nghệ kỹ thuật công trình xây dựng CN xây dựng và phát triển cảng hàng không,A00 | A01 | D07,16,
HHK,Học viện Hàng không Việt Nam,7510303,Công nghệ kỹ thuật điều khiển và tự động hóa,A00 | A01 | D07,16,
HHK,Học viện Hàng không Việt Nam,7510102Q,Công nghệ kỹ thuật công trình xây dựng CN quản lý và khai thác cảng hàng không,A00 | A01 | D07,16,
HHK,Học viện Hàng không Việt Nam,7510302,Điện tử - viễn thông,A00 | A01 | D07,16,
HHK,Học viện Hàng không Việt Nam,7840104K,Kinh tế vận tải CN kinh tế hàng không,A01 | D01 | D14 | D15,22,
HHK,Học viện Hàng không Việt Nam,7840104L,Kinh tế vận tải Logistics,A01 | D01 | D14 | D15,22,
HHK,Học viện Hàng không Việt Nam,7840104E,Kinh tế vận tải học bằng tiếng Anh,A01 | D01 | D14 | D15,20,
HHK,Học viện Hàng không Việt Nam,7520120E,Kỹ thuật hàng không học bằng tiếng Anh,A00 | A01 | D07,22.5,
HHK,Học viện Hàng không Việt Nam,7520120,Kỹ thuật hàng không,A00 | A01 | D07,23.6,
HHK,Học viện Hàng không Việt Nam,7340120,Ngành Kinh doanh quốc tế,A01 | D01 | D14 | D15,22,
HHK,Học viện Hàng không Việt Nam,7220201,Ngôn ngữ Anh,A01 | D01 | D14 | D15,20,
HHK,Học viện Hàng không Việt Nam,7840102E,Quản lý hoạt động bay học bằng tiếng Anh,A00 | A01 | D01 | D07,26,
HHK,Học viện Hàng không Việt Nam,7810103T,Quản trị dịch vụ du lịch và lữ hành CN quản trị dịch vụ thương mại hàng không,A01 | D01 | D14 | D15,22,
HHK,Học viện Hàng không Việt Nam,7340101,Quản trị Kinh doanh,A01 | D01 | D14 | D15,19.5,
HHK,Học viện Hàng không Việt Nam,7340404,Quản trị nhân lực,A01 | D01 | D14 | D15,20,
HHK,Học viện Hàng không Việt Nam,7340101E,Quản trị kinh doanh - Tiếng Anh,A01 | D01 | D14 | D15,19.5,
HHK,Học viện Hàng không Việt Nam,7810103,Quản trị dịch vụ du lịch và lữ hành,A01 | D01 | D14 | D15,22,
HHK,Học viện Hàng không Việt Nam,7840102,Quản lý hoạt động bay,A00 | A01 | D01 | D07,25.5,
KHA,Đại học Kinh tế quốc dân,7480202,An toàn thông tin,A00 | A01 | D01 | D07,35,thang 40
KHA,Đại học Kinh tế quốc dân,7340204,Bảo hiểm,A00 | A01 | D01 | D07,26.71,
KHA,Đại học Kinh tế quốc dân,7340116,Bất động sản,A00 | A01 | D01 | D07,26.83,
KHA,Đại học Kinh tế quốc dân,EP09,Công nghệ tài chính (BFT),A00 | A01 | D01 | D07,26.96,
KHA,Đại học Kinh tế quốc dân,7480201,Công nghệ thông tin,A00 | A01 | D01 | D07,35.17,thang 40
KHA,Đại học Kinh tế quốc dân,EP10,Đầu tư tài chính (BFI - tiếng Anh hệ số 2),A01 | D01 | D07 | D10,36.36,thang 40
KHA,Đại học Kinh tế quốc dân,EP02,Định phí Bảo hiểm & Quản trị rủi ro (Actuary) học bằng tiếng Anh,A01 | D01 | D07 | D09,26.57,
KHA,Đại học Kinh tế quốc dân,7480104,Hệ thống thông tin,A00 | A01 | D01 | D07,35.94,thang 40
KHA,Đại học Kinh tế quốc dân,7340405,Hệ thống thông tin,A00 | A01 | D01 | D07,36.36,thang 40
KHA,Đại học Kinh tế quốc dân,7340301,Kế toán,A00 | A01 | D01 | D07,27.29,
KHA,Đại học Kinh tế quốc dân,EP04,Kế toán tích hợp chứng chỉ quốc tế (ICAEW CFAB),A01 | D01 | D07 | D09,27.2,
KHA,Đại học Kinh tế quốc dân,EP03,Khoa học dữ liệu trong Kinh tế & Kinh doanh (DSEB),A01 | D01 | D07 | D09,26.97,
KHA,Đại học Kinh tế quốc dân,7480101,Khoa học máy tính,A00 | A01 | D01 | D07,35.55,thang 40
KHA,Đại học Kinh tế quốc dân,EP15,Khoa học dữ liệu,A00 | A01 | D01 | D07,35.46,
KHA,Đại học Kinh tế quốc dân,7340401,Khoa học quản lý,A00 | A01 | D01 | D07,27.1,
KHA,Đại học Kinh tế quốc dân,EP01,Khởi nghiệp và phát triển kinh doanh (BBAE) học bằng tiếng Anh (tiếng Anh hệ số 2),A01 | D01 | D07 | D09,36.25,thang 40
KHA,Đại học Kinh tế quốc dân,EP12,Kiểm toán tích hợp chứng chỉ quốc tế (AUD-ICAEW),A00 | A01 | D01 | D07,27.45,
KHA,Đại học Kinh tế quốc dân,7340302,Kiểm toán,A00 | A01 | D01 | D07,27.79,
KHA,Đại học Kinh tế quốc dân,7340121,Kinh doanh thương mại,A00 | A01 | D01 | D07,27.57,
KHA,Đại học Kinh tế quốc dân,7310101_2,Kinh tế,A00 | A01 | D01 | D07,27.01,
KHA,Đại học Kinh tế quốc dân,7310101_1,Kinh tế,A00 | A01 | D01 | D07,27.2,
KHA,Đại học Kinh tế quốc dân,7310106,Kinh tế quốc tế,A00 | A01 | D01 | D07,27.54,
KHA,Đại học Kinh tế quốc dân,7620114,Kinh doanh nông nghiệp,A00 | A01 | B00 | D01,26.81,
KHA,Đại học Kinh tế quốc dân,7850102,Kinh tế tài nguyên thiên nhiên,A00 | A01 | B00 | D01,26.87,
KHA,Đại học Kinh tế quốc dân,7310105,Kinh tế phát triển,A00 | A01 | D01 | D07,27.2,
KHA,Đại học Kinh tế quốc dân,7310101_3,Kinh tế,A00 | A01 | D01 | D07,27.34,
KHA,Đại học Kinh tế quốc dân,EP05,Kinh doanh số (E-BDB),A01 | D01 | D07 | D09,27,
KHA,Đại học Kinh tế quốc dân,EP13,Kinh tế học tài chính (FE),A00 | A01 | D01 | D07,26.96,
KHA,Đại học Kinh tế quốc dân,7310104,Kinh tế đầu tư,A00 | A01 | B00 | D01,27.4,
KHA,Đại học Kinh tế quốc dân,7620115,Kinh tế nông nghiệp,A00 | A01 | B00 | D01,26.85,
KHA,Đại học Kinh tế quốc dân,EP17,Kỹ thuật phần mềm,A00 | A01 | D01 | D07,34.06,
KHA,Đại học Kinh tế quốc dân,EP14,Logistics và Quản lý chuỗi cung ứng tích hợp chứng chỉ quốc tế (LSIC),A01 | D01 | D07 | D10,36.42,thang 40
KHA,Đại học Kinh tế quốc dân,7510605,Logistics và Quản lý chuỗi cung ứng,A00 | A01 | D01 | D07,27.89,
KHA,Đại học Kinh tế quốc dân,7380107,Luật kinh tế,A00 | A01 | D01 | D07,27.05,
KHA,Đại học Kinh tế quốc dân,POHE4,Luật kinh doanh,A01 | D01 | D07 | D09,35.26,thang 40
KHA,Đại học Kinh tế quốc dân,7340115,Marketing,A00 | A01 | D01 | D07,27.78,
KHA,Đại học Kinh tế quốc dân,7340120,Ngành Kinh doanh quốc tế,A00 | A01 | D01 | D07,27.71,
KHA,Đại học Kinh tế quốc dân,7380101,Ngành Luật,A00 | A01 | D01 | D07,26.91,
KHA,Đại học Kinh tế quốc dân,7220201,Ngôn ngữ Anh,A01 | D01 | D09 | D10,35.6,thang 40
KHA,Đại học Kinh tế quốc dân,EP06,Phân tích kinh doanh (BA),A01 | D01 | D07 | D09,27.48,
KHA,Đại học Kinh tế quốc dân,POHE6,Quản lí thị trường,A01 | D01 | D07 | D09,35.88,thang 40
KHA,Đại học Kinh tế quốc dân,POHE1,Quản trị khách sạn,A01 | D01 | D07 | D09,35.8,thang 40
KHA,Đại học Kinh tế quốc dân,EP08,Quản trị chất lượng và Đổi mới (E-MQI),A01 | D01 | D07 | D10,26.86,
KHA,Đại học Kinh tế quốc dân,7810103,Quản trị dịch vụ du lịch và lữ hành,A00 | A01 | D01 | D07,26.71,
KHA,Đại học Kinh tế quốc dân,7340404,Quản trị nhân lực,A00 | A01 | D01 | D07,27.25,
KHA,Đại học Kinh tế quốc dân,7340403,Quản lý công,A00 | A01 | D01 | D07,26.96,
KHA,Đại học Kinh tế quốc dân,7320108,Quan hệ công chúng,A01 | C03 | C04 | D01,28.18,
KHA,Đại học Kinh tế quốc dân,POHE5,Quản trị kinh doanh thương mại,A01 | D01 | D07 | D09,36.59,thang 40
KHA,Đại học Kinh tế quốc dân,EPMP,Quản lý công và chính sách học bằng tiếng Anh (EPMP),A00 | A01 | D01 | D07,26.7,
KHA,Đại học Kinh tế quốc dân,EP07,Quản trị điều hành thông minh (E-SOM),A01 | D01 | D07 | D10,26.96,
KHA,Đại học Kinh tế quốc dân,7850103,Quản lý đất đai,A00 | A01 | D01 | D07,26.85,
KHA,Đại học Kinh tế quốc dân,7810201,Quản trị khách sạn,A00 | A01 | D01 | D07,26.94,
KHA,Đại học Kinh tế quốc dân,EBBA,Quản trị kinh doanh học bằng tiếng Anh (EBBA),A00 | A01 | D01 | D07,27.01,
KHA,Đại học Kinh tế quốc dân,POHE2,Quản trị lữ hành,A01 | D01 | D07 | D09,35.75,thang 40
KHA,Đại học Kinh tế quốc dân,EP11,Quản trị khách sạn quốc tế (IHME - tiếng Anh hệ số 2),A01 | D01 | D09 | D10,35.65,thang 40
KHA,Đại học Kinh tế quốc dân,EP18,Quản trị giải trí và sự kiện,A01 | D01 | D09 | D10,36.55,
KHA,Đại học Kinh tế quốc dân,7850101,Quản lý tài nguyên và môi trường,A00 | A01 | D01 | D07,26.76,
KHA,Đại học Kinh tế quốc dân,7340409,Quản lý dự án,A00 | A01 | B00 | D01,27.15,
KHA,Đại học Kinh tế quốc dân,7340101,Quản trị Kinh doanh,A00 | A01 | D01 | D07,27.15,
KHA,Đại học Kinh tế quốc dân,7340201,Tài chính – Ngân hàng,A00 | A01 | D01 | D07,27.03,
KHA,Đại học Kinh tế quốc dân,POHE7,Thẩm định giá,A01 | D01 | D07 | D09,36.05,thang 40
KHA,Đại học Kinh tế quốc dân,7310107,Thống kê kinh tế,A00 | A01 | D01 | D07,36.23,thang 40
KHA,Đại học Kinh tế quốc dân,7340122,Thương mại điện tử,A00 | A01 | D01 | D07,28.02,
KHA,Đại học Kinh tế quốc dân,7310108,Toán kinh tế,A00 | A01 | D01 | D07,36.2,thang 40
KHA,Đại học Kinh tế quốc dân,EP16,Trí tuệ nhân tạo,A00 | A01 | D01 | D07,34.5,
KHA,Đại học Kinh tế quốc dân,POHE3,Truyền thông Marketing,A01 | D01 | D07 | D09,37.49,thang 40
QSY,Khoa Y - Đại học Quốc Gia TP HCM,7720301,Điều dưỡng,B00,22.6,
QSY,Khoa Y - Đại học Quốc Gia TP HCM,7720201,Dược học,A00 | B00,25.31,
QSY,Khoa Y - Đại học Quốc Gia TP HCM,7720501,Răng- Hàm -Mặt,B00,26.33,
QSY,Khoa Y - Đại học Quốc Gia TP HCM,7720101,Y khoa,B00,26.4,
QSY,Khoa Y - Đại học Quốc Gia TP HCM,7720115,Y học cổ truyền,B00,24.24,
HTA,Học viện Tòa án,7380101|12C00,Luật (Nữ - Phía Nam),C00,27.67,
HTA,Học viện Tòa án,7380101|11D01,Luật (Nữ - Phía Bắc),D01,25.32,
HTA,Học viện Tòa án,7380101|21C00,Luật (Nam - Phía Bắc),C00,28.1,
HTA,Học viện Tòa án,7380101|22D01,Luật (Nam - Phía Nam),D01,21.95,
HTA,Học viện Tòa án,7380101|12A01,Luật (Nữ - Phía Nam),A01,21.7,
HTA,Học viện Tòa án,7380101|11C00,Luật (Nữ - Phía Bắc),C00,28.2,
HTA,Học viện Tòa án,7380101|22A01,Luật (Nam - Phía Nam),A01,21.05,
HTA,Học viện Tòa án,7380101|11A00,Luật (Nữ - Phía Bắc),A00,24.49,
HTA,Học viện Tòa án,7380101|21A01,Luật (Nam - Phía Bắc),A01,22.7,
HTA,Học viện Tòa án,7380101|12D01,Luật (Nữ - Phía Nam),D01,23.75,
HTA,Học viện Tòa án,7380101|22A00,Luật (Nam - Phía Nam),A00,23.75,
HTA,Học viện Tòa án,7380101|21A00,Luật (Nam - Phía Bắc),A00,23.42,
HTA,Học viện Tòa án,7380101|21D01,Luật (Nam - Phía Bắc),D01,24.68,
HTA,Học viện Tòa án,7380101|22C00,Luật (Nam - Phía Nam),C00,27.67,
HTA,Học viện Tòa án,7380101|12A00,Luật (Nữ - Phía Nam),A00,24.3,
HTA,Học viện Tòa án,7380101|11A01,Luật (Nữ - Phía Bắc),A01,22.85,
DKS,Đại học Kiểm sát Hà Nội,7380101|12D01,Luật (Nữ - Phía Nam),D01,23.23,
DKS,Đại học Kiểm sát Hà Nội,7380101|22C00,Luật (Nam - Phía Nam),C00,24.2,
DKS,Đại học Kiểm sát Hà Nội,7380101|21D01,Luật (Nam - Phía Bắc),D01,24.75,
DKS,Đại học Kiểm sát Hà Nội,7380101|12C00,Luật (Nữ - Phía Nam),C00,26.03,
DKS,Đại học Kiểm sát Hà Nội,7380101|22A01,Luật (Nam - Phía Nam),A01,20.45,
DKS,Đại học Kiểm sát Hà Nội,7380101|21C00,Luật (Nam - Phía Bắc),C00,27.58,
DKS,Đại học Kiểm sát Hà Nội,7380101|12A00,Luật (Nữ - Phía Nam),A00,22.7,
DKS,Đại học Kiểm sát Hà Nội,7380101|11A01,Luật (Nữ - Phía Bắc),A01,23.48,
DKS,Đại học Kiểm sát Hà Nội,7380101|11D01,Luật (Nữ - Phía Bắc),D01,25.51,
DKS,Đại học Kiểm sát Hà Nội,7380101|21A00,Luật (Nam - Phía Bắc),A00,24.3,
DKS,Đại học Kiểm sát Hà Nội,7380101|11A00,Luật (Nữ - Phía Bắc),A00,24.35,
DKS,Đại học Kiểm sát Hà Nội,7380101|11C00,Luật (Nữ - Phía Bắc),C00,28.42,
DKS,Đại học Kiểm sát Hà Nội,7380101|22D01,Luật (Nam - Phía Nam),D01,22.4,
DKS,Đại học Kiểm sát Hà Nội,7380101|12A01,Luật (Nữ - Phía Nam),A01,22.35,
DKS,Đại học Kiểm sát Hà Nội,7380101|22A00,Luật (Nam - Phía Nam),A00,23.15,
DKS,Đại học Kiểm sát Hà Nội,7380101|21A01,Luật (Nam - Phía Bắc),A01,24.6,
DSK,Đại học Sư phạm Kỹ thuật - Đại học Đà Nẵng,7510205KT,Công nghệ kỹ thuật ô tô (đào tạo 2 năm đầu tại Kon Tum),A00 | A01 | C01 | D01,20.3,
DSK,Đại học Sư phạm Kỹ thuật - Đại học Đà Nẵng,7510303,Công nghệ kỹ thuật điều khiển và tự động hóa,A00 | A01 | C01 | D01,23.19,
DSK,Đại học Sư phạm Kỹ thuật - Đại học Đà Nẵng,7510205,Công nghệ kỹ thuật ô tô,A00 | A01 | C01 | D01,23.4,
DSK,Đại học Sư phạm Kỹ thuật - Đại học Đà Nẵng,7510201,Công nghệ kỹ thuật cơ khí (chuyên ngành Cơ khí chế tạo),A00 | A01 | C01 | D01,21.6,
DSK,Đại học Sư phạm Kỹ thuật - Đại học Đà Nẵng,7510104,Công nghệ kỹ thuật giao thông (chuyên ngành Xây dựng cầu đường),A00 | A01 | C01 | D01,18.5,
DSK,Đại học Sư phạm Kỹ thuật - Đại học Đà Nẵng,7510402,Công nghệ vật liệu,A00 | A01 | B00 | D01,15.4,
DSK,Đại học Sư phạm Kỹ thuật - Đại học Đà Nẵng,7510205A,Công nghệ kỳ thuật ỏ tô (hệ Chat lượng cao ticng Anh),A00 | A01 | C01 | D01,22.85,
DSK,Đại học Sư phạm Kỹ thuật - Đại học Đà Nẵng,7510303KT,Công nghệ kỹ thuật điều khiển và tự động hóa (đào tạo 2 năm đầu tại Kon Tum),A00 | A01 | C01 | D01,16.3,
DSK,Đại học Sư phạm Kỹ thuật - Đại học Đà Nẵng,7510302N,"Công nghệ kỹ thuật điện tử, viễn thông (Việt - Nhật)",A00 | A01 | C01 | D01,24,
DSK,Đại học Sư phạm Kỹ thuật - Đại học Đà Nẵng,7510406,Công nghệ kỹ thuật Môi trường,A00 | A01 | B00 | D01,17.05,
DSK,Đại học Sư phạm Kỹ thuật - Đại học Đà Nẵng,7510101,Công nghệ kỹ thuật kiến trúc,A00 | D01 | V00 | V01,17.55,
DSK,Đại học Sư phạm Kỹ thuật - Đại học Đà Nẵng,7510301A,Công nghệ kỹ thuật điện - Điện tử (hệ Chất lượng cao tiếng Anh),A00 | A01 | C01 | D01,21.95,
DSK,Đại học Sư phạm Kỹ thuật - Đại học Đà Nẵng,7480201,Công nghệ thông tin,A00 | A01 | C01 | D01,23.35,
DSK,Đại học Sư phạm Kỹ thuật - Đại học Đà Nẵng,7510401,Công nghệ kỹ thuật hoá học,A00 | A01 | B00 | D01,21.6,
DSK,Đại học Sư phạm Kỹ thuật - Đại học Đà Nẵng,7510302A,Công nghệ kỷ thuật Diện từ - Viễn thông (hệ Chất lưựng cao tiếng Anh),A00 | A01 | C01 | D01,24.35,
DSK,Đại học Sư phạm Kỹ thuật - Đại học Đà Nẵng,7510203,Công nghệ kỹ thuật cơ điện tử,A00 | A01 | C01 | D01,22.05,
DSK,Đại học Sư phạm Kỹ thuật - Đại học Đà Nẵng,7510206,Công nghệ kỹ thuật nhiệt,A00 | A01 | C01 | D01,21.2,
DSK,Đại học Sư phạm Kỹ thuật - Đại học Đà Nẵng,7510301B,"Công nghệ kĩ thuật điện, điện tử",A00 | A01 | C01 | D01,20.9,
DSK,Đại học Sư phạm Kỹ thuật - Đại học Đà Nẵng,7510103,Công nghệ kỹ thuật xây dựng (chuyên ngành Xây dựng dân dụng & Công nghiệp),A00 | A01 | C01 | D01,16,
DSK,Đại học Sư phạm Kỹ thuật - Đại học Đà Nẵng,7510302,Điện tử - viễn thông,A00 | A01 | C01 | D01,22.35,
DSK,Đại học Sư phạm Kỹ thuật - Đại học Đà Nẵng,7540102A,"Kỹ thuật thực phẩm, chuyên ngành Kỹ thuật Sinh học thực phẩm",A00 | A01 | B00 | D01,15.9,
DSK,Đại học Sư phạm Kỹ thuật - Đại học Đà Nẵng,7580210,Kỹ thuật cơ sở hạ tầng,A00 | A01 | C01 | D01,18.45,
DSK,Đại học Sư phạm Kỹ thuật - Đại học Đà Nẵng,7540102,Kỹ thuật thực phẩm,A00 | A01 | B00 | D01,18.4,
DSK,Đại học Sư phạm Kỹ thuật - Đại học Đà Nẵng,7140214,Sư phạm Kỹ thuật công nghiệp (chuyên ngành Công nghệ thông tin),A00 | A01 | C01 | D01,21.95,
HNM,Đại học Thủ Đô Hà Nội,7850201,Bảo hộ lao động,A00 | A01 | D01 | D07,26.5,
HNM,Đại học Thủ Đô Hà Nội,7310201,Chính trị học,C00 | D01 | D66 | D78,24.65,
HNM,Đại học Thủ Đô Hà Nội,7480201,Công nghệ thông tin,A00 | A01 | D01 | D07,23.65,
HNM,Đại học Thủ Đô Hà Nội,7510406,Công nghệ kỹ thuật Môi trường,A00 | A01 | D01 | D07,18.9,
HNM,Đại học Thủ Đô Hà Nội,7760101,Công tác xã hội,C00 | D01 | D14 | D78,24.87,
HNM,Đại học Thủ Đô Hà Nội,7460112,ĐH Toán ứng dụng,A00 | A01 | D01 | D07,24.68,
HNM,Đại học Thủ Đô Hà Nội,7140204,Giáo dục Công dân,D66 | D78 | D84 | D96,25.99,
HNM,Đại học Thủ Đô Hà Nội,7140206,Giáo dục Thể chất,T05,24,
HNM,Đại học Thủ Đô Hà Nội,7140201,Giáo dục Mầm non,D01 | D72 | D90 | D96,24.45,
HNM,Đại học Thủ Đô Hà Nội,7140202,Giáo dục Tiểu học,D01 | D72 | D78 | D96,26.26,
HNM,Đại học Thủ Đô Hà Nội,7510605,Logistics và Quản lý chuỗi cung ứng,A00 | C00 | D01 | D96,26.86,
HNM,Đại học Thủ Đô Hà Nội,7380101,Ngành Luật,C00 | D01 | D66 | D78,26.5,
HNM,Đại học Thủ Đô Hà Nội,7220201,Ngôn ngữ Anh,D01 | D14 | D15 | D78,26.1,
HNM,Đại học Thủ Đô Hà Nội,7220204,Ngôn ngữ Trung Quốc,D01 | D14 | D15 | D78,26.25,
HNM,Đại học Thủ Đô Hà Nội,7810103,Quản trị dịch vụ du lịch và lữ hành,D01 | D14 | D15 | D78,24.88,
HNM,Đại học Thủ Đô Hà Nội,7340403,Quản lý công,A00 | C00 | D01 | D96,23.47,
HNM,Đại học Thủ Đô Hà Nội,7340101,Quản trị Kinh doanh,A00 | C00 | D01 | D96,26.62,
HNM,Đại học Thủ Đô Hà Nội,7140114,Quản lý giáo dục,C00 | D01 | D14 | D78,26.03,
HNM,Đại học Thủ Đô Hà Nội,7810201,Quản trị khách sạn,D01 | D14 | D15 | D78,24.8,
HNM,Đại học Thủ Đô Hà Nội,7140218,Sư phạm Lịch sử,D09 | D14 | D78 | D96,26.18,
HNM,Đại học Thủ Đô Hà Nội,7140211,Sư phạm Vật lý,A01 | D01 | D07 | D90,25.65,
HNM,Đại học Thủ Đô Hà Nội,7140209,Sư phạm Toán học,A01 | D01 | D07 | D90,26.5,
HNM,Đại học Thủ Đô Hà Nội,7140217,Sư phạm Ngữ văn,D01 | D14 | D15 | D78,26.58,
HNM,Đại học Thủ Đô Hà Nội,7340201,Tài chính – Ngân hàng,A00 | A01 | D01 | D96,24.49,
HNM,Đại học Thủ Đô Hà Nội,7310401,Tâm lý học,C00 | D01,26.63,
HNM,Đại học Thủ Đô Hà Nội,7229030,Văn học,C00 | C20 | D01 | D14,27.08,
HNM,Đại học Thủ Đô Hà Nội,7229040,Văn hoá học,C00 | D01 | D14 | D78,25.57,
HNM,Đại học Thủ Đô Hà Nội,7310630,Việt Nam học,C00 | C20 | D01 | D14,26.36,
BVS,Học viện Công nghệ Bưu chính Viễn thông (phía Nam),7480202,An toàn thông tin,A00 | A01,24.68,
BVS,Học viện Công nghệ Bưu chính Viễn thông (phía Nam),7480201_CLC,Công nghệ thông tin (Chất lượng cao): Chương trình đào tạo đạt chuẩn kiểm định quốc tế AUN-QA,A00 | A01,23.25,
BVS,Học viện Công nghệ Bưu chính Viễn thông (phía Nam),7510301,"Công nghệ kỹ thuật điện, điện tử",A00 | A01,20.85,
BVS,Học viện Công nghệ Bưu chính Viễn thông (phía Nam),7520208,Công nghệ Internet vạn vật,A00 | A01,18,
BVS,Học viện Công nghệ Bưu chính Viễn thông (phía Nam),7480201,Công nghệ thông tin,A00 | A01,25.17,
BVS,Học viện Công nghệ Bưu chính Viễn thông (phía Nam),7329001,Công nghệ đa phương tiện,A00 | A01 | D01,23.95,
BVS,Học viện Công nghệ Bưu chính Viễn thông (phía Nam),7340301,Kế toán,A00 | A01 | D01,20.95,
BVS,Học viện Công nghệ Bưu chính Viễn thông (phía Nam),7340115_CLC,Marketing CLC,A00 | A01 | D01,18,
BVS,Học viện Công nghệ Bưu chính Viễn thông (phía Nam),7340115,Marketing,A00 | A01 | D01,24.24,
BVS,Học viện Công nghệ Bưu chính Viễn thông (phía Nam),7520216,Ngành Kỹ thuật điều khiển & Tự động hóa,A00 | A01,19.65,
BVS,Học viện Công nghệ Bưu chính Viễn thông (phía Nam),7520207,Ngành Kỹ thuật điện tử truyền thông,A00 | A01,23.23,
BVS,Học viện Công nghệ Bưu chính Viễn thông (phía Nam),7340101,Quản trị Kinh doanh,A00 | A01 | D01,18.4,
DHY,Đại học Y Dược - Đại học Huế,7720301,Điều dưỡng,B00 | B08,19.9,
DHY,Đại học Y Dược - Đại học Huế,7720401,Dinh dưỡng,B00 | B08,15,
DHY,Đại học Y Dược - Đại học Huế,7720201,Dược học,A00 | B00,24.55,
DHY,Đại học Y Dược - Đại học Huế,7720302,Hộ sinh,B00 | B08,29,
DHY,Đại học Y Dược - Đại học Huế,7720602,Kỹ thuật hình ảnh y học,A00 | B00,19.8,
DHY,Đại học Y Dược - Đại học Huế,7720601,Kỹ thuật xét nghiệm y học,B00 | B08,21.7,
DHY,Đại học Y Dược - Đại học Huế,7720501,Răng- Hàm -Mặt,B00,25.95,
DHY,Đại học Y Dược - Đại học Huế,7720701,Y tế công cộng,B00 | B08,15,
DHY,Đại học Y Dược - Đại học Huế,7720115,Y học cổ truyền,B00,23.5,
DHY,Đại học Y Dược - Đại học Huế,7720110,Y học dự phòng,B00 | B08,19,
DHY,Đại học Y Dược - Đại học Huế,7720101,Y khoa,B00,26.3,
DBD,Đại học Bình Dương,7510301,"Công nghệ kỹ thuật điện, điện tử",A00 | A02 | A09 | D01,15,
DBD,Đại học Bình Dương,7480201,Công nghệ thông tin,A00 | A09 | D01 | K01,15,
DBD,Đại học Bình Dương,7510205,Công nghệ kỹ thuật ô tô,A00 | A01 | A02 | A09,15,
DBD,Đại học Bình Dương,7540101,Công nghệ thực phẩm,A00 | A09 | B00 | D07,15,
DBD,Đại học Bình Dương,7510102,Công nghệ kỹ thuật xây dựng dân dụng và công nghiệp,A00 | A09 | V00 | V01,15,
DBD,Đại học Bình Dương,7720201,Dược học,A00 | B00 | C08 | D07,21,
DBD,Đại học Bình Dương,7310614,Hàn Quốc học,A01 | A09 | C00 | D15,15,
DBD,Đại học Bình Dương,7720203,Hoá dược,A00 | B00 | C08 | D07,15,
DBD,Đại học Bình Dương,7340301,Kế toán,A01 | A09 | C00 | D01,15,
DBD,Đại học Bình Dương,7580101,Kiến trúc,A00 | A09 | V00 | V01,15,
DBD,Đại học Bình Dương,7510605,Logistics và Quản lý chuỗi cung ứng,A00 | A09 | C00 | D01,15,
DBD,Đại học Bình Dương,7380107,Luật kinh tế,A01 | A09 | C00 | D01,15,
DBD,Đại học Bình Dương,7380101,Ngành Luật,A01 | A09 | C00 | D01,15,
DBD,Đại học Bình Dương,7220201,Ngôn ngữ Anh,A01 | D01 | D10 | D66,15,
DBD,Đại học Bình Dương,7310613,Nhật Bản học,A01 | A09 | C00 | D15,15,
DBD,Đại học Bình Dương,7340101,Quản trị Kinh doanh,A01 | A09 | C00 | D01,15,
DBD,Đại học Bình Dương,7340201,Tài chính – Ngân hàng,A01 | A09 | C00 | D01,15,
DBD,Đại học Bình Dương,7310301,Xã hội học,A01 | A09 | C00 | D01,15,
NHF,Đại học Hà Nội,7480201 TT,Công nghệ thông tin - CTTT,A01 | D01,16.7,
NHF,Đại học Hà Nội,7480201,Công nghệ thông tin,A01 | D01,24.17,
NHF,Đại học Hà Nội,7340205,Công nghệ tài chính,A01 | D01,18.85,
NHF,Đại học Hà Nội,7340301,Kế toán,D01,25.08,
NHF,Đại học Hà Nội,7340115,Marketing,D01,33.93,
NHF,Đại học Hà Nội,7310111,Nghiên cứu phát triển,D01,25.78,
NHF,Đại học Hà Nội,7220206,Ngôn ngữ Tây Ban Nha,D01,33.14,
NHF,Đại học Hà Nội,7220208,Ngôn ngữ Italia,D01,32.41,
NHF,Đại học Hà Nội,7220201,Ngôn ngữ Anh,D01,35.43,
NHF,Đại học Hà Nội,7220205,Ngôn ngữ Đức,D01 | D05,34.2,
NHF,Đại học Hà Nội,7220204 TT,Ngôn ngữ Trung Quốc - CTTT,D01 | D04,34.95,
NHF,Đại học Hà Nội,7220203,Ngôn ngữ Pháp,D01 | D03,32.99,
NHF,Đại học Hà Nội,7220210,Ngôn ngữ Hàn Quốc,D01,34.59,
NHF,Đại học Hà Nội,7220207,Ngôn ngữ Bồ Đào Nha,D01,31.4,
NHF,Đại học Hà Nội,7220209,Ngôn ngữ Nhật,D01 | D06,34.45,
NHF,Đại học Hà Nội,7220202,Ngôn ngữ Nga,D01 | D02,32,
NHF,Đại học Hà Nội,7220201 TT,Ngôn ngữ Anh - CTTT,D01,33,
NHF,Đại học Hà Nội,7220208 TT,Ngôn ngữ Italia - CTTT,D01,30.48,
NHF,Đại học Hà Nội,7220204,Ngôn ngữ Trung Quốc,D01 | D04,35.8,
NHF,Đại học Hà Nội,7810103,Quản trị dịch vụ du lịch và lữ hành,D01,33.04,
NHF,Đại học Hà Nội,7340101,Quản trị Kinh doanh,D01,30.72,
NHF,Đại học Hà Nội,7810103 TT,Quản trị dịch vụ du lịch và lữ hành - CTTT,D01,32.11,
NHF,Đại học Hà Nội,7310601,Quốc tế học,D01,25.27,
NHF,Đại học Hà Nội,7340201,Tài chính – Ngân hàng,D01,32.53,
NHF,Đại học Hà Nội,7320104,Truyền thông đa phương tiện,D01,25.65,
NHF,Đại học Hà Nội,7320109,Truyền thông doanh nghiệp,D01 | D03,31.05,
PBH,Trường Sĩ Quan Pháo Binh,7860205|21A01,Chỉ huy tham mưu (Nam - Phía Bắc),A01,21.7,
PBH,Trường Sĩ Quan Pháo Binh,7860205|21A00,Chỉ huy tham mưu (Nam - Phía Bắc),A00,21.7,
PBH,Trường Sĩ Quan Pháo Binh,7860205|22A01,Chỉ huy tham mưu (Nam - Phía Nam),A01,22.25,
PBH,Trường Sĩ Quan Pháo Binh,7860205|22A00,Chỉ huy tham mưu (Nam - Phía Nam),A00,22.25,
DQK,Đại học Kinh doanh và Công nghệ Hà Nội,7510205,Công nghệ kỹ thuật ô tô,A00 | A01 | B03 | C01,21,
DQK,Đại học Kinh doanh và Công nghệ Hà Nội,7510203,Công nghệ kỹ thuật cơ điện tử,A00 | A01 | A02 | A09,23,
DQK,Đại học Kinh doanh và Công nghệ Hà Nội,7480201,Công nghệ thông tin,A00 | A01 | D01 | D10,22,
DQK,Đại học Kinh doanh và Công nghệ Hà Nội,7510406,Công nghệ kỹ thuật Môi trường,A00 | B00 | B03 | C02,19,
DQK,Đại học Kinh doanh và Công nghệ Hà Nội,7510301,"Công nghệ kỹ thuật điện, điện tử",A00 | A01 | A09 | D01,23,
DQK,Đại học Kinh doanh và Công nghệ Hà Nội,7720301,Điều dưỡng,A00 | A02 | B00 | D07,19,
DQK,Đại học Kinh doanh và Công nghệ Hà Nội,7720201,Dược học,A00 | A02 | B00 | D07,21,
DQK,Đại học Kinh doanh và Công nghệ Hà Nội,7340301,Kế toán,A00 | A08 | C03 | D01,21.5,
DQK,Đại học Kinh doanh và Công nghệ Hà Nội,7580101,Kiến trúc,H06 | V00 | V01 | V02,19,
DQK,Đại học Kinh doanh và Công nghệ Hà Nội,7310101,Kinh tế,A00 | A01 | A08 | D01,21,
DQK,Đại học Kinh doanh và Công nghệ Hà Nội,7580201,Kỹ thuật xây dựng,A00 | A01 | B08 | C14,19,
DQK,Đại học Kinh doanh và Công nghệ Hà Nội,7380107,Luật kinh tế,A00 | C00 | C14 | D01,22.5,
DQK,Đại học Kinh doanh và Công nghệ Hà Nội,7340120,Ngành Kinh doanh quốc tế,A00 | A09 | C04 | D01,21,
DQK,Đại học Kinh doanh và Công nghệ Hà Nội,7220202,Ngôn ngữ Nga,C00 | D01 | D09 | D66,19,
DQK,Đại học Kinh doanh và Công nghệ Hà Nội,7220201,Ngôn ngữ Anh,C00 | D01 | D09 | D66,19,
DQK,Đại học Kinh doanh và Công nghệ Hà Nội,7220204,Ngôn ngữ Trung Quốc,C00 | D01 | D14 | D15,24,
DQK,Đại học Kinh doanh và Công nghệ Hà Nội,7580106,Quản lý đô thị và công trình,A00 | A01 | C00 | D01,19,
DQK,Đại học Kinh doanh và Công nghệ Hà Nội,7310205,Quản lý nhà nước,C00 | C19 | D01 | D66,19,
DQK,Đại học Kinh doanh và Công nghệ Hà Nội,7340101,Quản trị Kinh doanh,A00 | A01 | A08 | D01,22.5,
DQK,Đại học Kinh doanh và Công nghệ Hà Nội,7810103,Quản trị dịch vụ du lịch và lữ hành,A00 | A07 | C00 | D66,22.5,
DQK,Đại học Kinh doanh và Công nghệ Hà Nội,7850101,Quản lý tài nguyên và môi trường,A00 | B00 | C00 | D01,19,
DQK,Đại học Kinh doanh và Công nghệ Hà Nội,7720501,Răng- Hàm -Mặt,A00 | A02 | B00 | D08,24,
DQK,Đại học Kinh doanh và Công nghệ Hà Nội,7340201,Tài chính – Ngân hàng,A00 | A01 | C14 | D10,21,
DQK,Đại học Kinh doanh và Công nghệ Hà Nội,7210403,Thiết kế đồ họa,H00 | H01 | H06 | H08,19,
DQK,Đại học Kinh doanh và Công nghệ Hà Nội,7580108,Thiết kế nội thất,H00 | H01 | H06 | H08,19,
DQK,Đại học Kinh doanh và Công nghệ Hà Nội,7720101,Y khoa,A00 | A02 | B00 | D08,22.5,
DVH,Đại học Văn Hiến,7210302,Công nghệ điện ảnh. truyền hình,A00 | D01 | H01 | V00,18.65,
DVH,Đại học Văn Hiến,7540101,Công nghệ thực phẩm,A00 | A02 | B00 | D07,16.35,
DVH,Đại học Văn Hiến,7420201,Công nghệ sinh học,A00 | A02 | B00 | D07,16.5,
DVH,Đại học Văn Hiến,7480201,Công nghệ thông tin,A00 | A01 | C01 | D01,16,
DVH,Đại học Văn Hiến,7340205,Công nghệ tài chính,A00 | A01 | C04 | D01,15.7,
DVH,Đại học Văn Hiến,7210235,Đạo diễn điện ảnh. truyền hình,A00 | D01 | H01 | V00,18,
DVH,Đại học Văn Hiến,7720301,Điều dưỡng,A00 | B00 | C08 | D07,19,
DVH,Đại học Văn Hiến,7310608,Đông phương học,A01 | C00 | D01 | D15,16.5,
DVH,Đại học Văn Hiến,7810101,Du lịch,A00 | C00 | C04 | D01,16.25,
DVH,Đại học Văn Hiến,7340301,Kế toán,A00 | A01 | C04 | D01,16.2,
DVH,Đại học Văn Hiến,7480101,Khoa học máy tính,A00 | A01 | C01 | D01,16.3,
DVH,Đại học Văn Hiến,7340302,Kiểm toán,A00 | A01 | C02 | D01,16,
DVH,Đại học Văn Hiến,7340121,Kinh doanh thương mại,A00 | A01 | C04 | D01,15,
DVH,Đại học Văn Hiến,7310101,Kinh tế,A00 | A01 | C04 | D01,16.1,
DVH,Đại học Văn Hiến,7580201,Kỹ thuật xây dựng,A00 | A01 | C01 | D07,15.45,
DVH,Đại học Văn Hiến,7510605,Logistics và Quản lý chuỗi cung ứng,A00 | A01 | C04 | D01,16.05,
DVH,Đại học Văn Hiến,7340115,Marketing,A00 | A01 | C04 | D01,16,
DVH,Đại học Văn Hiến,7520207,Ngành Kỹ thuật điện tử truyền thông,A00 | A01 | C01 | D01,15.35,
DVH,Đại học Văn Hiến,7380101,Ngành Luật,A00 | A01 | C04 | D01,16.2,
DVH,Đại học Văn Hiến,7520320,Ngành Kỹ thuật môi trường,A00 | A02 | B00 | D07,15.95,
DVH,Đại học Văn Hiến,7220204,Ngôn ngữ Trung Quốc,A01 | D01 | D10 | D15,16.25,
DVH,Đại học Văn Hiến,7220201,Ngôn ngữ Anh,A01 | D01 | D10 | D15,16.2,
DVH,Đại học Văn Hiến,7220203,Ngôn ngữ Pháp,A01 | D01 | D10 | D15,16.2,
DVH,Đại học Văn Hiến,7220209,Ngôn ngữ Nhật,A01 | D01 | D10 | D15,16.25,
DVH,Đại học Văn Hiến,7210208,Piano,N00,17,
DVH,Đại học Văn Hiến,7810103,Quản trị dịch vụ du lịch và lữ hành,A00 | C00 | C04 | D01,16.25,
DVH,Đại học Văn Hiến,7310206,Quan hệ quốc tế,A01 | D01 | D14 | D15,17.7,
DVH,Đại học Văn Hiến,7810201,Quản trị khách sạn,A00 | C00 | C04 | D01,16.15,
DVH,Đại học Văn Hiến,7340404,Quản trị nhân lực,A00 | A01 | C04 | D01,16.25,
DVH,Đại học Văn Hiến,7320108,Quan hệ công chúng,C00 | D01 | D14 | D15,16,
DVH,Đại học Văn Hiến,7340101,Quản trị Kinh doanh,A00 | A01 | C04 | D01,15.05,
DVH,Đại học Văn Hiến,7340201,Tài chính – Ngân hàng,A00 | A01 | C04 | D01,16,
DVH,Đại học Văn Hiến,7310401,Tâm lý học,A00 | B00 | C00 | D01,16.4,
DVH,Đại học Văn Hiến,7210205,Thanh nhạc,N00,17,
DVH,Đại học Văn Hiến,7340122,Thương mại điện tử,A00 | A01 | C04 | D01,16.4,
DVH,Đại học Văn Hiến,7320104,Truyền thông đa phương tiện,A00 | D01,16,
DVH,Đại học Văn Hiến,7229030,Văn học,C00 | D01 | D14 | D15,16.75,
DVH,Đại học Văn Hiến,7310630,Việt Nam học,C00 | D01 | D14 | D15,18.75,
DVH,Đại học Văn Hiến,7310301,Xã hội học,A00 | C00 | C04 | D01,15.25,
DVT,Đại học Trà Vinh,7210201,Âm nhạc học,N00,15,
DVT,Đại học Trà Vinh,7620112,Bảo vệ thực vật,A02 | B00 | D90,15,
DVT,Đại học Trà Vinh,7210210,Biểu diễn nhạc cụ truyền thống,N00,15,
DVT,Đại học Trà Vinh,7310201,Chính trị học,C00 | C19 | C20 | D01,15,
DVT,Đại học Trà Vinh,TA7480201,Công nghệ thông tin bằng tiếng Anh,A00,15,
DVT,Đại học Trà Vinh,7510401,Công nghệ kỹ thuật hoá học,A00 | B00 | D07,15,
DVT,Đại học Trà Vinh,7510205,Công nghệ kỹ thuật ô tô,A00 | A01 | C01 | D01,18,
DVT,Đại học Trà Vinh,7420201,Công nghệ sinh học,A00 | B00 | B08 | D90,15,
DVT,Đại học Trà Vinh,7510201,Công nghệ kỹ thuật cơ khí (chuyên ngành Cơ khí chế tạo),A00 | A01 | C01 | D01,15,
DVT,Đại học Trà Vinh,7510303,Công nghệ kỹ thuật điều khiển và tự động hóa,A00 | A01 | C01 | D90,15,
DVT,Đại học Trà Vinh,7760101,Công tác xã hội,C00 | C04 | D66 | D78,15,
DVT,Đại học Trà Vinh,7480201,Công nghệ thông tin,A00 | A01 | C01 | D07,15,
DVT,Đại học Trà Vinh,7540101,Công nghệ thực phẩm,A00 | B00 | D07 | D90,15,
DVT,Đại học Trà Vinh,7510102,Công nghệ kỹ thuật xây dựng dân dụng và công nghiệp,A00 | A01 | C01 | D01,15,
DVT,Đại học Trà Vinh,7510301,"Công nghệ kỹ thuật điện, điện tử",A00 | A01 | C01 | D90,15,
DVT,Đại học Trà Vinh,7620301,ĐH Nuôi trồng thủy sản,A02 | B00 | B08 | D90,15,
DVT,Đại học Trà Vinh,7720301,Điều dưỡng,B00 | B08,19,
DVT,Đại học Trà Vinh,7720201,Dược học,A00 | B00,21,
DVT,Đại học Trà Vinh,7720203,Hoá dược,A00 | B00 | D07,15,
DVT,Đại học Trà Vinh,7340301,Kế toán,A00 | A01 | C01 | D01,15,
DVT,Đại học Trà Vinh,7310101,Kinh tế,A00 | A01 | C01 | D01,15,
DVT,Đại học Trà Vinh,7720603,Kỹ thuật phục hồi chức năng,A00 | B00,19,
DVT,Đại học Trà Vinh,7720602,Kỹ thuật hình ảnh y học,A00 | B00,19,
DVT,Đại học Trà Vinh,7580205,Kỹ thuật xây dựng công trình giao thông,A00 | A01 | C01 | D01,15,
DVT,Đại học Trà Vinh,7720601,Kỹ thuật xét nghiệm y học,A00 | B00,19,
DVT,Đại học Trà Vinh,7510605,Logistics và Quản lý chuỗi cung ứng,A00 | C14 | D01 | D84,18,
DVT,Đại học Trà Vinh,7380101,Ngành Luật,A00 | A01 | C00 | D01,15,
DVT,Đại học Trà Vinh,7520320,Ngành Kỹ thuật môi trường,A01 | A02 | B00 | B08,15,
DVT,Đại học Trà Vinh,7220106,Ngôn ngữ Khmer,C00 | D01 | D14,15,
DVT,Đại học Trà Vinh,7220204,Ngôn ngữ Trung Quốc,D01 | D09 | D14,18.25,
DVT,Đại học Trà Vinh,7220201,Ngôn ngữ Anh,D01 | D09 | D14,15,
DVT,Đại học Trà Vinh,7620101,Nông nghiệp,A02 | B00 | D90,15,
DVT,Đại học Trà Vinh,7810301,Quản lý thể dục thể thao,C00 | C14 | C19 | D78,20,
DVT,Đại học Trà Vinh,7310205,Quản lý nhà nước,C00 | C04 | D01 | D14,15,
DVT,Đại học Trà Vinh,TA7340101,Quản trị kinh doanh bằng tiếng Anh,A00,15,
DVT,Đại học Trà Vinh,7340101,Quản trị Kinh doanh,A00 | C01 | D01,15,
DVT,Đại học Trà Vinh,7810103,Quản trị dịch vụ du lịch và lữ hành,C00 | C04 | D01 | D15,15,
DVT,Đại học Trà Vinh,7850101,Quản lý tài nguyên và môi trường,A00 | B00 | B02 | B08,15,
DVT,Đại học Trà Vinh,7340406,Quản trị văn phòng,C00 | C04 | D01 | D14,15,
DVT,Đại học Trà Vinh,7720501,Răng- Hàm -Mặt,B00 | B08,24.62,
DVT,Đại học Trà Vinh,7340201,Tài chính – Ngân hàng,A00 | A01 | C01 | D01,15,
DVT,Đại học Trà Vinh,7640101,Thú y,A02 | B00 | B08 | D90,15,
DVT,Đại học Trà Vinh,7340122,Thương mại điện tử,A00 | A01 | C14 | C15,15,
DVT,Đại học Trà Vinh,7480107,Trí tuệ nhân tạo,A00 | A01 | C01 | D07,15,
DVT,Đại học Trà Vinh,7229040,Văn hoá học,C00 | D14,15,
DVT,Đại học Trà Vinh,7720701,Y tế công cộng,A00 | B00,19,
DVT,Đại học Trà Vinh,7720101,Y khoa,B00 | B08,25,
DVT,Đại học Trà Vinh,7720110,Y học dự phòng,B00 | B08,19,
DTD,Đại học Tây Đô,7480201,Công nghệ thông tin,A00 | A01 | A02 | C01,15,
DTD,Đại học Tây Đô,7540101,Công nghệ thực phẩm,A00 | A01 | A02 | C01,15,
DTD,Đại học Tây Đô,7510301,"Công nghệ kỹ thuật điện, điện tử",A00 | A01 | A02 | C01,15,
DTD,Đại học Tây Đô,7510102,Công nghệ kỹ thuật xây dựng dân dụng và công nghiệp,A00 | A01 | A02 | C01,15,
DTD,Đại học Tây Đô,7620301,ĐH Nuôi trồng thủy sản,A00 | A01 | B00 | D07,15,
DTD,Đại học Tây Đô,7720301,Điều dưỡng,A02 | B00 | B03 | D08,19,
DTD,Đại học Tây Đô,7720401,Dinh dưỡng,A00 | B00 | D07 | D08,15,
DTD,Đại học Tây Đô,7810101,Du lịch,C00 | D01 | D14 | D15,15,
DTD,Đại học Tây Đô,7720201,Dược học,A00 | B00 | C02 | D07,21,
DTD,Đại học Tây Đô,7340301,Kế toán,A00 | A01 | C04 | D01,15,
DTD,Đại học Tây Đô,7510605,Logistics và Quản lý chuỗi cung ứng,A00 | A01 | C01 | D01,15,
DTD,Đại học Tây Đô,7380107,Luật kinh tế,C00 | D14 | D66 | D84,15,
DTD,Đại học Tây Đô,7340115,Marketing,A00 | A01 | C04 | D01,15,
DTD,Đại học Tây Đô,7340120,Ngành Kinh doanh quốc tế,A00 | A01 | C04 | D01,15,
DTD,Đại học Tây Đô,7220201,Ngôn ngữ Anh,D01 | D14 | D15 | D66,15,
DTD,Đại học Tây Đô,7810103,Quản trị dịch vụ du lịch và lữ hành,A00 | A01 | C04 | D01,15,
DTD,Đại học Tây Đô,7340101,Quản trị Kinh doanh,A00 | A01 | C04 | D01,15,
DTD,Đại học Tây Đô,7810201,Quản trị khách sạn,C00 | D01 | D14 | D15,15,
DTD,Đại học Tây Đô,7850103,Quản lý đất đai,A00 | A01 | B00 | D01,15,
DTD,Đại học Tây Đô,7340201,Tài chính – Ngân hàng,A00 | A01 | C04 | D01,15,
DTD,Đại học Tây Đô,7210403,Thiết kế đồ họa,C04 | D01 | D10 | D15,15,
DTD,Đại học Tây Đô,7640101,Thú y,A06 | B00 | B02 | C02,15,
DTD,Đại học Tây Đô,7320104,Truyền thông đa phương tiện,A01 | C00 | D01 | D15,15,
DTD,Đại học Tây Đô,7229030,Văn học,C00 | C04 | D14 | D15,15,
DTD,Đại học Tây Đô,7310630D,Việt Nam học,C00 | D01 | D14 | D15,15,
DKT,Đại Học Hải Dương,7480201,Công nghệ thông tin,A00 | A01 | D01,15,
DKT,Đại Học Hải Dương,7510302,Điện tử - viễn thông,A00 | A01 | A02 | D01,15,
DKT,Đại Học Hải Dương,7140206,Giáo dục Thể chất,T00 | T01 | T02 | T03,18,
DKT,Đại Học Hải Dương,7140202,Giáo dục Tiểu học,A00 | A01 | C00 | D01,26.5,
DKT,Đại Học Hải Dương,7140205,Giáo dục Chính trị,C00 | C14 | C20 | D01,24.15,
DKT,Đại Học Hải Dương,7140201,Giáo dục Mầm non,C00 | C19 | C20 | D01,26.4,
DKT,Đại Học Hải Dương,51140201,Giáo dục Mầm non,C00 | C10 | C20 | D01,21,
DKT,Đại Học Hải Dương,7760103,Hỗ trợ giáo dục người khuyết tật,B03 | C00 | D01,15,
DKT,Đại Học Hải Dương,7340301,Kế toán,A00 | A01 | D01,15,
DKT,Đại Học Hải Dương,7310101,Kinh tế,A00 | A01 | D01,15,
DKT,Đại Học Hải Dương,7520201,Kỹ thuật điện,A00 | A01 | D01,15,
DKT,Đại Học Hải Dương,7340115,Marketing,A00 | A01 | D01,15,
DKT,Đại Học Hải Dương,7220201,Ngôn ngữ Anh,A01 | D01 | D09 | D10,15,
DKT,Đại Học Hải Dương,7340406,Quản trị văn phòng,A00 | A01 | C00 | D01,15,
DKT,Đại Học Hải Dương,7340101,Quản trị Kinh doanh,A01 | D01,15,
DKT,Đại Học Hải Dương,7140209,Sư phạm Toán học,A00 | A01 | A02 | D01,25.11,
DKT,Đại Học Hải Dương,7140219,Sư phạm Địa lý,C00 | C04 | C20 | D01,26.85,
DKT,Đại Học Hải Dương,7140231,Sư phạm Tiếng Anh,D01 | D14 | D15,25.25,
DKT,Đại Học Hải Dương,7140210,Sư phạm Tin học (Chuyên ngành Tin học – Công nghệ Tiểu học),A00 | A01 | D01,20.7,
DKT,Đại Học Hải Dương,7140217,Sư phạm Ngữ văn,C00 | C03 | D01 | D14,26.62,
DKT,Đại Học Hải Dương,7140218,Sư phạm Lịch sử,C00 | C03 | D14,26.35,
DKT,Đại Học Hải Dương,7140247,Sư phạm khoa học tự nhiên,A00 | A02 | B00 | D01,23.7,
DKT,Đại Học Hải Dương,7340201,Tài chính – Ngân hàng,A00 | A01 | D01,15,
VHS,Đại học Văn hoá TP HCM,7320305,Bảo tàng học,C00 | D01 | D09 | D15,23.5,
VHS,Đại học Văn hoá TP HCM,7810101,Du lịch,C00 | D01 | D10 | D15,26.75,
VHS,Đại học Văn hoá TP HCM,7320402,Kinh doanh xuất bản phẩm,C00 | D01 | D10 | D15,25.3,
VHS,Đại học Văn hoá TP HCM,7810103A,"Quản trị dịch vụ du lịch và lữ hành, chuyên ngành Quản trị lữ hành",C00 | D01 | D10 | D15,27,
VHS,Đại học Văn hoá TP HCM,7229042C,Quản lý di sản văn hoá,R01 | R02 | R03 | R04,22.5,
VHS,Đại học Văn hoá TP HCM,7229042B,Quản lý nhà nước về gia đình,C00 | D01 | D09 | D15,25.25,
VHS,Đại học Văn hoá TP HCM,7810103B,"Quản trị dịch vụ du lịch và lữ hành, chuyên ngành Hướng dẫn du lịch",C00 | D01 | D10 | D15,26.5,
VHS,Đại học Văn hoá TP HCM,7229042D,Quản lý văn hoá - Biểu diễn nghệ thuật,C00 | D01 | D09 | D15,27.25,
VHS,Đại học Văn hoá TP HCM,7229042A,"Quản lý văn hóa, chuyên ngành (1) Quản lý hoạt động Văn hóa Xã hội",C00 | D01 | D09 | D15,25.85,
VHS,Đại học Văn hoá TP HCM,7320201,Thông tin - thư viện,C00 | D01 | D09 | D15,24,
VHS,Đại học Văn hoá TP HCM,7229040A,"Văn hóa học, chuyên ngành Văn hóa Việt Nam",C00 | D01 | D09 | D15,25.5,
VHS,Đại học Văn hoá TP HCM,7229040C,"Văn hóa học, chuyên ngành Truyền thông Văn hóa",C00 | D01 | D09 | D15,27.85,
VHS,Đại học Văn hoá TP HCM,7229040B,Văn hoá học - Văn hoá truyền thông,C00 | D01 | D09 | D15,26.3,
VHS,Đại học Văn hoá TP HCM,7220112,Văn hoá các dân tộc thiểu số Việt Nam,C00 | D01 | D09 | D15,22,
DQB,Đại Học Quảng Bình,7480201,Công nghệ thông tin,A00 | A01 | A02 | D01,15,
DQB,Đại Học Quảng Bình,7140202,Giáo dục Tiểu học,C00 | C14 | D01,26.61,
DQB,Đại Học Quảng Bình,7140206,Giáo dục Thể chất,T00 | T02 | T05 | T07,21.5,
DQB,Đại Học Quảng Bình,7140201,Giáo dục Mầm non,M05 | M06 | M07 | M14,23.05,
DQB,Đại Học Quảng Bình,7340301,Kế toán,A01 | A09 | C02 | D01,15,
DQB,Đại Học Quảng Bình,7220204,Ngôn ngữ Trung Quốc,D01 | D09 | D14 | D15,15,
DQB,Đại Học Quảng Bình,7220201,Ngôn ngữ Anh,D01 | D09 | D14 | D15,15,
DQB,Đại Học Quảng Bình,7620101,Nông nghiệp,A00 | A09 | B03 | C13,15,
DQB,Đại Học Quảng Bình,7810103,Quản trị dịch vụ du lịch và lữ hành,C00 | C03 | D01 | D15,15,
DQB,Đại Học Quảng Bình,7850101,Quản lý tài nguyên và môi trường,A00 | B03 | C04 | D01,15,
DQB,Đại Học Quảng Bình,7340101,Quản trị Kinh doanh,A01 | A03 | C03 | D01,15,
DQB,Đại Học Quảng Bình,7140249,Sư phạm Lịch sử - Địa lý,C00 | C19 | C20 | D01,26.5,
DQB,Đại Học Quảng Bình,7140247,Sư phạm khoa học tự nhiên,A00 | A02 | B00 | D90,23.24,
DQU,Đại học Quảng Nam,7620112,Bảo vệ thực vật,A02 | B00 | D08 | D13,14,
DQU,Đại học Quảng Nam,7480201,Công nghệ thông tin,A00 | A01 | C14 | D01,14,
DQU,Đại học Quảng Nam,7140202,Giáo dục Tiểu học,A00 | C00 | C14 | D01,25.8,
DQU,Đại học Quảng Nam,7140201,Giáo dục Mầm non,M00 | M01 | M02 | M03,24.26,
DQU,Đại học Quảng Nam,7229010,Lịch sử,A08 | C00 | C19 | D14,23,
DQU,Đại học Quảng Nam,7220201,Ngôn ngữ Anh,A01 | D01 | D11 | D66,14,
DQU,Đại học Quảng Nam,7340101,Quản trị Kinh doanh,A00 | D01 | D84 | D96,14,
DQU,Đại học Quảng Nam,7140217,Sư phạm Ngữ văn,C00 | C19 | C20 | D14,25.74,
DQU,Đại học Quảng Nam,7140231,Sư phạm Tiếng Anh,A01 | D01 | D14 | D15,23.94,
DQU,Đại học Quảng Nam,7140209,Sư phạm Toán học,A00 | A01 | C14 | D01,24.25,
DQU,Đại học Quảng Nam,7140213,Sư phạm Sinh học,A02 | B00 | D08 | D13,21.75,
DQU,Đại học Quảng Nam,7140211,Sư phạm Vật lý,A00 | A01 | A02 | D11,23.5,
DQU,Đại học Quảng Nam,7310630,Việt Nam học,A09 | C00 | C20 | D01,14,
THV,Đại học Hùng Vương,7760101,Công tác xã hội,C00,18,
THV,Đại học Hùng Vương,7480201,Công nghệ thông tin,A00,18,
THV,Đại học Hùng Vương,7510301,"Công nghệ kỹ thuật điện, điện tử",A00,18,
THV,Đại học Hùng Vương,7510201,Công nghệ kỹ thuật cơ khí (chuyên ngành Cơ khí chế tạo),A00,18,
THV,Đại học Hùng Vương,7720301,Điều dưỡng,A00,19,
THV,Đại học Hùng Vương,7140202,Giáo dục Tiểu học,A00,28.13,
THV,Đại học Hùng Vương,7140201,Giáo dục Mầm non,M00,33.47,
THV,Đại học Hùng Vương,7140206,Giáo dục Thể chất,T00,34,
THV,Đại học Hùng Vương,7340301,Kế toán,A00,18,
THV,Đại học Hùng Vương,7310101,Kinh tế,A00,18,
THV,Đại học Hùng Vương,7220201,Ngôn ngữ Anh,D01,19,
THV,Đại học Hùng Vương,7220204,Ngôn ngữ Trung Quốc,D01,21,
THV,Đại học Hùng Vương,7810103,Quản trị dịch vụ du lịch và lữ hành,C00,18,
THV,Đại học Hùng Vương,7340101,Quản trị Kinh doanh,A00,18,
THV,Đại học Hùng Vương,7140217,Sư phạm Ngữ văn,C00,28.44,
THV,Đại học Hùng Vương,7140221,Sư phạm Âm nhạc,N00,33,
THV,Đại học Hùng Vương,7140209,Sư phạm Toán học,A00,26.5,
THV,Đại học Hùng Vương,7140231,Sư phạm Tiếng Anh,D01,26.6,
THV,Đại học Hùng Vương,7340201,Tài chính – Ngân hàng,A00,18,
THV,Đại học Hùng Vương,7640101,Thú y,A00,18,
SNH,Trường Sĩ Quan Công Binh - Hệ Quân sự - Đại học Ngô Quyền,7860228|22A00,Ngành Chỉ huy kỹ thuật Công binh (Nam - Miền Nam),A00,22.05,
SNH,Trường Sĩ Quan Công Binh - Hệ Quân sự - Đại học Ngô Quyền,7860228|21A01,Ngành Chỉ huy kỹ thuật Công binh (Nam - Miền Bắc),A01,22.45,
SNH,Trường Sĩ Quan Công Binh - Hệ Quân sự - Đại học Ngô Quyền,7860228|22A01,Ngành Chỉ huy kỹ thuật Công binh (Nam - Miền Nam),A01,22.05,
SNH,Trường Sĩ Quan Công Binh - Hệ Quân sự - Đại học Ngô Quyền,7860228|21A00,Ngành Chỉ huy kỹ thuật Công binh (Nam - Miền Bắc),A00,22.45,
SPS,Đại học Sư phạm TP HCM,7760101,Công tác xã hội,A00 | C00 | D01,24.44,
SPS,Đại học Sư phạm TP HCM,7480201,Công nghệ thông tin,A00 | A01 | B08,23.05,
SPS,Đại học Sư phạm TP HCM,7310501,Địa lý học,C00 | D15 | D78,25.17,
SPS,Đại học Sư phạm TP HCM,7810101,Du lịch,C00 | C04 | D01 | D78,25.25,
SPS,Đại học Sư phạm TP HCM,7140204,Giáo dục Công dân,C00 | C19 | D01,27.34,
SPS,Đại học Sư phạm TP HCM,7140203,Giáo dục Đặc biệt,C00 | C15 | D01,26.5,
SPS,Đại học Sư phạm TP HCM,7140206_LA,Giáo dục Thể chất,M08 | T01,24.77,
SPS,Đại học Sư phạm TP HCM,51140201_LA,Giáo dục mầm non hệ cao đẳng,M02 | M03,18.7,
SPS,Đại học Sư phạm TP HCM,7140208,Giáo dục Quốc phòng - An ninh,A08 | C00 | C19,27.28,
SPS,Đại học Sư phạm TP HCM,7140201,Giáo dục Mầm non,M02 | M03,24.24,
SPS,Đại học Sư phạm TP HCM,7140101,Giáo dục học,A00 | A01 | C14 | D01,24.82,
SPS,Đại học Sư phạm TP HCM,7140206,Giáo dục Thể chất,M08 | T01,26.71,
SPS,Đại học Sư phạm TP HCM,7140201_LA,Giáo dục Mầm non,M02 | M03,22,
SPS,Đại học Sư phạm TP HCM,7140202_LA,Giáo dục Tiểu học,A00 | A01 | D01,24.73,
SPS,Đại học Sư phạm TP HCM,7140202,Giáo dục Tiểu học,A00 | A01 | D01,26.13,
SPS,Đại học Sư phạm TP HCM,7440112,Hóa học,A00 | B00 | D07,24.65,
SPS,Đại học Sư phạm TP HCM,7220204,Ngôn ngữ Trung Quốc,D01 | D04,25.05,
SPS,Đại học Sư phạm TP HCM,7220203,Ngôn ngữ Pháp,D01 | D03,22.7,
SPS,Đại học Sư phạm TP HCM,7220201,Ngôn ngữ Anh,D01,25.86,
SPS,Đại học Sư phạm TP HCM,7220210,Ngôn ngữ Hàn Quốc,D01 | D78 | D96,25.02,
SPS,Đại học Sư phạm TP HCM,7220209,Ngôn ngữ Nhật,D01 | D06,23.77,
SPS,Đại học Sư phạm TP HCM,7220202,Ngôn ngữ Nga,D01 | D02 | D78 | D80,22,
SPS,Đại học Sư phạm TP HCM,7140114,Quản lý giáo dục,A00 | A01 | C14 | D01,25.22,
SPS,Đại học Sư phạm TP HCM,7310601,Quốc tế học,D01 | D14 | D78,24.42,
SPS,Đại học Sư phạm TP HCM,7420203,Sinh học ứng dụng,B00 | B08,21.9,
SPS,Đại học Sư phạm TP HCM,7140209_LA,Sư phạm Toán học,A00 | A01,26.18,
SPS,Đại học Sư phạm TP HCM,7140231_LA,Sư phạm Tiếng Anh,D01,25.47,
SPS,Đại học Sư phạm TP HCM,7140231,Sư phạm Tiếng Anh,D01,27.01,
SPS,Đại học Sư phạm TP HCM,7140213,Sư phạm Sinh học,B00 | D08,26.22,
SPS,Đại học Sư phạm TP HCM,7140211,Sư phạm Vật lý,A00 | A01 | C01,27.25,
SPS,Đại học Sư phạm TP HCM,7140234,Sư phạm Tiếng Trung Quốc,D01 | D04,26.44,
SPS,Đại học Sư phạm TP HCM,7140210,Sư phạm Tin học (Chuyên ngành Tin học – Công nghệ Tiểu học),A00 | A01 | B08,24.73,
SPS,Đại học Sư phạm TP HCM,7140217_LA,Sư phạm Ngữ văn,C00 | D01 | D78,27.2,
SPS,Đại học Sư phạm TP HCM,7140232,Sư phạm Tiếng Nga,D01 | D02 | D78 | D80,23.69,
SPS,Đại học Sư phạm TP HCM,7140247,Sư phạm khoa học tự nhiên,A00 | A02 | B00 | D90,25.6,
SPS,Đại học Sư phạm TP HCM,7140218,Sư phạm Lịch sử,C00 | D14,28.6,
SPS,Đại học Sư phạm TP HCM,7140246,Sư phạm công nghệ,A00 | A01 | A02 | D90,24.31,
SPS,Đại học Sư phạm TP HCM,7140212,Sư phạm Hóa học,A00 | B00 | D07,27.67,
SPS,Đại học Sư phạm TP HCM,7140217,Sư phạm Ngữ văn,C00 | D01 | D78,28.6,
SPS,Đại học Sư phạm TP HCM,7140233,Sư phạm Tiếng Pháp,D01 | D03,24.93,
SPS,Đại học Sư phạm TP HCM,7140249,Sư phạm Lịch sử - Địa lý,C00 | C19 | C20 | D78,27.75,
SPS,Đại học Sư phạm TP HCM,7140209,Sư phạm Toán học,A00 | A01,27.6,
SPS,Đại học Sư phạm TP HCM,7140219,Sư phạm Địa lý,C00 | C04 | D15 | D78,28.37,
SPS,Đại học Sư phạm TP HCM,7310403,Tâm lý học giáo dục,A00 | C00 | D01,26.03,
SPS,Đại học Sư phạm TP HCM,7310401,Tâm lý học,B00 | C00 | D01,27.1,
SPS,Đại học Sư phạm TP HCM,7229030,Văn học,C00 | D01 | D78,26.62,
SPS,Đại học Sư phạm TP HCM,7440102,Vật lý học,A00 | A01 | D90,24.44,
SPS,Đại học Sư phạm TP HCM,7310630,Việt Nam học,C00 | D01 | D78,25.28,
DLH,Đại học Lạc Hồng,7540101,Công nghệ thực phẩm,A00,15.9,
DLH,Đại học Lạc Hồng,7510301,"Công nghệ kỹ thuật điện, điện tử",A00,15.05,
DLH,Đại học Lạc Hồng,7510102,Công nghệ kỹ thuật xây dựng dân dụng và công nghiệp,A00,16.55,
DLH,Đại học Lạc Hồng,7510201,Công nghệ kỹ thuật cơ khí (chuyên ngành Cơ khí chế tạo),A00,15.1,
DLH,Đại học Lạc Hồng,7480201,Công nghệ thông tin,A00,15.05,
DLH,Đại học Lạc Hồng,7510205,Công nghệ kỹ thuật ô tô,A00,15.15,
DLH,Đại học Lạc Hồng,7510303,Công nghệ kỹ thuật điều khiển và tự động hóa,A00,16.1,
DLH,Đại học Lạc Hồng,7310608,Đông phương học,D01,15,
DLH,Đại học Lạc Hồng,7720201,Dược học,A00,21,
DLH,Đại học Lạc Hồng,7340301,Kế toán,A00,15.3,
DLH,Đại học Lạc Hồng,7440301,Khoa học môi trường,A00,16.1,
DLH,Đại học Lạc Hồng,7510605,Logistics và Quản lý chuỗi cung ứng,A00,15.15,
DLH,Đại học Lạc Hồng,7380107,Luật kinh tế,A00,15.5,
DLH,Đại học Lạc Hồng,7340115,Marketing,A00,16.25,
DLH,Đại học Lạc Hồng,7340120,Ngành Kinh doanh quốc tế,A00,17.25,
DLH,Đại học Lạc Hồng,7380101,Ngành Luật,A00,18.75,
DLH,Đại học Lạc Hồng,7220204,Ngôn ngữ Trung Quốc,D01,15.5,
DLH,Đại học Lạc Hồng,7220201,Ngôn ngữ Anh,D01,16.15,
DLH,Đại học Lạc Hồng,7320108,Quan hệ công chúng,A00,17.75,
DLH,Đại học Lạc Hồng,7810103,Quản trị dịch vụ du lịch và lữ hành,A00,16,
DLH,Đại học Lạc Hồng,7340101,Quản trị Kinh doanh,A00,15,
DLH,Đại học Lạc Hồng,7340201,Tài chính – Ngân hàng,A00,15.1,
DLH,Đại học Lạc Hồng,7340122,Thương mại điện tử,A00,16.4,
DLH,Đại học Lạc Hồng,7480107,Trí tuệ nhân tạo,A00,17.2,
DLH,Đại học Lạc Hồng,7320104,Truyền thông đa phương tiện,A00,15.45,
DTQ,Khoa Quốc Tế - Đại học Thái Nguyên,7340205,Công nghệ tài chính,A00 | A01 | D01 | D10,17,
DTQ,Khoa Quốc Tế - Đại học Thái Nguyên,7340301,Kế toán,A00 | A01 | D01 | D10,17,
DTQ,Khoa Quốc Tế - Đại học Thái Nguyên,7340120,Ngành Kinh doanh quốc tế,A00 | A01 | D01 | D10,17,
DTQ,Khoa Quốc Tế - Đại học Thái Nguyên,7340101,Quản trị Kinh doanh,A00 | A01 | D01 | D10,17,
DTQ,Khoa Quốc Tế - Đại học Thái Nguyên,7850101,Quản lý tài nguyên và môi trường,B00 | B08 | D01 | D10,17,
DTQ,Khoa Quốc Tế - Đại học Thái Nguyên,7310601,Quốc tế học,A01 | C00 | D01 | D15,17,
DDU,Đại Học Đông Đô,7510406,Công nghệ kỹ thuật Môi trường,A00 | A01 | B00 | D07,15,
DDU,Đại Học Đông Đô,7510205,Công nghệ kỹ thuật ô tô,A00 | A01 | B00 | D07,15,
DDU,Đại Học Đông Đô,7480201,Công nghệ thông tin,A00 | A01 | A02 | D01,15,
DDU,Đại Học Đông Đô,7720301,Điều dưỡng,A00 | A01 | B00 | B08,19,
DDU,Đại Học Đông Đô,7720201,Dược học,A00 | A02 | B00 | D07,21,
DDU,Đại Học Đông Đô,7340301,Kế toán,A00 | A01 | B00 | D01,15,
DDU,Đại Học Đông Đô,7580101,Kiến trúc,H01 | H04 | V00 | V01,15,
DDU,Đại Học Đông Đô,7720601,Kỹ thuật xét nghiệm y học,A00 | A02 | B00 | D07,15,
DDU,Đại Học Đông Đô,7580201,Kỹ thuật xây dựng,A00 | A01 | B00 | D01,15,
DDU,Đại Học Đông Đô,7380107,Luật kinh tế,A00 | A01 | C00 | D01,15,
DDU,Đại Học Đông Đô,7220204,Ngôn ngữ Trung Quốc,A00 | C00 | D01 | D04,15,
DDU,Đại Học Đông Đô,7220210,Ngôn ngữ Hàn Quốc,A00 | C00 | D01,15,
DDU,Đại Học Đông Đô,7220209,Ngôn ngữ Nhật,A01 | C00 | D01 | D14,15,
DDU,Đại Học Đông Đô,7340101,Quản trị Kinh doanh,A00 | A01 | B00 | D01,15,
DDU,Đại Học Đông Đô,7310205,Quản lý nhà nước,A00 | A01 | B00 | D01,15,
DDU,Đại Học Đông Đô,7340201,Tài chính – Ngân hàng,A00 | A01 | B00 | D07,15,
DDU,Đại Học Đông Đô,7640101,Thú y,A00 | A01 | B00 | D01,15,
DDU,Đại Học Đông Đô,7340122,Thương mại điện tử,A00 | A01 | B00 | D01,15,
SPD,Đại học Đồng Tháp,7480201,Công nghệ thông tin,A00,16,
SPD,Đại học Đồng Tháp,7760101,Công tác xã hội,C00,23.23,
SPD,Đại học Đồng Tháp,7540101,Công nghệ thực phẩm,A00,18.3,
SPD,Đại học Đồng Tháp,7420201,Công nghệ sinh học,A00,15,
SPD,Đại học Đồng Tháp,7620301,ĐH Nuôi trồng thủy sản,A00,15,
SPD,Đại học Đồng Tháp,7310501,Địa lý học,A07,25.2,
SPD,Đại học Đồng Tháp,7140202,Giáo dục Tiểu học,C01,25.27,
SPD,Đại học Đồng Tháp,7140206,Giáo dục Thể chất,T00,25.7,
SPD,Đại học Đồng Tháp,7140201,Giáo dục Mầm non,M00,26.41,
SPD,Đại học Đồng Tháp,7140205,Giáo dục Chính trị,C00,26.8,
SPD,Đại học Đồng Tháp,51140201,Giáo dục Mầm non,M00,25.8,
SPD,Đại học Đồng Tháp,7140204,Giáo dục Công dân,C00,26.98,
SPD,Đại học Đồng Tháp,7340301,Kế toán,A00,19.1,
SPD,Đại học Đồng Tháp,7480101,Khoa học máy tính,A00,15,
SPD,Đại học Đồng Tháp,7440301,Khoa học môi trường,A00,15,
SPD,Đại học Đồng Tháp,7580201,Kỹ thuật xây dựng,A00,15,
SPD,Đại học Đồng Tháp,7510605,Logistics và Quản lý chuỗi cung ứng,A00,19.21,
SPD,Đại học Đồng Tháp,7340120,Ngành Kinh doanh quốc tế,A00,15,
SPD,Đại học Đồng Tháp,7380101,Ngành Luật,A00,24.21,
SPD,Đại học Đồng Tháp,7220201,Ngôn ngữ Anh,D01,22.51,
SPD,Đại học Đồng Tháp,7220204,Ngôn ngữ Trung Quốc,C00,23.7,
SPD,Đại học Đồng Tháp,7620109,Nông học,A00,15,
SPD,Đại học Đồng Tháp,7850103,Quản lý đất đai,A00,15,
SPD,Đại học Đồng Tháp,7340101,Quản trị Kinh doanh,A00,16.5,
SPD,Đại học Đồng Tháp,7340403,Quản lý công,A00,19.6,
SPD,Đại học Đồng Tháp,7850101,Quản lý tài nguyên và môi trường,A00,15,
SPD,Đại học Đồng Tháp,7229042,Quản lý văn hoá,C00,23.48,
SPD,Đại học Đồng Tháp,7140213,Sư phạm Sinh học,A02,24.86,
SPD,Đại học Đồng Tháp,7140221,Sư phạm Âm nhạc,N00,25.3,
SPD,Đại học Đồng Tháp,7140231,Sư phạm Tiếng Anh,D01,25.43,
SPD,Đại học Đồng Tháp,7140212,Sư phạm Hóa học,A00,25.94,
SPD,Đại học Đồng Tháp,7140247,Sư phạm khoa học tự nhiên,A00,24.63,
SPD,Đại học Đồng Tháp,7140218,Sư phạm Lịch sử,C00,27.84,
SPD,Đại học Đồng Tháp,7140210,Sư phạm Tin học (Chuyên ngành Tin học – Công nghệ Tiểu học),A00,23.76,
SPD,Đại học Đồng Tháp,7140209,Sư phạm Toán học,A00,26.33,
SPD,Đại học Đồng Tháp,7140222,Sư phạm Mỹ thuật,H00,22.5,
SPD,Đại học Đồng Tháp,7140217,Sư phạm Ngữ văn,C00,27.31,
SPD,Đại học Đồng Tháp,7140249,Sư phạm Lịch sử - Địa lý,C00,26.98,
SPD,Đại học Đồng Tháp,7140219,Sư phạm Địa lý,C00,27.43,
SPD,Đại học Đồng Tháp,7140246,Sư phạm công nghệ,A00,24.1,
SPD,Đại học Đồng Tháp,7140211,Sư phạm Vật lý,A00,25.8,
SPD,Đại học Đồng Tháp,7340201,Tài chính – Ngân hàng,A00,19.5,
SPD,Đại học Đồng Tháp,7310403,Tâm lý học giáo dục,A00,24.2,
SPD,Đại học Đồng Tháp,7310630,Việt Nam học,C00,23.93,
DDN,Đại học Đại Nam,7510303,Công nghệ kỹ thuật điều khiển và tự động hóa,A00 | A01 | D01 | D07,16,
DDN,Đại học Đại Nam,7510301,"Công nghệ kỹ thuật điện, điện tử",A00 | A01 | A10 | D01,16,
DDN,Đại học Đại Nam,7510205,Công nghệ kỹ thuật ô tô,A00 | A01 | A10 | D01,17,
DDN,Đại học Đại Nam,7340205,Công nghệ tài chính,A00 | A01 | D01 | D07,16,
DDN,Đại học Đại Nam,7420201,Công nghệ sinh học,A00 | B00 | B08 | D07,16,
DDN,Đại học Đại Nam,7480201,Công nghệ thông tin,A00 | A01 | A10 | D84,16,
DDN,Đại học Đại Nam,7720301,Điều dưỡng,B00 | C14 | D07 | D66,19,
DDN,Đại học Đại Nam,7720201,Dược học,A00 | A01 | B00 | B08,21,
DDN,Đại học Đại Nam,7480104,Hệ thống thông tin,A00 | A01 | D01 | D07,16,
DDN,Đại học Đại Nam,7340301,Kế toán,A00 | C01 | C14 | D01,17,
DDN,Đại học Đại Nam,7480101,Khoa học máy tính,A00 | A01 | A10 | D84,16,
DDN,Đại học Đại Nam,7580101,Kiến trúc,A00 | A01 | C01 | V00,16,
DDN,Đại học Đại Nam,7310109,Kinh tế số,A00 | C03 | D01 | D10,16,
DDN,Đại học Đại Nam,7310101,Kinh tế,A00 | A01 | D01 | D07,16,
DDN,Đại học Đại Nam,7580301,Kinh tế xây dựng,A00 | A01 | A08 | A10,16,
DDN,Đại học Đại Nam,7580201,Kỹ thuật xây dựng,A00 | A01 | A08 | A10,16,
DDN,Đại học Đại Nam,7510605,Logistics và Quản lý chuỗi cung ứng,A00 | C03 | D01 | D10,17,
DDN,Đại học Đại Nam,7380107,Luật kinh tế,A08 | A09 | C00 | C20,18,
DDN,Đại học Đại Nam,7340115,Marketing,A00 | A01 | D01 | D10,16,
DDN,Đại học Đại Nam,7380101,Ngành Luật,A00 | A01 | C00 | D01,16,
DDN,Đại học Đại Nam,7340120,Ngành Kinh doanh quốc tế,A00 | C03 | D01 | D10,17,
DDN,Đại học Đại Nam,7220201,Ngôn ngữ Anh,D01 | D09 | D11 | D14,17,
DDN,Đại học Đại Nam,7220210,Ngôn ngữ Hàn Quốc,C00 | D01 | D09 | D66,18,
DDN,Đại học Đại Nam,7220204,Ngôn ngữ Trung Quốc,C00 | D01 | D09 | D66,19,
DDN,Đại học Đại Nam,7220209,Ngôn ngữ Nhật,A01 | C00 | D01 | D15,17,
DDN,Đại học Đại Nam,7320108,Quan hệ công chúng,C00 | C20 | D01 | D15,17,
DDN,Đại học Đại Nam,7810103,Quản trị dịch vụ du lịch và lữ hành,A07 | A08 | C00 | D01,18,
DDN,Đại học Đại Nam,7340404,Quản trị nhân lực,A00 | A01 | D01 | D07,16,
DDN,Đại học Đại Nam,7340101,Quản trị Kinh doanh,A00 | C03 | D01 | D10,16,
DDN,Đại học Đại Nam,7340201,Tài chính – Ngân hàng,A00 | C01 | C14 | D01,17,
DDN,Đại học Đại Nam,7310401,Tâm lý học,A00 | A01 | C00 | D01,16,
DDN,Đại học Đại Nam,7210403,Thiết kế đồ họa,A00 | A01 | C01 | C03,16,
DDN,Đại học Đại Nam,7340122,Thương mại điện tử,A00 | A01 | C01 | D01,16,
DDN,Đại học Đại Nam,7320104,Truyền thông đa phương tiện,A00 | A01 | C14 | D01,18,
DDN,Đại học Đại Nam,7720101,Y khoa,A00 | A01 | B00 | B08,22.5,
HQH,Học viện Hải Quân,7860202|21A00,Chỉ huy tham mưu Hải quân (Nam - Phía Bắc),A00,24.21,
HQH,Học viện Hải Quân,7860202|22A00,Chỉ huy tham mưu Hải quân (Nam - Phía Nam),A00,20.6,
HQH,Học viện Hải Quân,7860202|21A01,Chỉ huy tham mưu Hải quân (Nam - Phía Bắc),A01,24.21,
HQH,Học viện Hải Quân,7860202|22A01,Chỉ huy tham mưu Hải quân (Nam - Phía Nam),A01,20.6,
LNS,Đại học Lâm nghiệp (Cơ sở 2),7620112,Bảo vệ thực vật,A00 | B00 | C15 | D01,15,
LNS,Đại học Lâm nghiệp (Cơ sở 2),7620105,Chăn nuôi,A00 | B00 | C15 | D01,15,
LNS,Đại học Lâm nghiệp (Cơ sở 2),7549001,Công nghệ chế biến lâm sản,A00 | A01 | C15 | D01,15,
LNS,Đại học Lâm nghiệp (Cơ sở 2),7480104,Hệ thống thông tin,A00 | A01 | C15 | D01,16,
LNS,Đại học Lâm nghiệp (Cơ sở 2),7340301,Kế toán,A00 | C00 | C15 | D01,16,
LNS,Đại học Lâm nghiệp (Cơ sở 2),7620110,Khoa học cây trồng,A00 | B00 | C15 | D01,15,
LNS,Đại học Lâm nghiệp (Cơ sở 2),7620205,Lâm sinh,A00 | B00 | C15 | D01,15,
LNS,Đại học Lâm nghiệp (Cơ sở 2),7510605,Logistics và Quản lý chuỗi cung ứng,A00 | C00 | C15 | D01,16,
LNS,Đại học Lâm nghiệp (Cơ sở 2),7340101,Quản trị Kinh doanh,A00 | C00 | C15 | D01,16,
LNS,Đại học Lâm nghiệp (Cơ sở 2),7620211,Quản lý tài nguyên rừng,A00 | C00 | C15 | D01,16,
LNS,Đại học Lâm nghiệp (Cơ sở 2),7850101,Quản lý tài nguyên và môi trường,A00 | C00 | C15 | D01,16,
LNS,Đại học Lâm nghiệp (Cơ sở 2),7810103,Quản trị dịch vụ du lịch và lữ hành,A00 | C00 | C15 | D01,16,
LNS,Đại học Lâm nghiệp (Cơ sở 2),7850103,Quản lý đất đai,A00 | C00 | C15 | D01,16,
LNS,Đại học Lâm nghiệp (Cơ sở 2),7340201,Tài chính – Ngân hàng,A00 | C00 | C15 | D01,16,
LNS,Đại học Lâm nghiệp (Cơ sở 2),7580108,Thiết kế nội thất,A00 | A01 | C15 | D01,16,
LNS,Đại học Lâm nghiệp (Cơ sở 2),7640101,Thú y,A00 | B00 | C15 | D01,18,
YTB,Đại học Y Dược Thái Bình,7720301,Điều dưỡng,B00 | D08,20,
YTB,Đại học Y Dược Thái Bình,7720201,Dược học,A00 | A01 | D07,24,
YTB,Đại học Y Dược Thái Bình,7720601,Kỹ thuật xét nghiệm y học,A00 | B00,23.05,
YTB,Đại học Y Dược Thái Bình,7720101,Y khoa,B00 | D07 | D08,26.17,
YTB,Đại học Y Dược Thái Bình,7720115,Y học cổ truyền,B00 | D08,23,
YTB,Đại học Y Dược Thái Bình,7720110,Y học dự phòng,B00 | D08,19.15,
KQH,Học viện Kĩ Thuật Quân Sự - Hệ Quân sự,7860220|11A00,"Chỉ huy, quản lý kỹ thuật (Nữ - Phía Bắc)",A00,27.71,
KQH,Học viện Kĩ Thuật Quân Sự - Hệ Quân sự,7860220|22A01,"Chỉ huy, quản lý kỹ thuật (Nam - Phía Nam)",A01,25.46,
KQH,Học viện Kĩ Thuật Quân Sự - Hệ Quân sự,7860220|12A00,"Chỉ huy, quản lý kỹ thuật (Nữ - Phía Nam)",A00,26.52,
KQH,Học viện Kĩ Thuật Quân Sự - Hệ Quân sự,7860220|21A00,"Chỉ huy, quản lý kỹ thuật (Nam - Phía Bắc)",A00,26.13,
KQH,Học viện Kĩ Thuật Quân Sự - Hệ Quân sự,7860220|11A01,"Chỉ huy, quản lý kỹ thuật (Nữ - Phía Bắc)",A01,27.71,
KQH,Học viện Kĩ Thuật Quân Sự - Hệ Quân sự,7860220|21A01,"Chỉ huy, quản lý kỹ thuật (Nam - Phía Bắc)",A01,26.13,
KQH,Học viện Kĩ Thuật Quân Sự - Hệ Quân sự,7860220|12A01,Chỉ huy tham mưu thông tin,A01,26.52,
KQH,Học viện Kĩ Thuật Quân Sự - Hệ Quân sự,7860220|22A00,"Chỉ huy, quản lý kỹ thuật (Nam - Phía Nam)",A00,25.46,
DDL,Đại học Điện lực,7510301,"Công nghệ kỹ thuật điện, điện tử",A00 | A01 | D01 | D07,23.5,
DDL,Đại học Điện lực,7510102,Công nghệ kỹ thuật xây dựng dân dụng và công nghiệp,A00 | A01 | D01 | D07,21,Công nghệ kỹ thuật công trình xây dựng
DDL,Đại học Điện lực,7510203,Công nghệ kỹ thuật cơ điện tử,A00 | A01 | D01 | D07,24,
DDL,Đại học Điện lực,7510303,Công nghệ kỹ thuật điều khiển và tự động hóa,A00 | A01 | D01 | D07,23.5,
DDL,Đại học Điện lực,7510406,Công nghệ kỹ thuật Môi trường,A00 | A01 | D01 | D07,19.5,
DDL,Đại học Điện lực,7510403,Công nghệ kỹ thuật năng lượng,A00 | A01 | D01 | D07,22,
DDL,Đại học Điện lực,7480201,Công nghệ thông tin,A00 | A01 | D01 | D07,23,
DDL,Đại học Điện lực,7510201,Công nghệ kỹ thuật cơ khí (chuyên ngành Cơ khí chế tạo),A00 | A01 | D01 | D07,23.25,
DDL,Đại học Điện lực,7510302,Điện tử - viễn thông,A00 | A01 | D01 | D07,22.75,
DDL,Đại học Điện lực,7340301,Kế toán,A00 | A01 | D01 | D07,22.35,
DDL,Đại học Điện lực,7340302,Kiểm toán,A00 | A01 | D01 | D07,21.5,
DDL,Đại học Điện lực,7520115,"Kỹ thuật nhiệt (3 chuyên ngành: Kỹ thuật điện lạnh; Máy lạnh, điều hòa không khí và thông gió; Máy lạnh và thiết bị thực phẩm)",A00 | A01 | D01 | D07,21.9,
DDL,Đại học Điện lực,7510605,Logistics và Quản lý chuỗi cung ứng,A00 | A01 | D01 | D07,23.7,
DDL,Đại học Điện lực,7810103,Quản trị dịch vụ du lịch và lữ hành,A00 | A01 | D01 | D07,21.8,
DDL,Đại học Điện lực,7510602,Quản lý năng lượng,A00 | A01 | D01 | D07,21.5,
DDL,Đại học Điện lực,7340101,Quản trị Kinh doanh,A00 | A01 | D01 | D07,22.35,
DDL,Đại học Điện lực,7510601,Quản lý công nghiệp,A00 | A01 | D01 | D07,22.7,
DDL,Đại học Điện lực,7340201,Tài chính – Ngân hàng,A00 | A01 | D01 | D07,22.35,
DDL,Đại học Điện lực,7340122,Thương mại điện tử,A00 | A01 | D01 | D07,24,
DLA,Đại học Kinh tế Công nghiệp Long An,7510103,Công nghệ kỹ thuật xây dựng (chuyên ngành Xây dựng dân dụng & Công nghiệp),A00,15,
DLA,Đại học Kinh tế Công nghiệp Long An,7480201,Công nghệ thông tin,A00,15,
DLA,Đại học Kinh tế Công nghiệp Long An,7340301,Kế toán,A00,15,
DLA,Đại học Kinh tế Công nghiệp Long An,7380107,Luật kinh tế,A00,15,
DLA,Đại học Kinh tế Công nghiệp Long An,7220201,Ngôn ngữ Anh,D01,15,
DLA,Đại học Kinh tế Công nghiệp Long An,7810103,Quản trị dịch vụ du lịch và lữ hành,D01,15,
DLA,Đại học Kinh tế Công nghiệp Long An,7340101,Quản trị Kinh doanh,A01,17,
DLA,Đại học Kinh tế Công nghiệp Long An,7340201,Tài chính – Ngân hàng,A08,15,
SIU,Đại học Quốc tế Sài Gòn,7140103,Công nghệ Giáo dục,A00 | A01 | D01 | D07,16,
SIU,Đại học Quốc tế Sài Gòn,7480201,Công nghệ thông tin,A00 | A01 | D01 | D07,17,
SIU,Đại học Quốc tế Sài Gòn,7310608,Đông phương học,A01 | C00 | D01 | D04,16,
SIU,Đại học Quốc tế Sài Gòn,7340301,Kế toán,A00 | A01 | C01 | D01,16,
SIU,Đại học Quốc tế Sài Gòn,7480101,Khoa học máy tính,A00 | A01 | D01 | D07,17,
SIU,Đại học Quốc tế Sài Gòn,7510605,Logistics và Quản lý chuỗi cung ứng,A00 | A01 | A07 | D01,17,
SIU,Đại học Quốc tế Sài Gòn,7380107,Luật kinh tế,A00 | A01 | C00 | D01,17,
SIU,Đại học Quốc tế Sài Gòn,7220201,Ngôn ngữ Anh,D01 | D11 | D12 | D15,17,
SIU,Đại học Quốc tế Sài Gòn,7320108,Quan hệ công chúng,A00 | A01 | C00 | D01,17,
SIU,Đại học Quốc tế Sài Gòn,7810201,Quản trị khách sạn,A00 | A01 | A07 | D01,16,
SIU,Đại học Quốc tế Sài Gòn,7340101,Quản trị Kinh doanh,A00 | A01 | A07 | D01,17,
SIU,Đại học Quốc tế Sài Gòn,7310401,Tâm lý học,C00 | D01 | D14 | D15,16,
SIU,Đại học Quốc tế Sài Gòn,7340122,Thương mại điện tử,A00 | A01 | A07 | D01,16,
SIU,Đại học Quốc tế Sài Gòn,7320104,Truyền thông đa phương tiện,A00 | A01 | C00 | D01,17,
DDT,Đại học Dân Lập Duy Tân,7480202,An toàn thông tin,A00 | A01 | A16 | D01,14,
DDT,Đại học Dân Lập Duy Tân,7510205,Công nghệ kỹ thuật ô tô,A00 | A16 | C01 | D01,14,
DDT,Đại học Dân Lập Duy Tân,7510102,Công nghệ kỹ thuật xây dựng dân dụng và công nghiệp,A00 | A16 | C01 | D01,14.5,
DDT,Đại học Dân Lập Duy Tân,7510301,"Công nghệ kỹ thuật điện, điện tử",A00 | A16 | C01 | D01,14,
DDT,Đại học Dân Lập Duy Tân,7420201,Công nghệ sinh học,A16 | B00 | D08 | D09,17,
DDT,Đại học Dân Lập Duy Tân,7540101,Công nghệ thực phẩm,A00 | A16 | B00 | C01,18,
DDT,Đại học Dân Lập Duy Tân,7510406,Công nghệ kỹ thuật Môi trường,A00 | A16 | B00 | C02,14,
DDT,Đại học Dân Lập Duy Tân,7720301,Điều dưỡng,A00 | A16 | B00 | B03,19,
DDT,Đại học Dân Lập Duy Tân,7810101,Du lịch,A00 | C00 | C15 | D01,14,
DDT,Đại học Dân Lập Duy Tân,7720201LT,Dược học liên thông,A00 | A16 | B00 | B03,21,
DDT,Đại học Dân Lập Duy Tân,7720201,Dược học,A00 | A16 | B00 | B03,21,
DDT,Đại học Dân Lập Duy Tân,7340405,Hệ thống thông tin,A00 | A16 | C01 | D01,14.5,
DDT,Đại học Dân Lập Duy Tân,7340301,Kế toán,A00 | A16 | C01 | D01,14,
DDT,Đại học Dân Lập Duy Tân,7480101,Khoa học máy tính,A00 | A01 | A16 | D01,14,
DDT,Đại học Dân Lập Duy Tân,7460108,Khoa học dữ liệu (Data Science),A00 | A01 | A16 | D01,14,
DDT,Đại học Dân Lập Duy Tân,7480101LK,Khoa học máy tính hệ liên kết,A00 | A01 | A16 | D01,15.5,
DDT,Đại học Dân Lập Duy Tân,7340302,Kiểm toán,A00 | A16 | C01 | D01,14,
DDT,Đại học Dân Lập Duy Tân,7580101,Kiến trúc,M02 | M04 | V00 | V01,16.5,
DDT,Đại học Dân Lập Duy Tân,7340121,Kinh doanh thương mại,A00 | A16 | C01 | D01,14,
DDT,Đại học Dân Lập Duy Tân,7520201,Kỹ thuật điện,A00 | A16 | C01 | D01,14,
DDT,Đại học Dân Lập Duy Tân,7480103,Kỹ thuật phần mềm,A00 | A01 | A16 | D01,14,
DDT,Đại học Dân Lập Duy Tân,7580201,Kỹ thuật xây dựng,A00 | A16 | C01 | D01,14,
DDT,Đại học Dân Lập Duy Tân,7520212,Kỹ thuật y sinh,A00 | A16 | B00 | B03,14,
DDT,Đại học Dân Lập Duy Tân,7510605,Logistics và Quản lý chuỗi cung ứng,A00 | A16 | C01 | D01,14,
DDT,Đại học Dân Lập Duy Tân,7380107,Luật kinh tế,A00 | C00 | C15 | D01,15,
DDT,Đại học Dân Lập Duy Tân,7480102,Mạng máy tính và truyền thông dữ liệu,A00 | A01 | A16 | D01,15,
DDT,Đại học Dân Lập Duy Tân,7340115,Marketing,A00 | A16 | C01 | D01,14,
DDT,Đại học Dân Lập Duy Tân,7520216,Ngành Kỹ thuật điều khiển & Tự động hóa,A00 | A16 | C01 | D01,14,
DDT,Đại học Dân Lập Duy Tân,7380101,Ngành Luật,A00 | C00 | C15 | D01,14,
DDT,Đại học Dân Lập Duy Tân,7220210,Ngôn ngữ Hàn Quốc,D01 | D09 | D10 | D13,14,
DDT,Đại học Dân Lập Duy Tân,7220201,Ngôn ngữ Anh,D01 | D14 | D15 | D72,14,
DDT,Đại học Dân Lập Duy Tân,7220209,Ngôn ngữ Nhật,A01 | D01 | D14 | D15,14,
DDT,Đại học Dân Lập Duy Tân,7220204,Ngôn ngữ Trung Quốc,D01 | D14 | D15 | D72,14,
DDT,Đại học Dân Lập Duy Tân,7810202,Quản trị nhà hàng và dịch vụ ăn uống,A00 | C00 | C15 | D01,15.5,
DDT,Đại học Dân Lập Duy Tân,7340101LK,Quản trị kinh doanh Hệ liên kết quốc tế,A00 | A16 | C01 | D01,14.5,
DDT,Đại học Dân Lập Duy Tân,7810201LK,Quản trị khách sạn liên kết,A00 | C00 | C15 | D01,14.5,
DDT,Đại học Dân Lập Duy Tân,7810103,Quản trị dịch vụ du lịch và lữ hành,A00 | C00 | C15 | D01,14,
DDT,Đại học Dân Lập Duy Tân,7340404,Quản trị nhân lực,A00 | A16 | C01 | D01,14,
DDT,Đại học Dân Lập Duy Tân,7850101,Quản lý tài nguyên và môi trường,A00 | A16 | B00 | C15,15.5,
DDT,Đại học Dân Lập Duy Tân,7810201,Quản trị khách sạn,A00 | C00 | C15 | D01,14,
DDT,Đại học Dân Lập Duy Tân,7340412,Quản trị sự kiện,A00 | C00 | C15 | D01,14.5,
DDT,Đại học Dân Lập Duy Tân,7340101,Quản trị Kinh doanh,A00 | A16 | C01 | D01,14,
DDT,Đại học Dân Lập Duy Tân,7310206,Quan hệ quốc tế,A01 | C00 | C15 | D01,16,
DDT,Đại học Dân Lập Duy Tân,7720501,Răng- Hàm -Mặt,A00 | A16 | B00 | D90,22.5,
DDT,Đại học Dân Lập Duy Tân,7340201,Tài chính – Ngân hàng,A00 | A16 | C01 | D01,14,
DDT,Đại học Dân Lập Duy Tân,7210403,Thiết kế đồ họa,A00 | A16 | D01 | V01,14,
DDT,Đại học Dân Lập Duy Tân,7210404,Thiết kế thời trang,A00 | A16 | D01 | V01,14,
DDT,Đại học Dân Lập Duy Tân,7320104,Truyền thông đa phương tiện,A00 | C00 | C15 | D01,14,
DDT,Đại học Dân Lập Duy Tân,7229030,Văn học,C00 | C04 | C15 | D01,14.5,
DDT,Đại học Dân Lập Duy Tân,7310630,Việt Nam học,A01 | C00 | C15 | D01,17,
DDT,Đại học Dân Lập Duy Tân,7720101,Y khoa,A16 | B00 | D08 | D90,22.5,
HTC,Học viện Tài chính,7340101C35,Digital Marketing (theo định hướng ICDL),A01 | D01 | D07,35.31,thang 40
HTC,Học viện Tài chính,7340201C06,Hải quan & Logistics,A01 | D01 | D07,36.15,thang 40
HTC,Học viện Tài chính,7340405,Hệ thống thông tin,A00 | A01 | D01 | D07,26.03,
HTC,Học viện Tài chính,7340301,Kế toán,A00 | A01 | D01 | D07,26.45,
HTC,Học viện Tài chính,7340201C21,Kế toán doanh nghiệp (theo định hướng ACCA),A01 | D01 | D07,34.35,thang 40
HTC,Học viện Tài chính,7340201C22,Kiểm toán (theo định hướng ICAEW),A01 | D01 | D07,35.7,thang 40
HTC,Học viện Tài chính,7310101,Kinh tế,A01 | D01 | D07,26.13,
HTC,Học viện Tài chính,7220201,Ngôn ngữ Anh,A01 | D01 | D07,34.73,thang 40
HTC,Học viện Tài chính,7340201C09,Phân tích tài chính,A01 | D01 | D07,35.36,thang 40
HTC,Học viện Tài chính,7340101,Quản trị Kinh doanh,A00 | A01 | D01 | D07,26.22,
HTC,Học viện Tài chính,73402011,Tài chính - Ngân hàng 1,A00 | A01 | D01 | D07,26.38,
HTC,Học viện Tài chính,7340201C11,Tài chính doanh nghiệp,A01 | D01 | D07,35.4,thang 40
HTC,Học viện Tài chính,73402013,Tài chính - Ngân hàng 3,A00 | A01 | D01 | D07,26.22,
HTC,Học viện Tài chính,73402012,Tài chính - Ngân hàng 2,A00 | A01 | D01 | D07,26.85,
KTS,Đại học Kiến trúc tại Trung tâm đào tạo cơ sở Đà Lạt,7580101DL,Kiến trúc,V00,22.15,
KTS,Đại học Kiến trúc tại Trung tâm đào tạo cơ sở Đà Lạt,7580201DL,Kỹ thuật xây dựng,A00,15.95,
DLX,Đại học Lao động - Xã hội (Cơ sở Hà Nội),7340204,Bảo hiểm,A00 | A01 | D01,17,
DLX,Đại học Lao động - Xã hội (Cơ sở Hà Nội),7340207,Bảo hiểm - Tài chính,A00 | A01 | D01,21.75,
DLX,Đại học Lao động - Xã hội (Cơ sở Hà Nội),7480201,Công nghệ thông tin,A00 | A01 | D01,22.4,
DLX,Đại học Lao động - Xã hội (Cơ sở Hà Nội),7760101,Công tác xã hội,A00 | A01 | C00 | D01,25.25,
DLX,Đại học Lao động - Xã hội (Cơ sở Hà Nội),7340405,Hệ thống thông tin,A00 | A01 | D01,23.09,
DLX,Đại học Lao động - Xã hội (Cơ sở Hà Nội),7340301,Kế toán,A00 | A01 | D01,22.65,
DLX,Đại học Lao động - Xã hội (Cơ sở Hà Nội),7340302,Kiểm toán,A00 | A01 | D01,23.43,
DLX,Đại học Lao động - Xã hội (Cơ sở Hà Nội),7310101,Kinh tế,A00 | A01 | D01,23.55,
DLX,Đại học Lao động - Xã hội (Cơ sở Hà Nội),7380107,Luật kinh tế,A00 | A01 | D01,23.7,
DLX,Đại học Lao động - Xã hội (Cơ sở Hà Nội),7220201,Ngôn ngữ Anh,A01 | D01 | D07 | D14,24.06,
DLX,Đại học Lao động - Xã hội (Cơ sở Hà Nội),7340101,Quản trị Kinh doanh,A00 | A01 | D01,22.5,
DLX,Đại học Lao động - Xã hội (Cơ sở Hà Nội),7340404,Quản trị nhân lực,A00 | A01 | D01,23.7,
DLX,Đại học Lao động - Xã hội (Cơ sở Hà Nội),7810103,Quản trị dịch vụ du lịch và lữ hành,A00 | A01 | D01,23.04,
DLX,Đại học Lao động - Xã hội (Cơ sở Hà Nội),7340201,Tài chính – Ngân hàng,A00 | A01 | D01,23.14,
DLX,Đại học Lao động - Xã hội (Cơ sở Hà Nội),7310401,Tâm lý học,A00 | A01 | C00 | D01,26.33,
DNC,Đại học Nam Cần Thơ,7340116,Bất động sản,A00,16,
DNC,Đại học Nam Cần Thơ,7480201,Công nghệ thông tin,A00,16,
DNC,Đại học Nam Cần Thơ,7510301,"Công nghệ kỹ thuật điện, điện tử",A00,16,
DNC,Đại học Nam Cần Thơ,7540101,Công nghệ thực phẩm,A00,16,
DNC,Đại học Nam Cần Thơ,7510205,Công nghệ kỹ thuật ô tô,A00,16,
DNC,Đại học Nam Cần Thơ,7510401,Công nghệ kỹ thuật hoá học,A00,16,
DNC,Đại học Nam Cần Thơ,7720301,Điều dưỡng,A00,19,
DNC,Đại học Nam Cần Thơ,7720201,Dược học,A00,21,
DNC,Đại học Nam Cần Thơ,7340301,Kế toán,A00,16,
DNC,Đại học Nam Cần Thơ,7480101,Khoa học máy tính,A00,16,
DNC,Đại học Nam Cần Thơ,7580101,Kiến trúc,A00,16,
DNC,Đại học Nam Cần Thơ,7310109,Kinh tế số,A00,16,
DNC,Đại học Nam Cần Thơ,7520212,Kỹ thuật y sinh,A00,16,
DNC,Đại học Nam Cần Thơ,7580201,Kỹ thuật xây dựng,A00,16,
DNC,Đại học Nam Cần Thơ,7480103,Kỹ thuật phần mềm,A00,16,
DNC,Đại học Nam Cần Thơ,7520116,Kỹ thuật cơ khí động lực,A00,16,
DNC,Đại học Nam Cần Thơ,7720601,Kỹ thuật xét nghiệm y học,A00,18,
DNC,Đại học Nam Cần Thơ,7720602,Kỹ thuật hình ảnh y học,A00,19,
DNC,Đại học Nam Cần Thơ,7510605,Logistics và Quản lý chuỗi cung ứng,A00,16,
DNC,Đại học Nam Cần Thơ,7380107,Luật kinh tế,C00,16,
DNC,Đại học Nam Cần Thơ,7480102,Mạng máy tính và truyền thông dữ liệu,A00,16,
DNC,Đại học Nam Cần Thơ,7340115,Marketing,A00,16,
DNC,Đại học Nam Cần Thơ,7380101,Ngành Luật,C00,16,
DNC,Đại học Nam Cần Thơ,7340120,Ngành Kinh doanh quốc tế,A00,16,
DNC,Đại học Nam Cần Thơ,7220201,Ngôn ngữ Anh,D01,16,
DNC,Đại học Nam Cần Thơ,7320108,Quan hệ công chúng,C00,16,
DNC,Đại học Nam Cần Thơ,7850101,Quản lý tài nguyên và môi trường,A00,16,
DNC,Đại học Nam Cần Thơ,7850103,Quản lý đất đai,A00,16,
DNC,Đại học Nam Cần Thơ,7810202,Quản trị nhà hàng và dịch vụ ăn uống,A00,16,
DNC,Đại học Nam Cần Thơ,7340101,Quản trị Kinh doanh,A00,16,
DNC,Đại học Nam Cần Thơ,7510601,Quản lý công nghiệp,A00,16,
DNC,Đại học Nam Cần Thơ,7810103,Quản trị dịch vụ du lịch và lữ hành,A00,16,
DNC,Đại học Nam Cần Thơ,7720802,Quản lý bệnh viện,B00,16,
DNC,Đại học Nam Cần Thơ,7810201,Quản trị khách sạn,A00,16,
DNC,Đại học Nam Cần Thơ,7720501,Răng- Hàm -Mặt,A02,22.5,
DNC,Đại học Nam Cần Thơ,7340201,Tài chính – Ngân hàng,A00,16,
DNC,Đại học Nam Cần Thơ,7340122,Thương mại điện tử,A00,16,
DNC,Đại học Nam Cần Thơ,7320104,Truyền thông đa phương tiện,C00,16,
DNC,Đại học Nam Cần Thơ,7720110,Y học dự phòng,A02,19,
DNC,Đại học Nam Cần Thơ,7720101,Y khoa,A02,22.5,
NTU,Đại học Nguyễn Trãi,7480201,Công nghệ thông tin,A00 | A01 | C04 | D01,18,
NTU,Đại học Nguyễn Trãi,7340301,Kế toán,A00 | A07 | C04 | D01,18,
NTU,Đại học Nguyễn Trãi,7580101,Kiến trúc,A07 | C03 | C04 | V00,18,
NTU,Đại học Nguyễn Trãi,7220210,Ngôn ngữ Hàn Quốc,A01 | C04 | D01,18,
NTU,Đại học Nguyễn Trãi,7220209,Ngôn ngữ Nhật,A01 | C04 | D01 | D63,18,
NTU,Đại học Nguyễn Trãi,7320108,Quan hệ công chúng,C00 | C14 | C19 | D01,18,
NTU,Đại học Nguyễn Trãi,7340101,Quản trị Kinh doanh,A00 | A07 | C04 | D01,18,
NTU,Đại học Nguyễn Trãi,7310601,Quốc tế học,A01 | C00 | C04 | D01,18,
NTU,Đại học Nguyễn Trãi,7340201,Tài chính – Ngân hàng,A00 | A07 | C04 | D01,18,
NTU,Đại học Nguyễn Trãi,7210403,Thiết kế đồ họa,C01 | C03 | C04 | H00,18,
NTU,Đại học Nguyễn Trãi,7580108,Thiết kế nội thất,C01 | C03 | C04 | H00,18,
VUI,Đại Học Công Nghiệp Việt Trì,7510301,"Công nghệ kỹ thuật điện, điện tử",A00,17,
VUI,Đại Học Công Nghiệp Việt Trì,7420201,Công nghệ sinh học,A00,16,
VUI,Đại Học Công Nghiệp Việt Trì,7510201,Công nghệ kỹ thuật cơ khí (chuyên ngành Cơ khí chế tạo),A00,16,
VUI,Đại Học Công Nghiệp Việt Trì,7510401,Công nghệ kỹ thuật hoá học,A00,16,
VUI,Đại Học Công Nghiệp Việt Trì,7480201,Công nghệ thông tin,A00,17,
VUI,Đại Học Công Nghiệp Việt Trì,7510303,Công nghệ kỹ thuật điều khiển và tự động hóa,A00,17,
VUI,Đại Học Công Nghiệp Việt Trì,7510406,Công nghệ kỹ thuật Môi trường,A00,16,
VUI,Đại Học Công Nghiệp Việt Trì,7540101,Công nghệ thực phẩm,A00,16,
VUI,Đại Học Công Nghiệp Việt Trì,7510205,Công nghệ kỹ thuật ô tô,A00,18,
VUI,Đại Học Công Nghiệp Việt Trì,7440112,Hóa học,A00,16,
VUI,Đại Học Công Nghiệp Việt Trì,7340301,Kế toán,D14,17,
VUI,Đại Học Công Nghiệp Việt Trì,7220201,Ngôn ngữ Anh,D01,17,
VUI,Đại Học Công Nghiệp Việt Trì,7220204,Ngôn ngữ Trung Quốc,D01,17,
VUI,Đại Học Công Nghiệp Việt Trì,7340101,Quản trị Kinh doanh,D14,16,
DKY,Đại học Kỹ thuật Y tế Hải Dương,7720301,Điều dưỡng,B00,19,
DKY,Đại học Kỹ thuật Y tế Hải Dương,7720601,Kỹ thuật xét nghiệm y học,B00,20,
DKY,Đại học Kỹ thuật Y tế Hải Dương,7720603,Kỹ thuật phục hồi chức năng,B00,20.5,
DKY,Đại học Kỹ thuật Y tế Hải Dương,7720602,Kỹ thuật hình ảnh y học,B00,20,
DKY,Đại học Kỹ thuật Y tế Hải Dương,7720101,Y khoa,B00,25.4,
TCT,Đại học Cần Thơ,7480202,An toàn thông tin,A00 | A01,23.75,
TCT,Đại học Cần Thơ,7620112,Bảo vệ thực vật,B00 | B08 | D07,15,
TCT,Đại học Cần Thơ,7320101,Báo chí,C00 | D01 | D14 | D15,26.87,
TCT,Đại học Cần Thơ,7620302,Bệnh học thủy sản,A00 | B00 | B08 | D07,15,
TCT,Đại học Cần Thơ,7620105,Chăn nuôi,A00 | A02 | B00 | B08,15,
TCT,Đại học Cần Thơ,7310201,Chính trị học,C00 | C19 | D14 | D15,25.9,
TCT,Đại học Cần Thơ,7510401C,Công nghệ kỹ thuật hoá học (Chương trình chất lượng cao),A01 | B08 | D07,21.05,
TCT,Đại học Cần Thơ,7480201H,Công nghệ thông tin (Đào tạo tại Khu Hòa An),A00 | A01,23.05,
TCT,Đại học Cần Thơ,7420201,Công nghệ sinh học,A00 | B00 | B08 | D07,20,
TCT,Đại học Cần Thơ,7420201T,Công nghệ sinh học (Chương trình tiên tiến),A01 | B08 | D07,20.75,
TCT,Đại học Cần Thơ,7540105,Công nghệ chế biến thủy sản,A00 | A01 | B00 | D07,16,
TCT,Đại học Cần Thơ,7480201,Công nghệ thông tin,A00 | A01,25.35,
TCT,Đại học Cần Thơ,7540101C,Công nghệ thực phẳm,A01 | B08 | D07,20,
TCT,Đại học Cần Thơ,7540101,Công nghệ thực phẩm,A00 | A01 | B00 | D07,20.5,
TCT,Đại học Cần Thơ,7510401,Công nghệ kỹ thuật hoá học,A00 | A01 | B00 | D07,23.55,
TCT,Đại học Cần Thơ,7480201C,Công nghệ thông tin (CTCLC),A01 | D01 | D07,23.7,
TCT,Đại học Cần Thơ,7620113,Công nghệ rau hoa quả và cảnh quan,A00 | B00 | B08 | D07,15,
TCT,Đại học Cần Thơ,7540104,Công nghệ sau thu hoạch,A00 | A01 | B00 | D07,15,
TCT,Đại học Cần Thơ,7460112,ĐH Toán ứng dụng,A00 | A01 | A02 | B00,23.23,
TCT,Đại học Cần Thơ,7620301,ĐH Nuôi trồng thủy sản,A00 | B00 | B08 | D07,15,
TCT,Đại học Cần Thơ,7810101H,Du lịch - học tại khu Hòa An,C00 | D01 | D14 | D15,25.5,
TCT,Đại học Cần Thơ,7810101,Du lịch,C00 | D01 | D14 | D15,26.8,
TCT,Đại học Cần Thơ,7140201,Giáo dục Mầm non,M01 | M06,25.95,
TCT,Đại học Cần Thơ,7140204,Giáo dục Công dân,C00 | D14 | D15 | D19,27.31,
TCT,Đại học Cần Thơ,7140202,Giáo dục Tiểu học,A00 | C01 | D01 | D03,25.65,
TCT,Đại học Cần Thơ,7140206,Giáo dục Thể chất,T00 | T01 | T06,25.6,
TCT,Đại học Cần Thơ,7480104C,Hệ thống thông tin (CTCLC),A01 | D01 | D07,22.8,
TCT,Đại học Cần Thơ,7480104,Hệ thống thông tin,A00 | A01,23.48,
TCT,Đại học Cần Thơ,7720203,Hoá dược,A00 | B00 | C02 | D07,24.5,
TCT,Đại học Cần Thơ,7440112,Hóa học,A00 | B00 | C02 | D07,23.15,
TCT,Đại học Cần Thơ,7340301,Kế toán,A00 | A01 | C02 | D01,24.2,
TCT,Đại học Cần Thơ,7620103,Khoa học đất,A00 | B00 | B08 | D07,15,
TCT,Đại học Cần Thơ,7480101,Khoa học máy tính,A00 | A01,24.43,
TCT,Đại học Cần Thơ,7620110,Khoa học cây trồng,A02 | B00 | B08 | D07,15,
TCT,Đại học Cần Thơ,7440301,Khoa học môi trường,A00 | A02 | B00 | D07,15,
TCT,Đại học Cần Thơ,7340302,Kiểm toán,A00 | A01 | C02 | D01,23.7,
TCT,Đại học Cần Thơ,7580101,Kiến trúc,V00 | V01 | V02 | V03,21.5,
TCT,Đại học Cần Thơ,7620115,Kinh tế nông nghiệp,A00 | A01 | C02 | D01,21,
TCT,Đại học Cần Thơ,7620114H,Kinh doanh nông nghiệp (Đào tạo tại Khu Hòa An),A00 | A01 | C02 | D01,15,
TCT,Đại học Cần Thơ,7340121,Kinh doanh thương mại,A00 | A01 | C02 | D01,24.5,
TCT,Đại học Cần Thơ,7850102,Kinh tế tài nguyên thiên nhiên,A00 | A01 | C02 | D01,22.5,
TCT,Đại học Cần Thơ,7340120C,Kinh doanh quốc tế (Chương trình chất lượng cao),A01 | D01 | D07,23.7,
TCT,Đại học Cần Thơ,7620115H,Kinh tế nông nghiệp (Đào tạo tại Khu Hòa An),A00 | A01 | C02 | D01,18.5,
TCT,Đại học Cần Thơ,7310101,Kinh tế,A00 | A01 | C02 | D01,24.1,
TCT,Đại học Cần Thơ,7580213,Kỹ thuật cấp thoát nước,A00 | A01 | B00 | D07,15,
TCT,Đại học Cần Thơ,7520216C,Kỹ thuật điều khiển và tự động hóa chất lượng cao,A01 | D01 | D07,22.45,
TCT,Đại học Cần Thơ,7520103,Kỹ thuật cơ khí,A00 | A01,23.53,
TCT,Đại học Cần Thơ,7520114,Kỹ thuật cơ điện tử,A00 | A01,23.63,
TCT,Đại học Cần Thơ,7580205,Kỹ thuật xây dựng công trình giao thông,A00 | A01,15,
TCT,Đại học Cần Thơ,7520130,Kỹ thuật ô tô,A00 | A01,24.2,
TCT,Đại học Cần Thơ,7580201,Kỹ thuật xây dựng,A00 | A01,21.2,
TCT,Đại học Cần Thơ,7520201,Kỹ thuật điện,A00 | A01 | D07,23.4,
TCT,Đại học Cần Thơ,7480103,Kỹ thuật phần mềm,A00 | A01,24.83,
TCT,Đại học Cần Thơ,7520309,Kỹ thuật vật liệu,A00 | A01 | B00 | D07,22.15,
TCT,Đại học Cần Thơ,7520201C,Kỹ thuật Điện (CTCLC),A01 | D01 | D07,21.9,
TCT,Đại học Cần Thơ,7580201C,Kỹ thuật xây dựng (Chương trình chất lượng cao),A01 | D01 | D07,20,
TCT,Đại học Cần Thơ,7580202,Kỹ thuật xây dựng công trình thủy,A00 | A01,15,
TCT,Đại học Cần Thơ,7520212,Kỹ thuật y sinh,A00 | A01 | A02 | A08,22.8,
TCT,Đại học Cần Thơ,7480106,Kỹ thuật máy tính,A00 | A01,24.28,
TCT,Đại học Cần Thơ,7510605,Logistics và Quản lý chuỗi cung ứng,A00 | A01 | D01,25.1,
TCT,Đại học Cần Thơ,7380107,Luật kinh tế,A00 | C00 | D01 | D03,26.85,
TCT,Đại học Cần Thơ,7380101H,Luật (Chuyên ngành Luật Hành chính); Học tại khu Hòa An - Tỉnh Hậu Giang,A00 | C00 | D01 | D03,25.5,
TCT,Đại học Cần Thơ,7480102,Mạng máy tính và truyền thông dữ liệu,A00 | A01,22.9,
TCT,Đại học Cần Thơ,7340115,Marketing,A00 | A01 | C02 | D01,24.6,
TCT,Đại học Cần Thơ,7480103C,Ngành Kỹ thuật phần mềm (Hệ đại học Chất lượng cao),A01 | D01 | D07,22.9,
TCT,Đại học Cần Thơ,7520216,Ngành Kỹ thuật điều khiển & Tự động hóa,A00 | A01,24.05,
TCT,Đại học Cần Thơ,7380101,Ngành Luật,A00 | C00 | D01 | D03,26.01,
TCT,Đại học Cần Thơ,7520207,Ngành Kỹ thuật điện tử truyền thông,A00 | A01,23,Kỹ thuật Điện tử - viễn thông
TCT,Đại học Cần Thơ,7520320,Ngành Kỹ thuật môi trường,A00 | A01 | B00 | D07,15,
TCT,Đại học Cần Thơ,7340120,Ngành Kinh doanh quốc tế,A00 | A01 | C02 | D01,24.8,
TCT,Đại học Cần Thơ,7220201H,Ngôn ngữ Anh (Đào tạo tại Khu Hòa An),D01 | D14 | D15,24.45,
TCT,Đại học Cần Thơ,7220201C,Ngôn ngữ Anh (CTCLC),D01 | D14 | D15,24.4,
TCT,Đại học Cần Thơ,7220201,Ngôn ngữ Anh,D01 | D14 | D15,25.2,
TCT,Đại học Cần Thơ,7220203,Ngôn ngữ Pháp,D01 | D03 | D14 | D64,21,
TCT,Đại học Cần Thơ,7620109,Nông học,B00 | B08 | D07,15,
TCT,Đại học Cần Thơ,7620301T,Nuôi trồng thuỷ sản (chương trình tiên tiến),A01 | B08 | D07,15,
TCT,Đại học Cần Thơ,7810103,Quản trị dịch vụ du lịch và lữ hành,A00 | A01 | C02 | D01,24.1,
TCT,Đại học Cần Thơ,7340101,Quản trị Kinh doanh,A00 | A01 | C02 | D01,24.05,
TCT,Đại học Cần Thơ,7810103C,Quản trị dịch vụ du lịch và lữ hành,A01 | D01 | D07,22.9,
TCT,Đại học Cần Thơ,7340101C,Quản trị kinh doanh,A01 | D01 | D07,23.1,
TCT,Đại học Cần Thơ,7620305,Quản lý thủy sản,A00 | B00 | B08 | D07,15,
TCT,Đại học Cần Thơ,7850101,Quản lý tài nguyên và môi trường,A00 | A01 | B00 | D07,18,
TCT,Đại học Cần Thơ,7340101H,Quản trị kinh doanh (Đào tạo tại Khu Hòa An),A00 | A01 | C02 | D01,21.5,
TCT,Đại học Cần Thơ,7850103,Quản lý đất đai,A00 | A01 | B00 | D07,21.7,
TCT,Đại học Cần Thơ,7510601,Quản lý công nghiệp,A00 | A01 | D01,23,
TCT,Đại học Cần Thơ,7580105,Quy hoạch vùng và đô thị,A00 | A01 | B00 | D07,18,
TCT,Đại học Cần Thơ,7420101,Sinh hoc,A02 | B00 | B03 | B08,15,
TCT,Đại học Cần Thơ,7420203,Sinh học ứng dụng,A00 | A01 | B00 | B08,15,
TCT,Đại học Cần Thơ,7140231,Sư phạm Tiếng Anh,D01 | D14 | D15,26.93,
TCT,Đại học Cần Thơ,7140210,Sư phạm Tin học (Chuyên ngành Tin học – Công nghệ Tiểu học),A00 | A01 | D01 | D07,24.56,
TCT,Đại học Cần Thơ,7140212,Sư phạm Hóa học,A00 | B00 | D07 | D24,26.6,
TCT,Đại học Cần Thơ,7140219,Sư phạm Địa lý,C00 | C04 | D15 | D44,27.9,
TCT,Đại học Cần Thơ,7140209,Sư phạm Toán học,A00 | B01 | B08 | D07,26.79,
TCT,Đại học Cần Thơ,7140211,Sư phạm Vật lý,A00 | A01 | D01 | D07,26.22,
TCT,Đại học Cần Thơ,7140247,Sư phạm khoa học tự nhiên,A00 | A01 | A02 | B00,25.81,
TCT,Đại học Cần Thơ,7140217,Sư phạm Ngữ văn,C00 | D14 | D15,27.83,
TCT,Đại học Cần Thơ,7140213,Sư phạm Sinh học,B00 | B08,25.38,
TCT,Đại học Cần Thơ,7140233,Sư phạm Tiếng Pháp,D01 | D03 | D14 | D64,23.7,
TCT,Đại học Cần Thơ,7140218,Sư phạm Lịch sử,C00 | D14 | D64,28.43,
TCT,Đại học Cần Thơ,7340201,Tài chính – Ngân hàng,A00 | A01 | C02 | D01,24.8,
TCT,Đại học Cần Thơ,7340201C,Tài chính – Ngân hàng (Chương trình chất lượng cao),A01 | D01 | D07,23.5,
TCT,Đại học Cần Thơ,7460201,Thống kê,A00 | A01 | A02 | B00,21.6,
TCT,Đại học Cần Thơ,7320201,Thông tin - thư viện,A01 | D01 | D03 | D29,22.15,
TCT,Đại học Cần Thơ,7640101,Thú y,A02 | B00 | B08 | D07,23.3,
TCT,Đại học Cần Thơ,7229001,Triết học,C00 | C19 | D14 | D15,25.51,
TCT,Đại học Cần Thơ,7320104,Truyền thông đa phương tiện,A00 | A01 | D01,24.94,
TCT,Đại học Cần Thơ,7229030,Văn học,C00 | D01 | D14 | D15,26.1,
TCT,Đại học Cần Thơ,7520401,Vật lý kỹ thuật,A00 | A01 | B00 | D07,21,
TCT,Đại học Cần Thơ,7310301,Xã hội học,A01 | C00 | C19 | D01,26.19,
DHD,Khoa Du Lịch - Đại học Huế,7810101,Du lịch,A00 | C00 | D01 | D10,17,
DHD,Khoa Du Lịch - Đại học Huế,7810102,Du lịch điện tử,A00 | A01 | D01 | D10,17,
DHD,Khoa Du Lịch - Đại học Huế,7810202,Quản trị nhà hàng và dịch vụ ăn uống,A00 | C00 | D01 | D10,17,
DHD,Khoa Du Lịch - Đại học Huế,7810201,Quản trị khách sạn,A00 | C00 | D01 | D10,17,
DHD,Khoa Du Lịch - Đại học Huế,7340101,Quản trị Kinh doanh,A00 | C00 | D01 | D10,17,
DHD,Khoa Du Lịch - Đại học Huế,7810103,Quản trị dịch vụ du lịch và lữ hành,A00 | C00 | D01 | D10,17,
DHD,Khoa Du Lịch - Đại học Huế,7810104,Quản trị du lịch và khách sạn,A00 | C00 | D01 | D10,23,
BPH,Học viện Biên Phòng,7860214|23C00|7,Biên phòng (Nam - quân khu 7),C00,27.2,
BPH,Học viện Biên Phòng,7860214|23A01|4,Biên phòng (Nam - quân khu 4),A01,25.2,
BPH,Học viện Biên Phòng,7860214|23C00|5,Biên phòng (Nam - quân khu 5),C00,27.34,
BPH,Học viện Biên Phòng,7860214|21A01,Biên phòng (Nam - Miền Bắc),A01,24.6,
BPH,Học viện Biên Phòng,7860214|23A01|7,Biên phòng (Nam - quân khu 7),A01,21.3,
BPH,Học viện Biên Phòng,7860214|21C00,Biên phòng (Nam - Miền Bắc),C00,28.37,
BPH,Học viện Biên Phòng,7860214|23C00|9,Biên phòng (Nam - quân khu 9),C00,27.9,
BPH,Học viện Biên Phòng,7860214|23A01|5,Biên phòng (Nam - quân khu 5),A01,23.04,
BPH,Học viện Biên Phòng,7860214|23A01|9,Biên phòng (Nam - quân khu 9),A01,23.7,
BPH,Học viện Biên Phòng,7860214|23C00|4,Biên phòng (Nam - quân khu 4),C00,27.58,
BPH,Học viện Biên Phòng,7380101|21C00,Luật (Nam - Phía Bắc),C00,26.75,
BPH,Học viện Biên Phòng,7380101|22C00,Luật (Nam - Phía Nam),C00,26.63,
DHT,Đại học Khoa Học - Đại học Huế,7320101,Báo chí,C00 | D01 | D15,18,
DHT,Đại học Khoa Học - Đại học Huế,7760101,Công tác xã hội,C00 | C19 | D01 | D14,16.25,
DHT,Đại học Khoa Học - Đại học Huế,7480201,Công nghệ thông tin,A00 | A01 | D01 | D07,17.5,
DHT,Đại học Khoa Học - Đại học Huế,7420201,Công nghệ sinh học,A00 | B00 | D01 | D08,16,
DHT,Đại học Khoa Học - Đại học Huế,7510401,Công nghệ kỹ thuật hoá học,A00 | B00 | D01 | D07,15.75,
DHT,Đại học Khoa Học - Đại học Huế,7510302,Điện tử - viễn thông,A00 | A01 | D01 | D07,16.5,
DHT,Đại học Khoa Học - Đại học Huế,7310608,Đông phương học,C00 | C19 | D01 | D14,16,
DHT,Đại học Khoa Học - Đại học Huế,7220104,Hán - Nôm,C00 | C19 | D14,16.25,
DHT,Đại học Khoa Học - Đại học Huế,7440112,Hóa học,A00 | B00 | D01 | D07,15.75,
DHT,Đại học Khoa Học - Đại học Huế,7440301,Khoa học môi trường,A00 | B00 | D07 | D15,15,
DHT,Đại học Khoa Học - Đại học Huế,7580101,Kiến trúc,V00 | V01 | V02,16.75,
DHT,Đại học Khoa Học - Đại học Huế,7480103,Kỹ thuật phần mềm,A00 | A01 | D01 | D15,17,
DHT,Đại học Khoa Học - Đại học Huế,7520503,Kỹ thuật trắc địa – bản đồ,A00 | B00 | D01 | D10,15.5,
DHT,Đại học Khoa Học - Đại học Huế,7580211,Kỹ thuật cơ sở hạ tầng,A00 | B00 | D01 | D10,15.5,Địa kỹ thuật xây dưungj
DHT,Đại học Khoa Học - Đại học Huế,7229010,Lịch sử,C00 | C19 | D01 | D14,16,
DHT,Đại học Khoa Học - Đại học Huế,7229042,Quản lý văn hoá,C00 | C10 | D01 | D14,16,
DHT,Đại học Khoa Học - Đại học Huế,7310205,Quản lý nhà nước,C14 | C19 | D01 | D66,16,
DHT,Đại học Khoa Học - Đại học Huế,7850105,"Quản lý an toàn, sức khỏe và môi trường",A00 | B00 | D07 | D15,15,
DHT,Đại học Khoa Học - Đại học Huế,7850101,Quản lý tài nguyên và môi trường,B00 | C04 | D01 | D10,15.5,
DHT,Đại học Khoa Học - Đại học Huế,7480107TD,Quản trị và phân tích dữ liệu,A00 | A01 | D01,15,
DHT,Đại học Khoa Học - Đại học Huế,7229001,Triết học,A00 | C19 | D01 | D66,16,
DHT,Đại học Khoa Học - Đại học Huế,7320111,Truyền thông số,C00 | D01 | D15,17.5,
DHT,Đại học Khoa Học - Đại học Huế,7229030,Văn học,C00 | C19 | D14,16.25,
DHT,Đại học Khoa Học - Đại học Huế,7440102,Vật lý học,A00 | A01 | A08 | D01,15,
DHT,Đại học Khoa Học - Đại học Huế,7310301,Xã hội học,C00 | C19 | D01 | D14,16.25,
KCN,Đại học Khoa Học Và Công Nghệ Hà Nội,7460112,ĐH Toán ứng dụng,A00 | A01 | B00 | D07,21.15,
KCN,Đại học Khoa Học Và Công Nghệ Hà Nội,7720201,Dược học,A00 | A02 | B00 | D07,23.57,
KCN,Đại học Khoa Học Và Công Nghệ Hà Nội,7520201,Kỹ thuật điện,A00 | A01 | A02 | D07,20.8,
KCN,Đại học Khoa Học Và Công Nghệ Hà Nội,7520121,Kỹ thuật không gian,A00 | A01 | B00 | D07,21.65,
KCN,Đại học Khoa Học Và Công Nghệ Hà Nội,7520130,Kỹ thuật ô tô,A00 | A01 | A02 | D07,22,
YPB,Đại học Y Dược Hải Phòng,7720301,Điều dưỡng,B00,20.55,
YPB,Đại học Y Dược Hải Phòng,7720201B,Dược học (tổ hợp B00),B00,24.59,
YPB,Đại học Y Dược Hải Phòng,7720201A,Dược học (tổ hợp A00),A00,24.35,
YPB,Đại học Y Dược Hải Phòng,7720201D,Dược học (D),D07,23,
YPB,Đại học Y Dược Hải Phòng,7720601,Kỹ thuật xét nghiệm y học,B00,22.5,
YPB,Đại học Y Dược Hải Phòng,7720501,Răng- Hàm -Mặt,B00,25.85,
YPB,Đại học Y Dược Hải Phòng,7720115,Y học cổ truyền,B00,22.5,
YPB,Đại học Y Dược Hải Phòng,7720110,Y học dự phòng,B00,19,
YPB,Đại học Y Dược Hải Phòng,7720101A,Y khoa (A),A00,25.57,
YPB,Đại học Y Dược Hải Phòng,7720101B,Y khoa (B),B00,26,
TTH,Trường Sĩ Quan Thông Tin - Hệ Quân sự - Đại học Thông Tin Liên Lạc,7860221|21A00,Ngành Chỉ huy tham mưu Tham mưu thông tin (Thí sinh Nam miền Bắc),A00,22.8,
TTH,Trường Sĩ Quan Thông Tin - Hệ Quân sự - Đại học Thông Tin Liên Lạc,7860221|22A00,Ngành Chỉ huy tham mưu Tham mưu thông tin (Thí sinh Nam miền Nam),A00,23.42,
TTH,Trường Sĩ Quan Thông Tin - Hệ Quân sự - Đại học Thông Tin Liên Lạc,7860221|21A01,Ngành Chỉ huy tham mưu Tham mưu thông tin (Thí sinh Nam miền Bắc),A01,22.8,
TTH,Trường Sĩ Quan Thông Tin - Hệ Quân sự - Đại học Thông Tin Liên Lạc,7860221|22A01,Ngành Chỉ huy tham mưu Tham mưu thông tin (Thí sinh Nam miền Nam),A01,23.42,
BKA,Đại học Bách khoa Hà Nội,IT-E15,An toàn không gian số - Cyber Security (CT tiên tiến),A00 | A01,27.9,
BKA,Đại học Bách khoa Hà Nội,ME-E1,Chương trình tiên tiến Cơ điện tử,A00 | A01,26.38,
BKA,Đại học Bách khoa Hà Nội,IT-E10,Chương trình tiên tiến Khoa học dữ liệu và Trí tuệ nhân tạo,A00 | A01,28.22,
BKA,Đại học Bách khoa Hà Nội,BF-E12,Chương trình tiên tiến Kỹ thuật Thực phẩm,A00 | B00 | D07,22,
BKA,Đại học Bách khoa Hà Nội,CH-E11,Chương trình tiên tiến Kỹ thuật Hóa dược,A00 | B00 | D07,24.34,
BKA,Đại học Bách khoa Hà Nội,TE-E2,Chương trình tiên tiến Kỹ thuật Ô tô,A00 | A01,25.9,
BKA,Đại học Bách khoa Hà Nội,ET-E5,Chương trình tiên tiến Kỹ thuật Y sinh,A00 | A01,25.08,
BKA,Đại học Bách khoa Hà Nội,EM-E14,Chương trình tiên tiến Logistics và Quản lý chuỗi cung ứng,A01 | D01 | D07,26.06,
BKA,Đại học Bách khoa Hà Nội,EE-E8,Chương trình tiên tiến Điều khiển - Tự động hóa và Hệ thống điện,A00 | A01,27.54,
BKA,Đại học Bách khoa Hà Nội,MS-E3,Chương trình tiên tiến KHKT Vật liệu,A00 | A01 | D07,24,
BKA,Đại học Bách khoa Hà Nội,ET-E4,Chương trình tiên tiến Điện tử - Viễn thông,A00 | A01,27.03,
BKA,Đại học Bách khoa Hà Nội,EM-E13,Chương trình tiên tiến Phân tích kinh doanh,A01 | D01 | D07,25.5,
BKA,Đại học Bách khoa Hà Nội,EE-E18,Chương trình tiên tiến Hệ thống điện và năng lượng tái tạo,A00 | A01,25.8,
BKA,Đại học Bách khoa Hà Nội,ET-E9,Chương trình tiên tiến Hệ thống nhúng thông minh và IoT,A00 | A01 | D28,27.21,
BKA,Đại học Bách khoa Hà Nội,ME-LUH,Cơ điện tử - ĐH Leibniz Hannover (Đức),A00 | A01 | D26,25.24,
BKA,Đại học Bách khoa Hà Nội,ME-GU,Cơ khí - Chế tạo máy - ĐH Griffith (Úc),A00 | A01,24.89,
BKA,Đại học Bách khoa Hà Nội,TE-EP,Cơ khí hàng không (Chương trình Việt - Pháp PFIEV),A00 | A01 | D29,24.86,
BKA,Đại học Bách khoa Hà Nội,ME-NUT,Cơ điện tử - ĐH Nagaoka (Nhật Bản),A00 | A01 | D28,25.11,
BKA,Đại học Bách khoa Hà Nội,ED2,Công nghệ giáo dục,A00 | A01 | D01,25.3,
BKA,Đại học Bách khoa Hà Nội,IT-E6,Công nghệ thông tin Việt-Nhật,A00 | A01 | D28,27.35,
BKA,Đại học Bách khoa Hà Nội,IT-EP,Công nghệ thông tin (Việt - Pháp),A00 | A01 | D29,27.35,
BKA,Đại học Bách khoa Hà Nội,MS3,Công nghệ vật liệu Polime và Compozit,A00 | A01 | D07,25,
BKA,Đại học Bách khoa Hà Nội,IT-E7,Công nghệ thông tin ICT,A00 | A01,28.01,
BKA,Đại học Bách khoa Hà Nội,ET-LUH,Điện tử - Viễn thông - ĐH Leibniz Hannover (Đức),A00 | A01 | D26,25.65,
BKA,Đại học Bách khoa Hà Nội,MI2,Hệ thống thông tin quản lý,A00 | A01,27.34,
BKA,Đại học Bách khoa Hà Nội,CH2,Hóa học,A00 | B00 | D07,23.82,
BKA,Đại học Bách khoa Hà Nội,EM4,Kế toán,A00 | A01 | D01,25.8,
BKA,Đại học Bách khoa Hà Nội,TROY-IT,Khoa học máy tính - ĐH Troy (Hoa Kỳ),A00 | A01 | D01,21,
BKA,Đại học Bách khoa Hà Nội,IT1,Khoa học Máy tính,A00 | A01,28.53,
BKA,Đại học Bách khoa Hà Nội,ME2,Kỹ thuật Cơ khí,A00 | A01,25.8,
BKA,Đại học Bách khoa Hà Nội,ET1,Kỹ thuật Điện tử - Viễn thông,A00 | A01,27.41,
BKA,Đại học Bách khoa Hà Nội,EV1,Kỹ thuật Môi trường,A00 | A01,22.1,
BKA,Đại học Bách khoa Hà Nội,EE2,Kỹ thuật Điều khiển - Tự động hóa,A00 | A01,28.16,
BKA,Đại học Bách khoa Hà Nội,CH1,Kỹ thuật Hóa học,A00 | B00 | D07,24.38,
BKA,Đại học Bách khoa Hà Nội,TE1,Kỹ thuật Ô tô,A00 | A01,26.99,
BKA,Đại học Bách khoa Hà Nội,TE3,Kỹ thuật Hàng không,A00 | A01,26.22,
BKA,Đại học Bách khoa Hà Nội,PH2,Kỹ thuật hạt nhân,A00 | A01 | A02,24.64,
BKA,Đại học Bách khoa Hà Nội,IT2,Kỹ thuật Máy tính,A00 | A01,28.48,
BKA,Đại học Bách khoa Hà Nội,HE1,Kỹ thuật Nhiệt,A00 | A01,25.2,
BKA,Đại học Bách khoa Hà Nội,ET2,Kỹ thuật Y sinh,A00 | A01 | B00,25.8,
BKA,Đại học Bách khoa Hà Nội,EE1,Kỹ thuật Điện,A00 | A01,26.81,
BKA,Đại học Bách khoa Hà Nội,ME1,Kỹ thuật Cơ điện tử,A00 | A01,27.49,
BKA,Đại học Bách khoa Hà Nội,MS5,Kỹ thuật in,A00 | A01 | D07,24,Kỹ thuật in
BKA,Đại học Bách khoa Hà Nội,MS1,Kỹ thuật Vật liệu,A00 | A01 | D07,24.9,
BKA,Đại học Bách khoa Hà Nội,BF1,Kỹ thuật Sinh học,A00 | B00 | D07,24,
BKA,Đại học Bách khoa Hà Nội,MS2,Kỹ thuật Vi điện tử và công nghệ nano,A00 | A01 | D07,27.64,
BKA,Đại học Bách khoa Hà Nội,TX1,Kỹ thuật Dệt,A00 | A01 | D07,22.5,
BKA,Đại học Bách khoa Hà Nội,BF-E19,Kỹ thuật sinh học chương trình Tiên tiến,A00 | B00 | D07,22,
BKA,Đại học Bách khoa Hà Nội,TE2,Kỹ thuật Cơ khí động lực,A00 | A01,26.12,
BKA,Đại học Bách khoa Hà Nội,BF2,Kỹ thuật Thực phẩm,A00 | B00 | D07,24.54,
BKA,Đại học Bách khoa Hà Nội,TROY-BA,Quản trị kinh doanh - ĐH Troy (Hoa Kỳ),A00 | A01 | D01,21,
BKA,Đại học Bách khoa Hà Nội,EM1,Quản lý năng lượng,A00 | A01 | D01,25.4,"Sai tên ngành: 
Quản lý năng lượng"
BKA,Đại học Bách khoa Hà Nội,EM3,Quản trị kinh doanh,A00 | A01 | D01,25.77,
BKA,Đại học Bách khoa Hà Nội,EV2,Quản lý Tài nguyên và Môi trường,A00 | A01,21.78,
BKA,Đại học Bách khoa Hà Nội,EM2,Quản lý công nghiệp,A00 | A01 | D01,25.6,
BKA,Đại học Bách khoa Hà Nội,ED3,Quản lý giáo dục,A00 | A01 | D01 | K01,24.78,
BKA,Đại học Bách khoa Hà Nội,EM5,Tài chính - Ngân hàng,A00 | A01 | D01,25.91,
BKA,Đại học Bách khoa Hà Nội,FL1,Tiếng Anh KHKT và Công nghệ,D01,25,
BKA,Đại học Bách khoa Hà Nội,FL2,Tiếng Anh chuyên nghiệp quốc tế,D01,23.81,
BKA,Đại học Bách khoa Hà Nội,MI1,Toán-Tin,A00 | A01,27.35,
BKA,Đại học Bách khoa Hà Nội,EE-EP,Tin học công nghiệp và Tự động hóa (Chương trình Việt - Pháp PFIEV),A00 | A01,26.22,
BKA,Đại học Bách khoa Hà Nội,ET-E16,Truyền thông số và Kỹ thuật đa phương tiện (CT tiên tiến),A00 | A01,26.61,
BKA,Đại học Bách khoa Hà Nội,PH3,Vật lý y khoa,A00 | A01 | A02,25.31,
BKA,Đại học Bách khoa Hà Nội,PH1,Vật lý kỹ thuật,A00 | A01,25.87,
PKH,Học viện Phòng Không - Không Quân,7860226|22A00,Chỉ huy Kỹ thuật Phòng không - Không quân (Nam - phía Nam),A00,22.05,
PKH,Học viện Phòng Không - Không Quân,7860226|21A00,Chỉ huy Kỹ thuật Phòng không - Không quân (Nam - phía Bắc),A00,23.7,
PKH,Học viện Phòng Không - Không Quân,7860226|22A01,Chỉ huy Kỹ thuật Phòng không - Không quân (Nam - phía Nam),A01,22.05,
PKH,Học viện Phòng Không - Không Quân,7860226|21A01,Chỉ huy Kỹ thuật Phòng không - Không quân (Nam - phía Bắc),A01,23.7,
DLS,Đại học Lao động - Xã hội (Cơ sở phía Nam),7340207,Bảo hiểm - Tài chính,A00 | A01 | D01,20,
DLS,Đại học Lao động - Xã hội (Cơ sở phía Nam),7760101,Công tác xã hội,A00 | A01 | C00 | D01,23.5,
DLS,Đại học Lao động - Xã hội (Cơ sở phía Nam),7340405,Hệ thống thông tin,A00 | A01 | D01,20,
DLS,Đại học Lao động - Xã hội (Cơ sở phía Nam),7340301,Kế toán,A00 | A01 | D01,21.9,
DLS,Đại học Lao động - Xã hội (Cơ sở phía Nam),7310101,Kinh tế,A00 | A01 | D01,21.6,
DLS,Đại học Lao động - Xã hội (Cơ sở phía Nam),7380107,Luật kinh tế,A00 | A01 | D01,21.75,
DLS,Đại học Lao động - Xã hội (Cơ sở phía Nam),7220201,Ngôn ngữ Anh,A01 | D01 | D07 | D14,23,
DLS,Đại học Lao động - Xã hội (Cơ sở phía Nam),7340404,Quản trị nhân lực,A00 | A01 | D01,23,
DLS,Đại học Lao động - Xã hội (Cơ sở phía Nam),7340101,Quản trị Kinh doanh,A00 | A01 | D01,20.75,
DLS,Đại học Lao động - Xã hội (Cơ sở phía Nam),7340201,Tài chính – Ngân hàng,A00 | A01 | D01,22.6,
DLS,Đại học Lao động - Xã hội (Cơ sở phía Nam),7310401,Tâm lý học,A00 | A01 | C00 | D01,25.8,
KSA,Đại học Kinh tế TP HCM,7480202,An toàn thông tin,A00 | A01 | D01 | D07,24.8,
KSA,Đại học Kinh tế TP HCM,7340204,Bảo hiểm,A00 | A01 | D01 | D07,24.5,
KSA,Đại học Kinh tế TP HCM,7340116,Bất động sản,A00 | A01 | D01 | D07,24.5,
KSA,Đại học Kinh tế TP HCM,7810201_02,Chuyên ngành Quản trị sự kiện và dịch vụ giải trí,A00 | A01 | D01 | D07,26.1,
KSA,Đại học Kinh tế TP HCM,7340201_07,Chuyên ngành Tài chính quốc tế,A00 | A01 | D01 | D07,25.8,Chuyên ngành Quản trị ngoại thương
KSA,Đại học Kinh tế TP HCM,7340201_02,Chuyên ngành Quản trị hải quan - ngoại thương,A00 | A01 | D01 | D07,25.2,Chuyên ngành thuế
KSA,Đại học Kinh tế TP HCM,7310108_01,Chuyên ngành Toán tài chính,A00 | A01 | D01 | D07,25.72,
KSA,Đại học Kinh tế TP HCM,7810201_01,Chuyên ngành Quản trị khách sạn,A00 | A01 | D01 | D07,25.5,
KSA,Đại học Kinh tế TP HCM,7340201_06,Chuyên ngành Đầu tư tài chính,A00 | A01 | D01 | D07,26.03,
KSA,Đại học Kinh tế TP HCM,7340201_01,Chuyên ngành Thuế trong kinh doanh,A00 | A01 | D01 | D07,25.5,Tài chính công
KSA,Đại học Kinh tế TP HCM,7340201_04,Chuyên ngành Thị trường chứng khoán,A00 | A01 | D01 | D07,25,
KSA,Đại học Kinh tế TP HCM,7340201_03,Chuyên ngành Ngân hàng đầu tư,A00 | A01 | D01 | D07,25.6,
KSA,Đại học Kinh tế TP HCM,7340201_05,Chuyên ngành Quản trị rủi ro tài chính và bảo hiểm,A00 | A01 | D01 | D07,26.03,Chuyên ngành Thị trường chứng khóa
KSA,Đại học Kinh tế TP HCM,7480201_01,Công nghệ phần mềm,A00 | A01 | D01 | D07,25.4,
KSA,Đại học Kinh tế TP HCM,7320106,Công nghệ truyền thông,A00 | A01 | D01 | V00,26.6,Truyền thông số và thiết kế đa phương tiện
KSA,Đại học Kinh tế TP HCM,7340115_02,Công nghệ Marketing,A00 | A01 | D01 | D07,27.2,Công nghệ marketing
KSA,Đại học Kinh tế TP HCM,7510605_02,Công nghệ Logistics (hệ kỹ sư),A00 | A01 | D01 | D07,26.3,
KSA,Đại học Kinh tế TP HCM,7340205,Công nghệ tài chính,A00 | A01 | D01 | D07,26.5,
KSA,Đại học Kinh tế TP HCM,7480107_02,Điều khiển thông minh và tự động hóa (hệ kỹ sư),A00 | A01 | D01 | D07,23.8,
KSA,Đại học Kinh tế TP HCM,7340301_02,Kế toán tài chính và kiểm soát,A00 | A01 | D01 | D07,25.5,Chuyên ngành Kế toán công
KSA,Đại học Kinh tế TP HCM,7340301_01,Kế toán doanh nghiệp,A00 | A01 | D01 | D07,25.2,tích hợp chứng chỉ quốc tế
KSA,Đại học Kinh tế TP HCM,7340301_03,Kế toán doanh nghiệp_Chất lượng cao,A00 | A01 | D01 | D07,25.4,
KSA,Đại học Kinh tế TP HCM,7480101,Khoa học máy tính,A00 | A01 | D01 | D07,25,
KSA,Đại học Kinh tế TP HCM,7460108,Khoa học dữ liệu (Data Science),A00 | A01 | D01 | D07,26.3,
KSA,Đại học Kinh tế TP HCM,7340302,Kiểm toán,A00 | A01 | D01 | D07,26.5,
KSA,Đại học Kinh tế TP HCM,7340121,Kinh doanh thương mại,A00 | A01 | D01 | D07,26.54,
KSA,Đại học Kinh tế TP HCM,7310102,Kinh tế chính trị,A00 | A01 | D01 | D07,24.9,
KSA,Đại học Kinh tế TP HCM,7310101,Kinh tế,A00 | A01 | D01 | D07,26.3,
KSA,Đại học Kinh tế TP HCM,7620114,Kinh doanh nông nghiệp,A00 | A01 | D01 | D07,25.35,
KSA,Đại học Kinh tế TP HCM,7310104_01,Kinh tế đầu tư,A00 | A01 | D01 | D07,26.1,
KSA,Đại học Kinh tế TP HCM,7480103,Kỹ thuật phần mềm,A00 | A01 | D01 | D07,25.43,
KSA,Đại học Kinh tế TP HCM,7510605_01,Logistics và quản lý chuỗi cung ứng,A00 | A01 | D01 | D07,27.1,
KSA,Đại học Kinh tế TP HCM,7380107,Luật kinh tế,A00 | A01 | D01 | D96,25.6,
KSA,Đại học Kinh tế TP HCM,7580104,Ngành kiến trúc đô thị,A00 | A01 | D01 | V00,24.7,
KSA,Đại học Kinh tế TP HCM,7340120,Ngành Kinh doanh quốc tế,A00 | A01 | D01 | D07,26.72,
KSA,Đại học Kinh tế TP HCM,7340405_01,Ngành Hệ thống thông tin quản lý - Chuyên ngành Toán tài chính,A00 | A01 | D01 | D07,26.1,
KSA,Đại học Kinh tế TP HCM,7340101_01,Ngành Quản trị kinh doanh - Chuyên ngành Quản trị bệnh viện,A00 | A01 | D01 | D07,25.8,Quản trị kinh doanh
KSA,Đại học Kinh tế TP HCM,7380101,Ngành Luật,A00 | A01 | D01 | D96,25.8,Chuyên ngành Luật kinh doanh quốc tế
KSA,Đại học Kinh tế TP HCM,7340115_01,Ngành Marketing,A00 | A01 | D01 | D07,26.8,
KSA,Đại học Kinh tế TP HCM,7340405_02,Ngành Hệ thống thông tin quản lý - Chuyên ngành Thống kê kinh doanh,A00 | A01 | D01 | D07,25.51,
KSA,Đại học Kinh tế TP HCM,7220201,Ngôn ngữ Anh,D01 | D96,26.3,Tiếng Anh thương mại
KSA,Đại học Kinh tế TP HCM,7310108_02,Phân tích rủi ro và định phí bảo hiểm (*),A00 | A01 | D01 | D07,25,
KSA,Đại học Kinh tế TP HCM,7340404,Quản trị nhân lực,A00 | A01 | D01 | D07,26,
KSA,Đại học Kinh tế TP HCM,7340101_03,Quản trị doanh nghiệp _Chất lượng cao,A00 | A01 | D01 | D07,24.1,chuyên ngành Quản trị bệnh viện
KSA,Đại học Kinh tế TP HCM,7340403,Quản lý công,A00 | A01 | D01 | D07,24.93,
KSA,Đại học Kinh tế TP HCM,7810103,Quản trị dịch vụ du lịch và lữ hành,A00 | A01 | D01 | D07,25.2,
KSA,Đại học Kinh tế TP HCM,7480201_03,Quản trị an ninh mạng,A00 | A01 | D01 | D07,25.5,
KSA,Đại học Kinh tế TP HCM,7340101_02,Quản trị du lịch khách sạn,A00 | A01 | D01 | D07,26.41,Kinh doanh số
KSA,Đại học Kinh tế TP HCM,7480107_01,Robot và Trí tuệ nhân tạo (hệ kỹ sư),A00 | A01 | D01 | D07,24.7,
KSA,Đại học Kinh tế TP HCM,7340206,Tài chính quốc tế,A00 | A01 | D01 | D07,26.5,
KSA,Đại học Kinh tế TP HCM,7310104_02,Thẩm định giá và quản trị tài sản,A00 | A01 | D01 | D07,24.8,
KSA,Đại học Kinh tế TP HCM,7310107,Thống kê kinh tế,A00 | A01 | D01 | D07,26.01,
KSA,Đại học Kinh tế TP HCM,7480201_02,Thương mại điện tử,A00 | A01 | D01 | D07,26.23,
KSA,Đại học Kinh tế TP HCM,7340122,Thương mại điện tử,A00 | A01 | D01 | D07,26.5,
YHB,Đại học Y Hà Nội,7720301YHT,Điều dưỡng phân hiệu Thanh Hóa,B00,20.25,
YHB,Đại học Y Hà Nội,7720301,Điều dưỡng,B00,24.59,
YHB,Đại học Y Hà Nội,7720401,Dinh dưỡng,B00,23.33,
YHB,Đại học Y Hà Nội,7720302,Hộ sinh,B00,22.95,
YHB,Đại học Y Hà Nội,7720699,Khúc xạ nhãn khoa,B00,25.38,
YHB,Đại học Y Hà Nội,7720603YHT,Kỹ thuật phục hồi chức năng (Phân hiệu Thanh Hóa),B00,19,
YHB,Đại học Y Hà Nội,7720502,Kỹ thuật phục hình răng,B00,24.15,
YHB,Đại học Y Hà Nội,7720601YHT,Kỹ thuật Xét nghiệm y học (Phân hiệu Thanh Hóa),B00,19,
YHB,Đại học Y Hà Nội,7720603,Kỹ thuật phục hồi chức năng,B00,24.07,
YHB,Đại học Y Hà Nội,7720601,Kỹ thuật xét nghiệm y học,B00,25.35,
YHB,Đại học Y Hà Nội,7720501,Răng- Hàm -Mặt,B00,27.67,
YHB,Đại học Y Hà Nội,7310401,Tâm lý học,C00,28.83,
YHB,Đại học Y Hà Nội,7310401,Tâm lý học,B00,25.46,
YHB,Đại học Y Hà Nội,7310401,Tâm lý học,B00 | C00 | D01,26.86,
YHB,Đại học Y Hà Nội,7720110,Y học dự phòng,B00,22.94,
YHB,Đại học Y Hà Nội,7720701,Y tế công cộng,B00,22.85,
YHB,Đại học Y Hà Nội,7720101YHT,Y khoa phân hiệu Thanh Hóa,B00,26.67,
YHB,Đại học Y Hà Nội,7720101,Y khoa,B00,28.27,
YHB,Đại học Y Hà Nội,7720701,Y tế công cộng,B08,22.35,
YHB,Đại học Y Hà Nội,7720701,Y tế công cộng,B00 | B08 | D01,24.3,
YHB,Đại học Y Hà Nội,7720115,Y học cổ truyền,B00,25.29,
DKH,Đại học Dược Hà Nội,7420201,Công nghệ sinh học,B00,24.26,
DKH,Đại học Dược Hà Nội,7720201,Dược học,A00,25.51,
DKH,Đại học Dược Hà Nội,7440112,Hóa học,A00,24.55,
DKH,Đại học Dược Hà Nội,7720203,Hoá dược,A00,25.31,
NLS,Đại học Nông Lâm TP HCM,7620112,Bảo vệ thực vật,A00 | B00 | D07 | D08,17,
NLS,Đại học Nông Lâm TP HCM,7340116,Bất động sản,A00 | A01 | D01,19.75,
NLS,Đại học Nông Lâm TP HCM,7859007,Cảnh quan và kỹ thuật hoa viên,A00 | B00 | D07 | D08,16,
NLS,Đại học Nông Lâm TP HCM,7620105C,Chăn nuôi chương trình nâng cao,A00 | B00 | D07 | D08,16,
NLS,Đại học Nông Lâm TP HCM,7620105,Chăn nuôi,A00 | B00 | D07 | D08,16,
NLS,Đại học Nông Lâm TP HCM,7510401C,Công nghệ kỹ thuật hoá học (Chương trình chất lượng cao),A00 | A01 | B00 | D07,23.25,
NLS,Đại học Nông Lâm TP HCM,7540101T,Công nghệ thực phẩm (CT tiên tiến),A00 | A01 | B00 | D08,22.5,
NLS,Đại học Nông Lâm TP HCM,7480201,Công nghệ thông tin,A00 | A01 | D07,22.25,
NLS,Đại học Nông Lâm TP HCM,7510201C,Công nghệ kỹ thuật cơ khí,A00 | A01 | A02 | D90,22.5,
NLS,Đại học Nông Lâm TP HCM,7549001,Công nghệ chế biến lâm sản,A00 | A01 | B00 | D01,16,
NLS,Đại học Nông Lâm TP HCM,7519007,Công nghệ kỹ thuật năng lượng tái tạo,A00 | A01 | A02 | D90,19.5,
NLS,Đại học Nông Lâm TP HCM,7510206,Công nghệ kỹ thuật nhiệt,A00 | A01 | A02 | D90,21.75,
NLS,Đại học Nông Lâm TP HCM,7540101,Công nghệ thực phẩm,A00 | A01 | B00 | D08,22.5,
NLS,Đại học Nông Lâm TP HCM,7510203,Công nghệ kỹ thuật cơ điện tử,A00 | A01 | A02 | D90,23.75,
NLS,Đại học Nông Lâm TP HCM,7420201,Công nghệ sinh học,A00 | A02 | B00,23.25,
NLS,Đại học Nông Lâm TP HCM,7540101C,Công nghệ thực phẳm,A00 | A01 | B00 | D08,22.5,
NLS,Đại học Nông Lâm TP HCM,7510201,Công nghệ kỹ thuật cơ khí (chuyên ngành Cơ khí chế tạo),A00 | A01 | A02 | D90,22.5,
NLS,Đại học Nông Lâm TP HCM,7420201C,Công nghệ sinh học,A00 | A02 | B00,23.25,
NLS,Đại học Nông Lâm TP HCM,7540105,Công nghệ chế biến thủy sản,A00 | B00 | D07 | D08,16,
NLS,Đại học Nông Lâm TP HCM,7510401,Công nghệ kỹ thuật hoá học,A00 | A01 | B00 | D07,23.25,
NLS,Đại học Nông Lâm TP HCM,7510205,Công nghệ kỹ thuật ô tô,A00 | A01 | A02 | D90,23.75,
NLS,Đại học Nông Lâm TP HCM,7620301,ĐH Nuôi trồng thủy sản,A00 | B00 | D07 | D08,16,
NLS,Đại học Nông Lâm TP HCM,7480104,Hệ thống thông tin,A00 | A01 | D07,21.25,
NLS,Đại học Nông Lâm TP HCM,7340301,Kế toán,A00 | A01 | D01,23,
NLS,Đại học Nông Lâm TP HCM,7440301,Khoa học môi trường,A00 | A01 | B00 | D07,17.25,
NLS,Đại học Nông Lâm TP HCM,7310101,Kinh tế,A00 | A01 | D01,22.5,
NLS,Đại học Nông Lâm TP HCM,7620114,Kinh doanh nông nghiệp,A00 | A01 | D01,18,
NLS,Đại học Nông Lâm TP HCM,7620202,Lâm nghiệp đô thị,A00 | B00 | D01 | D08,16,
NLS,Đại học Nông Lâm TP HCM,7620201,Lâm học,A00 | B00 | D01 | D08,16,
NLS,Đại học Nông Lâm TP HCM,7520216,Ngành Kỹ thuật điều khiển & Tự động hóa,A00 | A01 | A02 | D90,23.5,
NLS,Đại học Nông Lâm TP HCM,7520320,Ngành Kỹ thuật môi trường,A00 | A01 | B00 | D07,16,
NLS,Đại học Nông Lâm TP HCM,7220201,Ngôn ngữ Anh,A01 | D01 | D14 | D15,23.75,
NLS,Đại học Nông Lâm TP HCM,7620109,Nông học,A00 | B00 | D07 | D08,17,
NLS,Đại học Nông Lâm TP HCM,7620116,Phát triển nông thôn,A00 | A01 | D01,16,
NLS,Đại học Nông Lâm TP HCM,7620211,Quản lý tài nguyên rừng,A00 | B00 | D01 | D08,16,
NLS,Đại học Nông Lâm TP HCM,7850103,Quản lý đất đai,A00 | A01 | D01,21.25,
NLS,Đại học Nông Lâm TP HCM,7340101C,Quản trị kinh doanh,A00 | A01 | D01,22.75,
NLS,Đại học Nông Lâm TP HCM,7340101,Quản trị Kinh doanh,A00 | A01 | D01,22.75,
NLS,Đại học Nông Lâm TP HCM,7850101,Quản lý tài nguyên và môi trường,A00 | A01 | B00 | D07,20,
NLS,Đại học Nông Lâm TP HCM,7140215,Sư phạm kỹ thuật nông nghiệp,A00 | A01 | B00 | D08,22.5,
NLS,Đại học Nông Lâm TP HCM,7859002,Tài nguyên và du lịch sinh thái,A00 | B00 | D01 | D08,19.5,
NLS,Đại học Nông Lâm TP HCM,7640101,Thú y,A00 | B00 | D07 | D08,24.5,
NLS,Đại học Nông Lâm TP HCM,7640101T,Thú y (CT tiên tiến),A00 | B00 | D07 | D08,25,
HIU,Đại học Quốc tế Hồng Bàng,7480201,Công nghệ thông tin,A00 | A01 | C01 | D01,15,
HIU,Đại học Quốc tế Hồng Bàng,7720301,Điều dưỡng,A00 | B00 | D07 | D08,19,
HIU,Đại học Quốc tế Hồng Bàng,7720401,Dinh dưỡng,A00 | B00 | D07 | D08,15,
HIU,Đại học Quốc tế Hồng Bàng,7720201,Dược học,A00 | B00 | D07 | D08,21,
HIU,Đại học Quốc tế Hồng Bàng,7720302,Hộ sinh,A00 | B00 | D07 | D08,19,
HIU,Đại học Quốc tế Hồng Bàng,7340301,Kế toán,A00 | A01 | C01 | D01,15,
HIU,Đại học Quốc tế Hồng Bàng,7580101,Kiến trúc,A00 | A01 | V00 | V01,15,
HIU,Đại học Quốc tế Hồng Bàng,7720601,Kỹ thuật xét nghiệm y học,A00 | B00 | D07 | D08,19,
HIU,Đại học Quốc tế Hồng Bàng,7720603,Kỹ thuật phục hồi chức năng,A00 | B00 | D07 | D08,19,
HIU,Đại học Quốc tế Hồng Bàng,7510605,Logistics và Quản lý chuỗi cung ứng,A00 | A01 | C00 | D01,15,
HIU,Đại học Quốc tế Hồng Bàng,7380107,Luật kinh tế,A00 | A01 | C00 | D01,15,
HIU,Đại học Quốc tế Hồng Bàng,7340114,Marketing kỹ thuật số,A00 | A01 | C00 | D01,15,
HIU,Đại học Quốc tế Hồng Bàng,7380101,Ngành Luật,A00 | A01 | C00 | D01,15,
HIU,Đại học Quốc tế Hồng Bàng,7220209,Ngôn ngữ Nhật,A01 | D14 | D15,16,
HIU,Đại học Quốc tế Hồng Bàng,7220204,Ngôn ngữ Trung Quốc,A01 | C00 | D01 | D15,15,
HIU,Đại học Quốc tế Hồng Bàng,7220210,Ngôn ngữ Hàn Quốc,A01 | C00 | D01 | D15,15,
HIU,Đại học Quốc tế Hồng Bàng,7220201,Ngôn ngữ Anh,A01 | D01 | D14 | D15,15,
HIU,Đại học Quốc tế Hồng Bàng,7340101,Quản trị Kinh doanh,A00 | A01 | C00 | D01,15,
HIU,Đại học Quốc tế Hồng Bàng,7320108,Quan hệ công chúng,A00 | A01 | C00 | D01,15,
HIU,Đại học Quốc tế Hồng Bàng,7310206,Quan hệ quốc tế,A00 | A01 | C00 | D01,17.75,
HIU,Đại học Quốc tế Hồng Bàng,7810201,Quản trị khách sạn,A00 | A01 | C00 | D01,15,
HIU,Đại học Quốc tế Hồng Bàng,7140114,Quản lý giáo dục,A00 | A01 | C00 | D01,16,
HIU,Đại học Quốc tế Hồng Bàng,7810103,Quản trị dịch vụ du lịch và lữ hành,A00 | A01 | C00 | D01,15,
HIU,Đại học Quốc tế Hồng Bàng,7340412,Quản trị sự kiện,A00 | A01 | C00 | D01,16,
HIU,Đại học Quốc tế Hồng Bàng,7720501,Răng- Hàm -Mặt,A00 | B00 | D07 | D08,22.5,
HIU,Đại học Quốc tế Hồng Bàng,7340201,Tài chính – Ngân hàng,A00 | A01,15,
HIU,Đại học Quốc tế Hồng Bàng,7310401,Tâm lý học,A00 | B00 | C00 | D01,15,
HIU,Đại học Quốc tế Hồng Bàng,7210403,Thiết kế đồ họa,A00 | A01 | H00 | H01,15,
HIU,Đại học Quốc tế Hồng Bàng,7340122,Thương mại điện tử,A00 | A01 | C00 | D01,15,
HIU,Đại học Quốc tế Hồng Bàng,7320104,Truyền thông đa phương tiện,A01 | C00 | D01 | D15,16.25,
HIU,Đại học Quốc tế Hồng Bàng,7310630,Việt Nam học,A07 | C00 | D01 | D78,18,
HIU,Đại học Quốc tế Hồng Bàng,7720701,Y tế công cộng,A00 | B00 | D07 | D08,15,
HIU,Đại học Quốc tế Hồng Bàng,7720101,Y khoa,A00 | B00 | D07 | D08,22.5,
HIU,Đại học Quốc tế Hồng Bàng,7720115,Y học cổ truyền,A00 | B00 | D07 | D08,21,
VLU,Đại học Sư phạm Kỹ thuật Vĩnh Long,7510102_NB,CN kỹ thuật công tình xây dựng (làm việc tại Nhật Bản),A00,15,
VLU,Đại học Sư phạm Kỹ thuật Vĩnh Long,7540101_CLC,Công nghệ thực phẩm CLC liên kết quốc tế 2+2 với Đại học TONGMYONG Hàn Quốc,B00,15,
VLU,Đại học Sư phạm Kỹ thuật Vĩnh Long,7510203_CLC,Công nghệ kỹ thuật điều khiển và tự động hóa CLC liên kết quốc tế 2+2 với Đại học TONGMYONG Hàn Quốc,A00,15,
VLU,Đại học Sư phạm Kỹ thuật Vĩnh Long,7510201_NB,Công nghệ kỹ thuật cơ khí (làm việc tại Nhật Bản),A00,15,
VLU,Đại học Sư phạm Kỹ thuật Vĩnh Long,7510104_NB,Công nghệ Kỹ thuật giao thông (làm việc tại Nhật Bản),A00,15,
VLU,Đại học Sư phạm Kỹ thuật Vĩnh Long,7510205,Công nghệ kỹ thuật ô tô,A00,15,
VLU,Đại học Sư phạm Kỹ thuật Vĩnh Long,7510303,Công nghệ kỹ thuật điều khiển và tự động hóa,A00,15,
VLU,Đại học Sư phạm Kỹ thuật Vĩnh Long,7510201,Công nghệ kỹ thuật cơ khí (chuyên ngành Cơ khí chế tạo),A00,15,
VLU,Đại học Sư phạm Kỹ thuật Vĩnh Long,7510303_CLC,Công nghệ kỹ thuật điều khiển và tự động hóa chất lượng cao,A00,15,
VLU,Đại học Sư phạm Kỹ thuật Vĩnh Long,7510301_NB,"Công nghệ kỹ thuật điện, điện tử (làm việc tại Nhật Bản)",A00,15,
VLU,Đại học Sư phạm Kỹ thuật Vĩnh Long,7510303_NB,Công nghệ kỹ thuật điều khiển và tự động hóa (làm việc tại Nhật Bản),A00,15,
VLU,Đại học Sư phạm Kỹ thuật Vĩnh Long,7540101,Công nghệ thực phẩm,B00,15,
VLU,Đại học Sư phạm Kỹ thuật Vĩnh Long,7510203,Công nghệ kỹ thuật cơ điện tử,A00,15,
VLU,Đại học Sư phạm Kỹ thuật Vĩnh Long,7510202,Công nghệ chế tạo máy,A00,15,
VLU,Đại học Sư phạm Kỹ thuật Vĩnh Long,7510201_CLC,Công nghệ kỹ thuật cơ khí CLC liên kết quốc tế 2+2 với Đại học TONGMYONG Hàn Quốc,A00,15,
VLU,Đại học Sư phạm Kỹ thuật Vĩnh Long,7480201_CLC,Công nghệ thông tin (Chất lượng cao): Chương trình đào tạo đạt chuẩn kiểm định quốc tế AUN-QA,A00,15,
VLU,Đại học Sư phạm Kỹ thuật Vĩnh Long,7540101_NB,Công nghệ thực phẩm (làm việc tại Nhật Bản),B00,15,
VLU,Đại học Sư phạm Kỹ thuật Vĩnh Long,7510102,Công nghệ kỹ thuật xây dựng dân dụng và công nghiệp,A00,15,
VLU,Đại học Sư phạm Kỹ thuật Vĩnh Long,7480201,Công nghệ thông tin,A00,15,
VLU,Đại học Sư phạm Kỹ thuật Vĩnh Long,7510301_CLC,"Công nghệ kỹ thuật điện, điện tử chất lượng cao",A00,15,
VLU,Đại học Sư phạm Kỹ thuật Vĩnh Long,7510205_NB,Công nghệ kỹ thuật ô tô (làm việc tại Nhật Bản),A00,15,
VLU,Đại học Sư phạm Kỹ thuật Vĩnh Long,7420201_NB,Công nghệ sinh học (làm việc tại Nhật Bản),B00,15,
VLU,Đại học Sư phạm Kỹ thuật Vĩnh Long,7760101,Công tác xã hội,A01,15,
VLU,Đại học Sư phạm Kỹ thuật Vĩnh Long,7420201,Công nghệ sinh học,B00,15,
VLU,Đại học Sư phạm Kỹ thuật Vĩnh Long,7510301,"Công nghệ kỹ thuật điện, điện tử",A00,15,
VLU,Đại học Sư phạm Kỹ thuật Vĩnh Long,7510205_CLC,Công nghệ kỹ thuật ô tô CLC liên kết quốc tế 2+2 với Đại học TONGMYONG Hàn Quốc,A00,15,
VLU,Đại học Sư phạm Kỹ thuật Vĩnh Long,7510202_NB,Công nghệ chế tạo máy (làm việc tại Nhật Bản),A00,15,
VLU,Đại học Sư phạm Kỹ thuật Vĩnh Long,7540104,Công nghệ sau thu hoạch,B00,15,
VLU,Đại học Sư phạm Kỹ thuật Vĩnh Long,7510206,Công nghệ kỹ thuật nhiệt,A00,15,
VLU,Đại học Sư phạm Kỹ thuật Vĩnh Long,7510104,Công nghệ kỹ thuật giao thông (chuyên ngành Xây dựng cầu đường),A00,15,
VLU,Đại học Sư phạm Kỹ thuật Vĩnh Long,7810101,Du lịch,A01,15,
VLU,Đại học Sư phạm Kỹ thuật Vĩnh Long,7810101_CLC,Du lịch CLC liên kết quốc tế 2+2 với Đại học TONGMYONG Hàn Quốc,A01,15,
VLU,Đại học Sư phạm Kỹ thuật Vĩnh Long,7140101,Giáo dục học,A01,15,
VLU,Đại học Sư phạm Kỹ thuật Vĩnh Long,7480101_CLC,Khoa học máy tính chương trình chất lượng cao,A00,15,
VLU,Đại học Sư phạm Kỹ thuật Vĩnh Long,7480101,Khoa học máy tính,A00,15,
VLU,Đại học Sư phạm Kỹ thuật Vĩnh Long,7310101,Kinh tế,A00,15,
VLU,Đại học Sư phạm Kỹ thuật Vĩnh Long,7310101_CLC,Kinh tế CLC liên kết quốc tế 2+2 với Đại học TONGMYONG Hàn Quốc,A00,15,
VLU,Đại học Sư phạm Kỹ thuật Vĩnh Long,7520301,Kỹ thuật hóa học,B00,15,
VLU,Đại học Sư phạm Kỹ thuật Vĩnh Long,7520130,Kỹ thuật ô tô,A00,15,
VLU,Đại học Sư phạm Kỹ thuật Vĩnh Long,7520116,Kỹ thuật cơ khí động lực,A00,15,
VLU,Đại học Sư phạm Kỹ thuật Vĩnh Long,7520116_CLC,Kỹ thuật cơ khí động lực CLC liên kết quốc tế 2+2 với Đại học TONGMYONG Hàn Quốc,A00,15,
VLU,Đại học Sư phạm Kỹ thuật Vĩnh Long,7520116_NB,Kỹ thuật cơ khí độc lực (làm việc tại Nhật Bản),A00,15,
VLU,Đại học Sư phạm Kỹ thuật Vĩnh Long,7510605_CLC,Logistics và Quản lý chuỗi cung ứng CLC liên kết quốc tế 2+2 với Đại học TONGMYONG Hàn Quốc,A00,15,
VLU,Đại học Sư phạm Kỹ thuật Vĩnh Long,7510605,Logistics và Quản lý chuỗi cung ứng,A00,15,
VLU,Đại học Sư phạm Kỹ thuật Vĩnh Long,7380101,Ngành Luật,A01,15,
VLU,Đại học Sư phạm Kỹ thuật Vĩnh Long,7340120,Ngành Kinh doanh quốc tế,A00,15,
VLU,Đại học Sư phạm Kỹ thuật Vĩnh Long,7140114,Quản lý giáo dục,A01,15,
VLU,Đại học Sư phạm Kỹ thuật Vĩnh Long,7810103,Quản trị dịch vụ du lịch và lữ hành,A01,15,
VLU,Đại học Sư phạm Kỹ thuật Vĩnh Long,7140246,Sư phạm công nghệ,A01,24,
VLU,Đại học Sư phạm Kỹ thuật Vĩnh Long,7640101,Thú y,B00,15,
VLU,Đại học Sư phạm Kỹ thuật Vĩnh Long,7340122,Thương mại điện tử,A00,15,
VLU,Đại học Sư phạm Kỹ thuật Vĩnh Long,7320104,Truyền thông đa phương tiện,A00,15,
DDS,Đại học Sư Phạm - Đại học Đà Nẵng,7320101,Báo chí,C00 | C14 | D01 | D66,25.8,
DDS,Đại học Sư Phạm - Đại học Đà Nẵng,7760101,Công tác xã hội,C00 | C19 | C20 | D01,24.68,
DDS,Đại học Sư Phạm - Đại học Đà Nẵng,7420201,Công nghệ sinh học,A01 | B00 | B03 | B08,19,
DDS,Đại học Sư Phạm - Đại học Đà Nẵng,7480201,Công nghệ thông tin,A00 | A01,21.35,
DDS,Đại học Sư Phạm - Đại học Đà Nẵng,7310501,Địa lý học,C00 | D15,24.25,
DDS,Đại học Sư Phạm - Đại học Đà Nẵng,7140201,Giáo dục Mầm non,M01 | M09,24.25,
DDS,Đại học Sư Phạm - Đại học Đà Nẵng,7140206,Giáo dục Thể chất,T00 | T02 | T03 | T05,23.25,
DDS,Đại học Sư Phạm - Đại học Đà Nẵng,7140204,Giáo dục Công dân,C00 | C19 | C20 | D66,27.34,
DDS,Đại học Sư Phạm - Đại học Đà Nẵng,7140202,Giáo dục Tiểu học,A00 | B00 | C00 | D01,27.5,
DDS,Đại học Sư Phạm - Đại học Đà Nẵng,7140205,Giáo dục Chính trị,C00 | C19 | C20 | D66,27.2,
DDS,Đại học Sư Phạm - Đại học Đà Nẵng,7440112,Hóa học,A00 | B00 | D07,21.3,
DDS,Đại học Sư Phạm - Đại học Đà Nẵng,7460108,Khoa học dữ liệu (Data Science),A00 | A01,20.1,
DDS,Đại học Sư Phạm - Đại học Đà Nẵng,7229010,Lịch sử,C00 | C19 | D14,25.17,
DDS,Đại học Sư Phạm - Đại học Đà Nẵng,7320108,Quan hệ công chúng,C00 | D01 | D14 | D15,25.33,
DDS,Đại học Sư Phạm - Đại học Đà Nẵng,7850101,Quản lý tài nguyên và môi trường,A01 | B00 | B03 | B08,21.15,
DDS,Đại học Sư Phạm - Đại học Đà Nẵng,7140210,Sư phạm Tin học (Chuyên ngành Tin học – Công nghệ Tiểu học),A00 | A01,24.21,
DDS,Đại học Sư Phạm - Đại học Đà Nẵng,7140212,Sư phạm Hóa học,A00 | B00 | D07,25.99,
DDS,Đại học Sư Phạm - Đại học Đà Nẵng,7140219,Sư phạm Địa lý,C00 | D10,27.9,
DDS,Đại học Sư Phạm - Đại học Đà Nẵng,7140211,Sư phạm Vật lý,A00 | A01 | A02,26,
DDS,Đại học Sư Phạm - Đại học Đà Nẵng,7140209,Sư phạm Toán học,A00 | A01,26.18,
DDS,Đại học Sư Phạm - Đại học Đà Nẵng,7140217,Sư phạm Ngữ văn,C00 | C14 | D66,27.83,
DDS,Đại học Sư Phạm - Đại học Đà Nẵng,7140247,Sư phạm khoa học tự nhiên,A00 | A02 | B00 | D90,25.24,
DDS,Đại học Sư Phạm - Đại học Đà Nẵng,7140221,Sư phạm Âm nhạc,N00 | N01,19.05,
DDS,Đại học Sư Phạm - Đại học Đà Nẵng,7140213,Sư phạm Sinh học,B00 | B03 | B08,25.12,
DDS,Đại học Sư Phạm - Đại học Đà Nẵng,7140250,Sư phạm Tin học và Công nghệ Tiểu học,A00 | B00 | C00 | D01,26.5,
DDS,Đại học Sư Phạm - Đại học Đà Nẵng,7140249,Sư phạm Lịch sử - Địa lý,C00 | C19 | C20 | D78,27.43,
DDS,Đại học Sư Phạm - Đại học Đà Nẵng,7140218,Sư phạm Lịch sử,C00 | C19,28.13,
DDS,Đại học Sư Phạm - Đại học Đà Nẵng,7310401,Tâm lý học,B00 | C00 | D01 | D66,25.41,
DDS,Đại học Sư Phạm - Đại học Đà Nẵng,7229030,Văn học,C00 | C14 | D15 | D66,26,
DDS,Đại học Sư Phạm - Đại học Đà Nẵng,7229040,Văn hoá học,C00 | C14 | D15 | D66,24.25,
DDS,Đại học Sư Phạm - Đại học Đà Nẵng,7520401,Vật lý kỹ thuật,A00 | A01 | A02,17.2,
DDS,Đại học Sư Phạm - Đại học Đà Nẵng,7310630,Việt Nam học,C00 | D14 | D15,24.25,
QHT,Đại học Khoa học tự nhiên - Đại học Quốc Gia Hà Nội,QHT07,Công nghệ kỹ thuật hoá học,A00 | B00 | C02 | D07,24.8,
QHT,Đại học Khoa học tự nhiên - Đại học Quốc Gia Hà Nội,QHT09,Công nghệ sinh học,A00 | A02 | B00 | B08,24.45,
QHT,Đại học Khoa học tự nhiên - Đại học Quốc Gia Hà Nội,QHT15,Công nghệ kỹ thuật môi trường,A00 | A01 | B00 | D07,21,
QHT,Đại học Khoa học tự nhiên - Đại học Quốc Gia Hà Nội,QHT05,Công nghệ kỹ thuật hạt nhân,A00 | A01 | A02 | C01,24.3,
QHT,Đại học Khoa học tự nhiên - Đại học Quốc Gia Hà Nội,QHT18,Địa chất học,A00 | A01 | D07 | D10,20,
QHT,Đại học Khoa học tự nhiên - Đại học Quốc Gia Hà Nội,QHT10,Địa lí tự nhiên,A00 | A01 | B00 | D10,22.4,
QHT,Đại học Khoa học tự nhiên - Đại học Quốc Gia Hà Nội,QHT17,Hải dương học,A00 | A01 | B00 | D07,20,
QHT,Đại học Khoa học tự nhiên - Đại học Quốc Gia Hà Nội,QHT43,Hoá dược**,A00 | B00 | C02 | D07,25.65,
QHT,Đại học Khoa học tự nhiên - Đại học Quốc Gia Hà Nội,QHT06,Hoá học,A00 | B00 | C02 | D07,25.15,
QHT,Đại học Khoa học tự nhiên - Đại học Quốc Gia Hà Nội,QHT16,Khí tượng và khí hậu học,A00 | A01 | B00 | D07,20.8,
QHT,Đại học Khoa học tự nhiên - Đại học Quốc Gia Hà Nội,QHT98,Khoa học máy tính và thông tin*,A00 | A01 | D07 | D08,34.7,
QHT,Đại học Khoa học tự nhiên - Đại học Quốc Gia Hà Nội,QHT13,Khoa học môi trường,A00 | A01 | B00 | D07,20,
QHT,Đại học Khoa học tự nhiên - Đại học Quốc Gia Hà Nội,QHT93,Khoa học dữ liệu,A00 | A01 | D07 | D08,35,
QHT,Đại học Khoa học tự nhiên - Đại học Quốc Gia Hà Nội,QHT96,Khoa học và công nghệ thực phẩm,A00 | A01 | B00 | D07,24.6,
QHT,Đại học Khoa học tự nhiên - Đại học Quốc Gia Hà Nội,QHT91,Khoa học thông tin địa không gian*,A00 | A01 | B00 | D10,24,
QHT,Đại học Khoa học tự nhiên - Đại học Quốc Gia Hà Nội,QHT04,Khoa học vật liệu,A00 | A01 | A02 | C01,24.6,
QHT,Đại học Khoa học tự nhiên - Đại học Quốc Gia Hà Nội,QHT94,Kỹ thuật điện tử và tin học,A00 | A01 | A02 | C01,26.25,
QHT,Đại học Khoa học tự nhiên - Đại học Quốc Gia Hà Nội,QHT82,"Môi trường, Sức khỏe và An toàn*",A00 | A01 | B00 | D07,20,
QHT,Đại học Khoa học tự nhiên - Đại học Quốc Gia Hà Nội,QHT12,Quản lý đất đai,A00 | A01 | B00 | D10,23,
QHT,Đại học Khoa học tự nhiên - Đại học Quốc Gia Hà Nội,QHT95,Quản lý phát triển đô thị và bất động sản,A00 | A01 | B00 | D10,24,
QHT,Đại học Khoa học tự nhiên - Đại học Quốc Gia Hà Nội,QHT20,Quản lý tài nguyên và môi trường,A00 | A01 | D07 | D10,21.5,
QHT,Đại học Khoa học tự nhiên - Đại học Quốc Gia Hà Nội,QHT81,Sinh dược học,A00 | A02 | B00 | B08,24.25,
QHT,Đại học Khoa học tự nhiên - Đại học Quốc Gia Hà Nội,QHT08,Sinh học,A00 | A02 | B00 | B08,23.35,
QHT,Đại học Khoa học tự nhiên - Đại học Quốc Gia Hà Nội,QHT92,Tài nguyên và môi trường nước*,A00 | A01 | B00 | D07,20,
QHT,Đại học Khoa học tự nhiên - Đại học Quốc Gia Hà Nội,QHT02,Toán tin,A00 | A01 | D07 | D08,34.45,
QHT,Đại học Khoa học tự nhiên - Đại học Quốc Gia Hà Nội,QHT01,Toán học,A00 | A01 | D07 | D08,34.45,
QHT,Đại học Khoa học tự nhiên - Đại học Quốc Gia Hà Nội,QHT03,Vật lí học,A00 | A01 | A02 | C01,25.3,
DDA,Đại học Công Nghệ Đông Á,7510206,Công nghệ kỹ thuật nhiệt,A00,17,
DDA,Đại học Công Nghệ Đông Á,7510202,Công nghệ chế tạo máy,A00,17,
DDA,Đại học Công Nghệ Đông Á,7540101,Công nghệ thực phẩm,A00,17,
DDA,Đại học Công Nghệ Đông Á,7480201,Công nghệ thông tin,A00,17,
DDA,Đại học Công Nghệ Đông Á,7510205,Công nghệ kỹ thuật ô tô,A00,17,
DDA,Đại học Công Nghệ Đông Á,7510303,Công nghệ kỹ thuật điều khiển và tự động hóa,A00,17,
DDA,Đại học Công Nghệ Đông Á,7510301,"Công nghệ kỹ thuật điện, điện tử",A00,17,
DDA,Đại học Công Nghệ Đông Á,7720301,Điều dưỡng,A00,19,
DDA,Đại học Công Nghệ Đông Á,7720201,Dược học,A00,21,
DDA,Đại học Công Nghệ Đông Á,7340301,Kế toán,A00,17,
DDA,Đại học Công Nghệ Đông Á,7580201,Kỹ thuật xây dựng,A00,17,
DDA,Đại học Công Nghệ Đông Á,7340115,Marketing,A00,17,
DDA,Đại học Công Nghệ Đông Á,7380101,Ngành Luật,A00,17,
DDA,Đại học Công Nghệ Đông Á,7220201,Ngôn ngữ Anh,A00,17,
DDA,Đại học Công Nghệ Đông Á,7810103,Quản trị dịch vụ du lịch và lữ hành,A00,17,
DDA,Đại học Công Nghệ Đông Á,7340101,Quản trị Kinh doanh,A00,17,
DDA,Đại học Công Nghệ Đông Á,7810201,Quản trị khách sạn,A00,17,
DDA,Đại học Công Nghệ Đông Á,7340201,Tài chính – Ngân hàng,A00,17,
NTH,Đại học Ngoại thương (phía Bắc),NTH10,Định hướng nghề nghiệp Khoa học máy tính và dữ liệu trong kinh tế và kinh doanh,A00,27.2,
NTH,Đại học Ngoại thương (phía Bắc),NTH02,Kinh doanh quốc tế và Quản trị kinh doanh,A00,28.1,
NTH,Đại học Ngoại thương (phía Bắc),NTH09,Kinh tế chính trị,A00,27.2,
NTH,Đại học Ngoại thương (phía Bắc),NTH06,Ngôn ngữ Trung Quốc,D01,28.5,
NTH,Đại học Ngoại thương (phía Bắc),NTH04,Ngôn ngữ Anh,D01,27,
NTH,Đại học Ngoại thương (phía Bắc),NTH07,Ngôn ngữ Nhật,D01,26,
NTH,Đại học Ngoại thương (phía Bắc),NTH05,Ngôn ngữ Pháp,D01,26,
NTH,Đại học Ngoại thương (phía Bắc),NTH01-02,Nhóm ngành Kinh tế; Kinh tế quốc tế,A00,28,
NTH,Đại học Ngoại thương (phía Bắc),NTH01-01,Nhóm ngành luật,A00,27.5,
NTH,Đại học Ngoại thương (phía Bắc),NTH03,Tài chính - Ngân hàng và Kế toán,A00,27.8,
TDD,Đại học Thành Đô,7510301,"Công nghệ kỹ thuật điện, điện tử",A00 | A01 | B00 | D01,16.5,
TDD,Đại học Thành Đô,7510205,Công nghệ kỹ thuật ô tô,A00 | A01 | B00 | D01,17,
TDD,Đại học Thành Đô,7480201,Công nghệ thông tin,A00 | A01 | B00 | D01,17,
TDD,Đại học Thành Đô,7720201,Dược học,A00 | A11 | B00 | D07,21,
TDD,Đại học Thành Đô,7140101,Giáo dục học,A00 | C00 | D01 | D14,16.5,
TDD,Đại học Thành Đô,7340301,Kế toán,A00 | A01 | B00 | D01,17,
TDD,Đại học Thành Đô,7380101,Ngành Luật,A00 | A01 | C00 | D01,17,
TDD,Đại học Thành Đô,7220201,Ngôn ngữ Anh,D01 | D07 | D14 | D15,17,
TDD,Đại học Thành Đô,7220204,Ngôn ngữ Trung Quốc,C00 | D01 | D14 | D15,17,
TDD,Đại học Thành Đô,7340101,Quản trị Kinh doanh,A00 | A01 | C00 | D01,17,
TDD,Đại học Thành Đô,7810201,Quản trị khách sạn,A00 | A01 | C00 | D01,17,
TDD,Đại học Thành Đô,7340406,Quản trị văn phòng,A00 | A01 | C00 | D01,17,
TDD,Đại học Thành Đô,7310630,Việt Nam học,A00 | A01 | C00 | D01,17,
PVU,Đại học Dầu khí Việt Nam,7480101,Khoa học máy tính,A00 | A01 | D07,20,
PVU,Đại học Dầu khí Việt Nam,7520501,Kỹ thuật địa chất,A00 | A01 | D07,20,
PVU,Đại học Dầu khí Việt Nam,7520301,Kỹ thuật hóa học,A00 | A01 | D07,20,
PVU,Đại học Dầu khí Việt Nam,7520604,Kỹ thuật dầu khí,A00 | A01 | D07,20,
DMS,Đại học Tài chính Marketing,7340116,Bất động sản,A00 | A01 | D01 | D96,23.3,
DMS,Đại học Tài chính Marketing,7340205,Công nghệ tài chính,A00 | A01 | D01 | D96,24.4,
DMS,Đại học Tài chính Marketing,7340405,Hệ thống thông tin,A00 | A01 | D01 | D96,25,
DMS,Đại học Tài chính Marketing,7340301_TH,Kế toán tích hợp,A00 | A01 | D01 | D96,22.5,
DMS,Đại học Tài chính Marketing,7340301,Kế toán,A00 | A01 | D01 | D96,25,
DMS,Đại học Tài chính Marketing,7310101,Kinh tế,A00 | A01 | D01 | D96,25,
DMS,Đại học Tài chính Marketing,7340120_TATP,Kinh doanh quốc tế,A00 | A01 | D01 | D96,22,
DMS,Đại học Tài chính Marketing,7340120_TH,Kinh doanh quốc tế tích hợp,A00 | A01 | D01 | D96,22.2,
DMS,Đại học Tài chính Marketing,7380107,Luật kinh tế,A00 | A01 | D01 | D96,24.4,
DMS,Đại học Tài chính Marketing,7340115_TATP,Marketing,A00 | A01 | D01 | D96,23.5,
DMS,Đại học Tài chính Marketing,7340115_TH,Marketing tích hợp,A00 | A01 | D01 | D96,23.8,
DMS,Đại học Tài chính Marketing,7340115,Marketing,A00 | A01 | D01 | D96,25.9,
DMS,Đại học Tài chính Marketing,7340120,Ngành Kinh doanh quốc tế,A00 | A01 | D01 | D96,25.3,
DMS,Đại học Tài chính Marketing,7220201,Ngôn ngữ Anh,D01 | D72 | D78 | D96,24.5,
DMS,Đại học Tài chính Marketing,7810202_DT,Quản trị nhà hàng và dịch vụ ăn uống,D01 | D72 | D78 | D96,23,
DMS,Đại học Tài chính Marketing,7810201_DT,Quản trị khách sạn,D01 | D72 | D78 | D96,23.5,
DMS,Đại học Tài chính Marketing,7340101,Quản trị Kinh doanh,A00 | A01 | D01 | D96,24.2,
DMS,Đại học Tài chính Marketing,7340101_TH,Quản trị kinh doanh tích hợp,A00 | A01 | D01 | D96,22,
DMS,Đại học Tài chính Marketing,7340101_TATP,Quản trị kinh doanh,A00 | A01 | D01 | D96,22,
DMS,Đại học Tài chính Marketing,7810103_DT,Quản trị dịch vụ du lịch và lữ hành,D01 | D72 | D78 | D96,24.2,
DMS,Đại học Tài chính Marketing,7340201_TH,Tài chính – Ngân hàng tích hợp,A00 | A01 | D01 | D96,22.5,
DMS,Đại học Tài chính Marketing,7340201,Tài chính – Ngân hàng,A00 | A01 | D01 | D96,24.6,
DMS,Đại học Tài chính Marketing,7310108,Toán kinh tế,A00 | A01 | D01 | D96,24.2,
DTY,Đại học Y Dược - Đại học Thái Nguyên,7720301,Điều dưỡng,B00 | D07 | D08,21.8,
DTY,Đại học Y Dược - Đại học Thái Nguyên,7720201,Dược học,B00 | D07 | D08,24.75,
DTY,Đại học Y Dược - Đại học Thái Nguyên,7720302,Hộ sinh,B00 | D07 | D08,19.5,
DTY,Đại học Y Dược - Đại học Thái Nguyên,7720602,Kỹ thuật hình ảnh y học,B00 | D07 | D08,20,
DTY,Đại học Y Dược - Đại học Thái Nguyên,7720601,Kỹ thuật xét nghiệm y học,B00 | D07 | D08,24,
DTY,Đại học Y Dược - Đại học Thái Nguyên,7720603,Kỹ thuật phục hồi chức năng,B00 | D07 | D08,20,
DTY,Đại học Y Dược - Đại học Thái Nguyên,7720501,Răng- Hàm -Mặt,B00 | D07 | D08,26.35,
DTY,Đại học Y Dược - Đại học Thái Nguyên,7720101,Y khoa,B00 | D07 | D08,26.25,
DTY,Đại học Y Dược - Đại học Thái Nguyên,7720110,Y học dự phòng,B00 | D07 | D08,21,
DVL,Đại học Văn Lang,7340116,Bất động sản,A00 | A01 | C04 | D01,16,
DVL,Đại học Văn Lang,7540101,Công nghệ thực phẩm,A00 | B00 | C08 | D08,16,
DVL,Đại học Văn Lang,7510205,Công nghệ kỹ thuật ô tô,A00 | A01 | C01 | D01,16,
DVL,Đại học Văn Lang,7420201,Công nghệ sinh học,A00 | A02 | B00 | B08,16,
DVL,Đại học Văn Lang,7210302,Công nghệ điện ảnh. truyền hình,H01 | H03 | H04 | V00,16,
DVL,Đại học Văn Lang,7480201,Công nghệ thông tin,A00 | A01 | D01 | D10,16,
DVL,Đại học Văn Lang,7320106,Công nghệ truyền thông,A00 | A01 | C01 | D01,16,
DVL,Đại học Văn Lang,7420205,Công nghệ sinh học y dược,A00 | B00 | D07 | D08,16,
DVL,Đại học Văn Lang,7510406,Công nghệ kỹ thuật Môi trường,A00 | B00 | D07 | D08,16,
DVL,Đại học Văn Lang,7420207,Công nghệ thẩm mỹ,A00 | B00 | D07 | D08,16,
DVL,Đại học Văn Lang,7340205,Công nghệ tài chính,A00 | A01 | C01 | D01,16,
DVL,Đại học Văn Lang,7510301,"Công nghệ kỹ thuật điện, điện tử",A00 | A01 | C01 | D01,16,
DVL,Đại học Văn Lang,7210235,Đạo diễn điện ảnh. truyền hình,S00,18,
DVL,Đại học Văn Lang,7210234,Diễn viên kịch. điện ảnh - truyền hình,S00,18,
DVL,Đại học Văn Lang,7720301,Điều dưỡng,B00 | C08 | D07 | D08,19,
DVL,Đại học Văn Lang,7310608,Đông phương học,A01 | C00 | D01 | D04,16,
DVL,Đại học Văn Lang,7810101,Du lịch,A00 | A01 | C00 | D01,16,
DVL,Đại học Văn Lang,7720201,Dược học,A00 | B00 | D07,21,
DVL,Đại học Văn Lang,7480104,Hệ thống thông tin,A00 | A01 | D07 | D10,16,
DVL,Đại học Văn Lang,7340301,Kế toán,A00 | A01 | D01 | D10,16,
DVL,Đại học Văn Lang,7460108,Khoa học dữ liệu (Data Science),A00 | A01 | C01 | D01,16,
DVL,Đại học Văn Lang,7580101,Kiến trúc,H02 | V00 | V01,16,
DVL,Đại học Văn Lang,7310106,Kinh tế quốc tế,A00 | A01 | D01 | D07,16,
DVL,Đại học Văn Lang,7340121,Kinh doanh thương mại,A00 | A01 | C01 | D01,16,
DVL,Đại học Văn Lang,7520114,Kỹ thuật cơ điện tử,A00 | A01 | C01 | D01,16,
DVL,Đại học Văn Lang,7520120,Kỹ thuật hàng không,A00 | A01 | C01 | D01,16,
DVL,Đại học Văn Lang,7520115,"Kỹ thuật nhiệt (3 chuyên ngành: Kỹ thuật điện lạnh; Máy lạnh, điều hòa không khí và thông gió; Máy lạnh và thiết bị thực phẩm)",A00 | A01 | D07,16,
DVL,Đại học Văn Lang,7720601,Kỹ thuật xét nghiệm y học,A00 | B00 | D07 | D08,19,
DVL,Đại học Văn Lang,7480103,Kỹ thuật phần mềm,A00 | A01 | D01 | D10,16,
DVL,Đại học Văn Lang,7580201,Kỹ thuật xây dựng,A00 | A01 | D01 | D07,16,
DVL,Đại học Văn Lang,7510605,Logistics và Quản lý chuỗi cung ứng,A00 | A01 | C01 | D01,16,
DVL,Đại học Văn Lang,7380107,Luật kinh tế,A00 | A01 | C00 | D01,16,
DVL,Đại học Văn Lang,7480102,Mạng máy tính và truyền thông dữ liệu,A00 | A01 | C01 | D01,16,
DVL,Đại học Văn Lang,7340115,Marketing,A00 | A01 | C01 | D01,16,
DVL,Đại học Văn Lang,7340120,Ngành Kinh doanh quốc tế,A00 | A01 | C01 | D01,16,
DVL,Đại học Văn Lang,7380101,Ngành Luật,A00 | A01 | C00 | D01,16,
DVL,Đại học Văn Lang,7220204,Ngôn ngữ Trung Quốc,A01 | D01 | D04 | D14,16,
DVL,Đại học Văn Lang,7220201,Ngôn ngữ Anh,D01 | D08 | D10,16,
DVL,Đại học Văn Lang,7220210,Ngôn ngữ Hàn Quốc,D01 | D10 | D14 | D66,16,
DVL,Đại học Văn Lang,7210208,Piano,N00,18,
DVL,Đại học Văn Lang,7810201,Quản trị khách sạn,A00 | A01 | D01 | D03,16,
DVL,Đại học Văn Lang,7320108,Quan hệ công chúng,A00 | A01 | C00 | D01,19,
DVL,Đại học Văn Lang,7810103,Quản trị dịch vụ du lịch và lữ hành,A00 | A01 | D01 | D03,16,
DVL,Đại học Văn Lang,7580302,Quản lý xây dựng,A00 | A01 | D01 | D07,16,
DVL,Đại học Văn Lang,7340101,Quản trị Kinh doanh,A00 | A01 | C01 | D01,16,
DVL,Đại học Văn Lang,7810202,Quản trị nhà hàng và dịch vụ ăn uống,A00 | A01 | D01 | D03,16,
DVL,Đại học Văn Lang,7720501,Răng- Hàm -Mặt,A00 | B00 | D07 | D08,22.5,
DVL,Đại học Văn Lang,7340201,Tài chính – Ngân hàng,A00 | A01 | C04 | D01,16,
DVL,Đại học Văn Lang,7310401,Tâm lý học,B00 | B03 | C00 | D01,16,
DVL,Đại học Văn Lang,7210205,Thanh nhạc,N00,18,
DVL,Đại học Văn Lang,7210402,Thiết kế công nghiệp,H03 | H04 | H05 | H06,16,
DVL,Đại học Văn Lang,7580108,Thiết kế nội thất,H03 | H04 | H05 | H06,16,
DVL,Đại học Văn Lang,7210404,Thiết kế thời trang,H03 | H04 | H05 | H06,16,
DVL,Đại học Văn Lang,7210403,Thiết kế đồ họa,H03 | H04 | H05 | H06,16,
DVL,Đại học Văn Lang,7210409,Thiết kế mỹ thuật số,H03 | H04 | H05 | H06,16,
DVL,Đại học Văn Lang,7340122,Thương mại điện tử,A00 | A01 | C01 | D01,16,
DVL,Đại học Văn Lang,7320104,Truyền thông đa phương tiện,A00 | A01 | C00 | D01,19,
DVL,Đại học Văn Lang,7229030,Văn học,C00 | D01 | D14 | D66,16,
DVL,Đại học Văn Lang,7720101,Y khoa,A00 | B00 | D08 | D12,22.5,
KTA,Đại học Kiến trúc Hà Nội,7580101_1,Chương trình tiên tiến ngành Kiến trúc,V00 | V01 | V02,27.8,
KTA,Đại học Kiến trúc Hà Nội,7480201_1,Công nghệ thông tin,A00 | A01 | D01 | D07,24.73,
KTA,Đại học Kiến trúc Hà Nội,7510105,Công nghệ kỹ thuật vật liệu xây dựng,A00 | A01 | D01 | D07,22.1,
KTA,Đại học Kiến trúc Hà Nội,7580210_2,Công nghệ cơ điện công trình,A00 | A01 | D01 | D07,21.15,
KTA,Đại học Kiến trúc Hà Nội,7480201,Công nghệ thông tin,A00 | A01 | D01 | D07,23.8,
KTA,Đại học Kiến trúc Hà Nội,7210105,Điêu khắc,H00 | H02,23.23,
KTA,Đại học Kiến trúc Hà Nội,7580102,Kiến trúc cảnh quan,V00 | V01 | V02,28.78,
KTA,Đại học Kiến trúc Hà Nội,7580101,Kiến trúc,V00 | V01 | V02,30.2,
KTA,Đại học Kiến trúc Hà Nội,7580301_1,Kinh tế xây dựng (chuyên ngành Kinh tế đầu tư),A00 | A01 | C01 | D01,23.56,
KTA,Đại học Kiến trúc Hà Nội,7580301,Kinh tế xây dựng,A00 | A01 | C01 | D01,23.6,
KTA,Đại học Kiến trúc Hà Nội,7580201,Kỹ thuật xây dựng,A00 | A01 | D01 | D07,21.85,
KTA,Đại học Kiến trúc Hà Nội,7580201_2,Kỹ thuật xây dựng (Chuyên ngành Quản lý dự án xây dựng),A00 | A01 | D01 | D07,22.1,
KTA,Đại học Kiến trúc Hà Nội,7580210_1,Kỹ thuật cơ sở hạ tầng (Chuyên ngành Kỹ thuật môi trường đô thị),A00 | A01 | D01 | D07,21.15,
KTA,Đại học Kiến trúc Hà Nội,7580201_1,Kỹ thuật xây dựng (Chuyên ngành Xây dựng công trình ngầm đô thị),A00 | A01 | D01 | D07,22.55,
KTA,Đại học Kiến trúc Hà Nội,7580210,Kỹ thuật cơ sở hạ tầng,A00 | A01 | D01 | D07,21.15,
KTA,Đại học Kiến trúc Hà Nội,7580205,Kỹ thuật xây dựng công trình giao thông,A00 | A01 | D01 | D07,21.15,
KTA,Đại học Kiến trúc Hà Nội,7580213,Kỹ thuật cấp thoát nước,A00 | A01 | D01 | D07,21.15,
KTA,Đại học Kiến trúc Hà Nội,7580302_3,Quản lý xây dựng (Chuyên ngành Kinh tế phát triển),A00 | A01 | C01 | D01,23.4,
KTA,Đại học Kiến trúc Hà Nội,7580302_2,Quản lý xây dựng (Chuyên ngành Quản lý vận tải và Logistic),A00 | A01 | C01 | D01,23.14,
KTA,Đại học Kiến trúc Hà Nội,7580302,Quản lý xây dựng,A00 | A01 | C01 | D01,22.15,
KTA,Đại học Kiến trúc Hà Nội,7580302_1,Quản lý xây dựng (Chuyên ngành Quản lý bất động sản),A00 | A01 | C01 | D01,23.14,
KTA,Đại học Kiến trúc Hà Nội,7580105_1,Quy hoạch vùng và đô thị (Chuyên ngành thiết kế đô thị),V00 | V01 | V02,29.23,
KTA,Đại học Kiến trúc Hà Nội,7580105,Quy hoạch vùng và đô thị,V00 | V01 | V02,29.5,
KTA,Đại học Kiến trúc Hà Nội,7210404,Thiết kế thời trang,H00 | H02,23.25,
KTA,Đại học Kiến trúc Hà Nội,7580108,Thiết kế nội thất,H00 | H02,23.48,
KTA,Đại học Kiến trúc Hà Nội,7210403,Thiết kế đồ họa,H00 | H02,24.2,
QSX,Đại học Khoa học xã hội và Nhân văn - Đại học Quốc gia TP HCM,7320101_CLC,Báo chí chất lượng cao,D01,26.35,
QSX,Đại học Khoa học xã hội và Nhân văn - Đại học Quốc gia TP HCM,7320101,Báo chí,D14,27.4,
QSX,Đại học Khoa học xã hội và Nhân văn - Đại học Quốc gia TP HCM,7320101,Báo chí,D01,26.7,
QSX,Đại học Khoa học xã hội và Nhân văn - Đại học Quốc gia TP HCM,7320101,Báo chí,C00,28.8,
QSX,Đại học Khoa học xã hội và Nhân văn - Đại học Quốc gia TP HCM,7320101_CLC,Báo chí chất lượng cao,D14,27.1,
QSX,Đại học Khoa học xã hội và Nhân văn - Đại học Quốc gia TP HCM,7320101_CLC,Báo chí chất lượng cao,C00,27.73,
QSX,Đại học Khoa học xã hội và Nhân văn - Đại học Quốc gia TP HCM,7760101,Công tác xã hội,D15,25.3,
QSX,Đại học Khoa học xã hội và Nhân văn - Đại học Quốc gia TP HCM,7760101,Công tác xã hội,D14,24.9,
QSX,Đại học Khoa học xã hội và Nhân văn - Đại học Quốc gia TP HCM,7760101,Công tác xã hội,C00,27.15,
QSX,Đại học Khoa học xã hội và Nhân văn - Đại học Quốc gia TP HCM,7760101,Công tác xã hội,D01,24.49,
QSX,Đại học Khoa học xã hội và Nhân văn - Đại học Quốc gia TP HCM,7310501,Địa lý học,A01,22,
QSX,Đại học Khoa học xã hội và Nhân văn - Đại học Quốc gia TP HCM,7310501,Địa lý học,D01,24,
QSX,Đại học Khoa học xã hội và Nhân văn - Đại học Quốc gia TP HCM,7310501,Địa lý học,C00,27.32,
QSX,Đại học Khoa học xã hội và Nhân văn - Đại học Quốc gia TP HCM,7310501,Địa lý học,D15,25.32,
QSX,Đại học Khoa học xã hội và Nhân văn - Đại học Quốc gia TP HCM,7580112,Đô thị học,A01,22,
QSX,Đại học Khoa học xã hội và Nhân văn - Đại học Quốc gia TP HCM,7580112,Đô thị học,A01 | C00 | D01 | D14,23.5,
QSX,Đại học Khoa học xã hội và Nhân văn - Đại học Quốc gia TP HCM,7580112,Đô thị học,C00,26.3,
QSX,Đại học Khoa học xã hội và Nhân văn - Đại học Quốc gia TP HCM,7580112,Đô thị học,D14,24.19,
QSX,Đại học Khoa học xã hội và Nhân văn - Đại học Quốc gia TP HCM,7310608,Đông phương học,D04,24.3,
QSX,Đại học Khoa học xã hội và Nhân văn - Đại học Quốc gia TP HCM,7310608,Đông phương học,D01,24.57,
QSX,Đại học Khoa học xã hội và Nhân văn - Đại học Quốc gia TP HCM,7310608,Đông phương học,D14,25.45,
QSX,Đại học Khoa học xã hội và Nhân văn - Đại học Quốc gia TP HCM,7140101,Giáo dục học,B00 | D01,24.5,
QSX,Đại học Khoa học xã hội và Nhân văn - Đại học Quốc gia TP HCM,7140101,Giáo dục học,C00,26.6,
QSX,Đại học Khoa học xã hội và Nhân văn - Đại học Quốc gia TP HCM,7140101,Giáo dục học,B00,24,
QSX,Đại học Khoa học xã hội và Nhân văn - Đại học Quốc gia TP HCM,7140101,Giáo dục học,C01,23.9,
QSX,Đại học Khoa học xã hội và Nhân văn - Đại học Quốc gia TP HCM,7310614,Hàn Quốc học,D01,25.3,
QSX,Đại học Khoa học xã hội và Nhân văn - Đại học Quốc gia TP HCM,7310614,Hàn Quốc học,D14,25.9,
QSX,Đại học Khoa học xã hội và Nhân văn - Đại học Quốc gia TP HCM,73106a1,Kinh doanh thương mại Hàn Quốc,D14,26.96,
QSX,Đại học Khoa học xã hội và Nhân văn - Đại học Quốc gia TP HCM,73106a1,Kinh doanh thương mại Hàn Quốc,D01,26.36,
QSX,Đại học Khoa học xã hội và Nhân văn - Đại học Quốc gia TP HCM,7229010,Lịch sử,D14,26.14,
QSX,Đại học Khoa học xã hội và Nhân văn - Đại học Quốc gia TP HCM,7229010,Lịch sử,D01 | D15,25,
QSX,Đại học Khoa học xã hội và Nhân văn - Đại học Quốc gia TP HCM,7229010,Lịch sử,C00,28.1,
QSX,Đại học Khoa học xã hội và Nhân văn - Đại học Quốc gia TP HCM,7320303,Lưu trữ học,D14,24.5,
QSX,Đại học Khoa học xã hội và Nhân văn - Đại học Quốc gia TP HCM,7320303,Lưu trữ học,D01,24.4,
QSX,Đại học Khoa học xã hội và Nhân văn - Đại học Quốc gia TP HCM,7320303,Lưu trữ học,D15,24.85,
QSX,Đại học Khoa học xã hội và Nhân văn - Đại học Quốc gia TP HCM,7320303,Lưu trữ học,C00,26.98,
QSX,Đại học Khoa học xã hội và Nhân văn - Đại học Quốc gia TP HCM,7210213,Nghệ thuật học,D14,26.75,
QSX,Đại học Khoa học xã hội và Nhân văn - Đại học Quốc gia TP HCM,7210213,Nghệ thuật học,C00,28.15,
QSX,Đại học Khoa học xã hội và Nhân văn - Đại học Quốc gia TP HCM,7210213,Nghệ thuật học,D01,25.8,
QSX,Đại học Khoa học xã hội và Nhân văn - Đại học Quốc gia TP HCM,7229020,Ngôn ngữ học,D14,25.6,
QSX,Đại học Khoa học xã hội và Nhân văn - Đại học Quốc gia TP HCM,7220206,Ngôn ngữ Tây Ban Nha,D03 | D05,22.5,
QSX,Đại học Khoa học xã hội và Nhân văn - Đại học Quốc gia TP HCM,7220205,Ngôn ngữ Đức,D01,25.33,
QSX,Đại học Khoa học xã hội và Nhân văn - Đại học Quốc gia TP HCM,7229020,Ngôn ngữ học,D01,24.8,
QSX,Đại học Khoa học xã hội và Nhân văn - Đại học Quốc gia TP HCM,7220206,Ngôn ngữ Tây Ban Nha,D01,24.48,
QSX,Đại học Khoa học xã hội và Nhân văn - Đại học Quốc gia TP HCM,7220204_CLC,Ngôn ngữ Trung Quốc - Chất lượng cao,D04,24.5,
QSX,Đại học Khoa học xã hội và Nhân văn - Đại học Quốc gia TP HCM,7220204,Ngôn ngữ Trung Quốc,D04,25.3,
QSX,Đại học Khoa học xã hội và Nhân văn - Đại học Quốc gia TP HCM,7220202,Ngôn ngữ Nga,D01,22.95,
QSX,Đại học Khoa học xã hội và Nhân văn - Đại học Quốc gia TP HCM,7220202,Ngôn ngữ Nga,D02,22.5,
QSX,Đại học Khoa học xã hội và Nhân văn - Đại học Quốc gia TP HCM,7220208,Ngôn ngữ Italia,D03 | D05,22.2,
QSX,Đại học Khoa học xã hội và Nhân văn - Đại học Quốc gia TP HCM,7220205_CLC,Ngôn ngữ Đức - Chất lượng cao,D01,24.15,
QSX,Đại học Khoa học xã hội và Nhân văn - Đại học Quốc gia TP HCM,7220203,Ngôn ngữ Pháp,D03,23.7,
QSX,Đại học Khoa học xã hội và Nhân văn - Đại học Quốc gia TP HCM,7220201,Ngôn ngữ Anh,D01,26.27,
QSX,Đại học Khoa học xã hội và Nhân văn - Đại học Quốc gia TP HCM,7220208,Ngôn ngữ Italia,D01,22.8,
QSX,Đại học Khoa học xã hội và Nhân văn - Đại học Quốc gia TP HCM,7220205,Ngôn ngữ Đức,D05,23.07,
QSX,Đại học Khoa học xã hội và Nhân văn - Đại học Quốc gia TP HCM,7220203,Ngôn ngữ Pháp,D01,24.4,
QSX,Đại học Khoa học xã hội và Nhân văn - Đại học Quốc gia TP HCM,7229020,Ngôn ngữ học,C00,27.1,
QSX,Đại học Khoa học xã hội và Nhân văn - Đại học Quốc gia TP HCM,7220204_CLC,Ngôn ngữ Trung Quốc - Chất lượng cao,D01,25.08,
QSX,Đại học Khoa học xã hội và Nhân văn - Đại học Quốc gia TP HCM,7220205_CLC,Ngôn ngữ Đức - Chất lượng cao,D05,22.09,
QSX,Đại học Khoa học xã hội và Nhân văn - Đại học Quốc gia TP HCM,7220201_CLC,Ngôn ngữ Anh chất lượng cao,D01,25.68,
QSX,Đại học Khoa học xã hội và Nhân văn - Đại học Quốc gia TP HCM,7220204,Ngôn ngữ Trung Quốc,D01,25.78,
QSX,Đại học Khoa học xã hội và Nhân văn - Đại học Quốc gia TP HCM,7310302,Nhân học,D14,25.51,
QSX,Đại học Khoa học xã hội và Nhân văn - Đại học Quốc gia TP HCM,7310302,Nhân học,D15,25.58,
QSX,Đại học Khoa học xã hội và Nhân văn - Đại học Quốc gia TP HCM,7310302,Nhân học,D01,25.05,
QSX,Đại học Khoa học xã hội và Nhân văn - Đại học Quốc gia TP HCM,7310302,Nhân học,C00,27.1,
QSX,Đại học Khoa học xã hội và Nhân văn - Đại học Quốc gia TP HCM,7310613_CLC,Nhật Bản học chất lượng cao,D14,24.3,
QSX,Đại học Khoa học xã hội và Nhân văn - Đại học Quốc gia TP HCM,7310613_CLC,Nhật Bản học chất lượng cao,D01,23.3,
QSX,Đại học Khoa học xã hội và Nhân văn - Đại học Quốc gia TP HCM,7310613,Nhật Bản học,D14,26,
QSX,Đại học Khoa học xã hội và Nhân văn - Đại học Quốc gia TP HCM,7310613,Nhật Bản học,D01,25.3,
QSX,Đại học Khoa học xã hội và Nhân văn - Đại học Quốc gia TP HCM,7310613_CLC,Nhật Bản học chất lượng cao,D06,23.1,
QSX,Đại học Khoa học xã hội và Nhân văn - Đại học Quốc gia TP HCM,7310613_CLC,Nhật Bản học chất lượng cao,D63,23.2,
QSX,Đại học Khoa học xã hội và Nhân văn - Đại học Quốc gia TP HCM,7310613,Nhật Bản học,D06 | D63,25,
QSX,Đại học Khoa học xã hội và Nhân văn - Đại học Quốc gia TP HCM,7810103_CLC,Quản trị dịch vụ du lịch và lữ hành (Chất lượng cao),D14,25.6,
QSX,Đại học Khoa học xã hội và Nhân văn - Đại học Quốc gia TP HCM,7140114,Quản lý giáo dục,D01,24.4,
QSX,Đại học Khoa học xã hội và Nhân văn - Đại học Quốc gia TP HCM,7140114,Quản lý giáo dục,A01,24,
QSX,Đại học Khoa học xã hội và Nhân văn - Đại học Quốc gia TP HCM,7810103_CLC,Quản trị dịch vụ du lịch và lữ hành (Chất lượng cao),D01,25.1,
QSX,Đại học Khoa học xã hội và Nhân văn - Đại học Quốc gia TP HCM,7340406,Quản trị văn phòng,D14,25.8,
QSX,Đại học Khoa học xã hội và Nhân văn - Đại học Quốc gia TP HCM,7810103,Quản trị dịch vụ du lịch và lữ hành,D01,25.8,
QSX,Đại học Khoa học xã hội và Nhân văn - Đại học Quốc gia TP HCM,7810103,Quản trị dịch vụ du lịch và lữ hành,D15,26.75,
QSX,Đại học Khoa học xã hội và Nhân văn - Đại học Quốc gia TP HCM,7340406,Quản trị văn phòng,C00,27.7,
QSX,Đại học Khoa học xã hội và Nhân văn - Đại học Quốc gia TP HCM,7320205,Quản lý thông tin,D14,25.48,
QSX,Đại học Khoa học xã hội và Nhân văn - Đại học Quốc gia TP HCM,7320205,Quản lý thông tin,C00,27.7,
QSX,Đại học Khoa học xã hội và Nhân văn - Đại học Quốc gia TP HCM,7310206,Quan hệ quốc tế,D14,27.15,
QSX,Đại học Khoa học xã hội và Nhân văn - Đại học Quốc gia TP HCM,7810103_CLC,Quản trị dịch vụ du lịch và lữ hành (Chất lượng cao),D15,25.7,
QSX,Đại học Khoa học xã hội và Nhân văn - Đại học Quốc gia TP HCM,7810103,Quản trị dịch vụ du lịch và lữ hành,C00,28.33,
QSX,Đại học Khoa học xã hội và Nhân văn - Đại học Quốc gia TP HCM,7320205,Quản lý thông tin,D01,24.98,
QSX,Đại học Khoa học xã hội và Nhân văn - Đại học Quốc gia TP HCM,7320205,Quản lý thông tin,A01,24.4,
QSX,Đại học Khoa học xã hội và Nhân văn - Đại học Quốc gia TP HCM,7310206,Quan hệ quốc tế,D01,26.45,
QSX,Đại học Khoa học xã hội và Nhân văn - Đại học Quốc gia TP HCM,7310206_CLC,Quan hệ quốc tế chất lượng cao,D14,26.4,
QSX,Đại học Khoa học xã hội và Nhân văn - Đại học Quốc gia TP HCM,7140114,Quản lý giáo dục,D14,24.7,
QSX,Đại học Khoa học xã hội và Nhân văn - Đại học Quốc gia TP HCM,7140114,Quản lý giáo dục,C00,26.9,
QSX,Đại học Khoa học xã hội và Nhân văn - Đại học Quốc gia TP HCM,7810103,Quản trị dịch vụ du lịch và lữ hành,D14,26.47,
QSX,Đại học Khoa học xã hội và Nhân văn - Đại học Quốc gia TP HCM,7810103_CLC,Quản trị dịch vụ du lịch và lữ hành (Chất lượng cao),C00,27,
QSX,Đại học Khoa học xã hội và Nhân văn - Đại học Quốc gia TP HCM,7340406,Quản trị văn phòng,D01,25.1,
QSX,Đại học Khoa học xã hội và Nhân văn - Đại học Quốc gia TP HCM,7310206_CLC,Quan hệ quốc tế chất lượng cao,D01,25.8,
QSX,Đại học Khoa học xã hội và Nhân văn - Đại học Quốc gia TP HCM,7310601,Quốc tế học,D14 | D15,27,
QSX,Đại học Khoa học xã hội và Nhân văn - Đại học Quốc gia TP HCM,7310601,Quốc tế học,D01,25.75,
QSX,Đại học Khoa học xã hội và Nhân văn - Đại học Quốc gia TP HCM,7310601,Quốc tế học,D09,25.9,
QSX,Đại học Khoa học xã hội và Nhân văn - Đại học Quốc gia TP HCM,7310401,Tâm lý học,B00,25.9,
QSX,Đại học Khoa học xã hội và Nhân văn - Đại học Quốc gia TP HCM,7310403,Tâm lý học giáo dục,D01,25.9,
QSX,Đại học Khoa học xã hội và Nhân văn - Đại học Quốc gia TP HCM,7310403,Tâm lý học giáo dục,B00 | B08,24.2,
QSX,Đại học Khoa học xã hội và Nhân văn - Đại học Quốc gia TP HCM,7310401,Tâm lý học,D01,25.51,
QSX,Đại học Khoa học xã hội và Nhân văn - Đại học Quốc gia TP HCM,7310403,Tâm lý học giáo dục,D14,26.8,
QSX,Đại học Khoa học xã hội và Nhân văn - Đại học Quốc gia TP HCM,7310401,Tâm lý học,C00,25.05,
QSX,Đại học Khoa học xã hội và Nhân văn - Đại học Quốc gia TP HCM,7310401,Tâm lý học,D14,25.58,
QSX,Đại học Khoa học xã hội và Nhân văn - Đại học Quốc gia TP HCM,7320201,Thông tin - thư viện,D14,24.1,
QSX,Đại học Khoa học xã hội và Nhân văn - Đại học Quốc gia TP HCM,7320201,Thông tin - thư viện,D01,23.3,
QSX,Đại học Khoa học xã hội và Nhân văn - Đại học Quốc gia TP HCM,7320201,Thông tin - thư viện,A01,23,
QSX,Đại học Khoa học xã hội và Nhân văn - Đại học Quốc gia TP HCM,7320201,Thông tin - thư viện,C00,26.6,
QSX,Đại học Khoa học xã hội và Nhân văn - Đại học Quốc gia TP HCM,7229009,Tôn giáo học,C00,26,
QSX,Đại học Khoa học xã hội và Nhân văn - Đại học Quốc gia TP HCM,7229009,Tôn giáo học,D14,23.6,
QSX,Đại học Khoa học xã hội và Nhân văn - Đại học Quốc gia TP HCM,7229009,Tôn giáo học,D01,22.8,
QSX,Đại học Khoa học xã hội và Nhân văn - Đại học Quốc gia TP HCM,7229001,Triết học,D14,24.7,
QSX,Đại học Khoa học xã hội và Nhân văn - Đại học Quốc gia TP HCM,7229001,Triết học,C00,26.8,
QSX,Đại học Khoa học xã hội và Nhân văn - Đại học Quốc gia TP HCM,7229001,Triết học,A01,22.5,
QSX,Đại học Khoa học xã hội và Nhân văn - Đại học Quốc gia TP HCM,7229001,Triết học,D01,24.5,
QSX,Đại học Khoa học xã hội và Nhân văn - Đại học Quốc gia TP HCM,7320104,Truyền thông đa phương tiện,D14,27.87,
QSX,Đại học Khoa học xã hội và Nhân văn - Đại học Quốc gia TP HCM,7320104,Truyền thông đa phương tiện,D01,27.1,
QSX,Đại học Khoa học xã hội và Nhân văn - Đại học Quốc gia TP HCM,7320104,Truyền thông đa phương tiện,D15,27.8,
QSX,Đại học Khoa học xã hội và Nhân văn - Đại học Quốc gia TP HCM,7229040,Văn hoá học,D01,25.8,
QSX,Đại học Khoa học xã hội và Nhân văn - Đại học Quốc gia TP HCM,7229040,Văn hoá học,C00,28.2,
QSX,Đại học Khoa học xã hội và Nhân văn - Đại học Quốc gia TP HCM,7229040,Văn hoá học,D15,26.6,
QSX,Đại học Khoa học xã hội và Nhân văn - Đại học Quốc gia TP HCM,7229030,Văn học,D01,25.7,
QSX,Đại học Khoa học xã hội và Nhân văn - Đại học Quốc gia TP HCM,7229030,Văn học,C00,27.7,
QSX,Đại học Khoa học xã hội và Nhân văn - Đại học Quốc gia TP HCM,7229040,Văn hoá học,D14,26.27,
QSX,Đại học Khoa học xã hội và Nhân văn - Đại học Quốc gia TP HCM,7229030,Văn học,D14,26.18,
QSX,Đại học Khoa học xã hội và Nhân văn - Đại học Quốc gia TP HCM,7310630,Việt Nam học,D01,25,
QSX,Đại học Khoa học xã hội và Nhân văn - Đại học Quốc gia TP HCM,7310630,Việt Nam học,D01 | D14,25.5,Việt Nam học
QSX,Đại học Khoa học xã hội và Nhân văn - Đại học Quốc gia TP HCM,7310630,Việt Nam học,D15,25.7,Việt Nam học
QSX,Đại học Khoa học xã hội và Nhân văn - Đại học Quốc gia TP HCM,7310630,Việt Nam học,C00,27.7,Việt Nam học
QSX,Đại học Khoa học xã hội và Nhân văn - Đại học Quốc gia TP HCM,7310301,Xã hội học,C00,27.95,
QSX,Đại học Khoa học xã hội và Nhân văn - Đại học Quốc gia TP HCM,7310301,Xã hội học,A00,24,
QSX,Đại học Khoa học xã hội và Nhân văn - Đại học Quốc gia TP HCM,7310301,Xã hội học,D14,26.35,
QSX,Đại học Khoa học xã hội và Nhân văn - Đại học Quốc gia TP HCM,7310301,Xã hội học,D01,25.65,
DAD,Đại Học Đông Á,7510205DL,Công nghệ kỹ thuật Ô tô (Phân hiệu tại Đắk Lắk),A00,15,
DAD,Đại Học Đông Á,7540101,Công nghệ thực phẩm,A00,15,
DAD,Đại Học Đông Á,7480201,Công nghệ thông tin,A00,15,
DAD,Đại Học Đông Á,7510303DL,Công nghệ kỹ thuật Điều khiển và Tự động hóa,A00,15,
DAD,Đại Học Đông Á,7480201DL,Công nghệ thông tin (Phân hiệu tại Đắk Lắk),A00,15,
DAD,Đại Học Đông Á,7510103,Công nghệ kỹ thuật xây dựng (chuyên ngành Xây dựng dân dụng & Công nghiệp),A00,15,
DAD,Đại Học Đông Á,7510301,"Công nghệ kỹ thuật điện, điện tử",A00,15,
DAD,Đại Học Đông Á,7510103DL,Công nghệ kỹ thuật Xây dựng (Phân hiệu tại Đắk Lắk),A00,15,
DAD,Đại Học Đông Á,7510301DL,Công nghệ kỹ thuật Điện - Điện tử (Phân hiệu tại Đắk Lắk),A00,15,
DAD,Đại Học Đông Á,7540101DL,Công nghệ thực phẩm (Phân hiệu tại Đắk Lắk),A00,15,
DAD,Đại Học Đông Á,7510205,Công nghệ kỹ thuật ô tô,A00,15,
DAD,Đại Học Đông Á,7510303,Công nghệ kỹ thuật điều khiển và tự động hóa,A00,15,
DAD,Đại Học Đông Á,7720301DL,Điều dưỡng (Phân hiệu tại Đắk Lắk),A00,19,
DAD,Đại Học Đông Á,7720301,Điều dưỡng,A00,19,
DAD,Đại Học Đông Á,7720401,Dinh dưỡng,A00,15,
DAD,Đại Học Đông Á,7720201,Dược học,A00,21,
DAD,Đại Học Đông Á,7720302,Hộ sinh,A00,19,
DAD,Đại Học Đông Á,7340301,Kế toán,A00,15,
DAD,Đại Học Đông Á,7340301DL,Kế toán (Phân hiệu tại Đắk Lắk),A00,15,
DAD,Đại Học Đông Á,7480106,Kỹ thuật máy tính,A00,15,
DAD,Đại Học Đông Á,7720603,Kỹ thuật phục hồi chức năng,A00,19,
DAD,Đại Học Đông Á,7510605DL,Logistics và quản lý chuỗi cung ứng (Phân hiệu tại Đắk Lắk),A00,15,
DAD,Đại Học Đông Á,7510605,Logistics và Quản lý chuỗi cung ứng,A00,15,
DAD,Đại Học Đông Á,7380107,Luật kinh tế,A00,15,
DAD,Đại Học Đông Á,7340115,Marketing,A00,15,
DAD,Đại Học Đông Á,7340115DL,Marketing (Phân hiệu tại Đắk Lắk),A00,15,
DAD,Đại Học Đông Á,7380101,Ngành Luật,A00,15,
DAD,Đại Học Đông Á,7340120,Ngành Kinh doanh quốc tế,A00,15,
DAD,Đại Học Đông Á,7220204DL,Ngôn ngữ Trung Quốc (Phân hiệu tại Đắk Lắk),A01,15,
DAD,Đại Học Đông Á,7220209,Ngôn ngữ Nhật,A01,15,
DAD,Đại Học Đông Á,7220201DL,Ngôn ngữ Anh (Phân hiệu tại Đắk Lắk),A01,15,
DAD,Đại Học Đông Á,7220204,Ngôn ngữ Trung Quốc,A01,15,
DAD,Đại Học Đông Á,7220210,Ngôn ngữ Hàn Quốc,A01,15,
DAD,Đại Học Đông Á,7220201,Ngôn ngữ Anh,A01,15,
DAD,Đại Học Đông Á,7620101DL,Nông nghiệp (Phân hiệu tại Đắk Lắk),A00,15,
DAD,Đại Học Đông Á,7620101,Nông nghiệp,A00,15,
DAD,Đại Học Đông Á,7340406,Quản trị văn phòng,A00,15,
DAD,Đại Học Đông Á,7340404,Quản trị nhân lực,A00,15,
DAD,Đại Học Đông Á,7229042,Quản lý văn hoá,A00,15,
DAD,Đại Học Đông Á,7810201DL,Quản trị khách sạn (Phân hiệu tại Đắk Lắk),C00,15,
DAD,Đại Học Đông Á,7810103,Quản trị dịch vụ du lịch và lữ hành,C00,15,
DAD,Đại Học Đông Á,7340101,Quản trị Kinh doanh,A00,15,
DAD,Đại Học Đông Á,7310206DL,Quan hệ quốc tế (Phân hiệu tại Đắk Lắk),A00,15,
DAD,Đại Học Đông Á,7810201,Quản trị khách sạn,C00,15,
DAD,Đại Học Đông Á,7340101DL,Quản trị kinh doanh (Phân hiệu tại Đắk Lắk),A00,15,
DAD,Đại Học Đông Á,7310206,Quan hệ quốc tế,A00,15,
DAD,Đại Học Đông Á,7810103DL,Quản trị DV Du lịch và Lữ hành (Phân hiệu tại Đắk Lắk),C00,15,
DAD,Đại Học Đông Á,7810202,Quản trị nhà hàng và dịch vụ ăn uống,C00,15,
DAD,Đại Học Đông Á,7340201DL,Tài chính ngân hàng (Phân hiệu tại Đắk Lắk),A00,15,
DAD,Đại Học Đông Á,7340201,Tài chính – Ngân hàng,A00,15,
DAD,Đại Học Đông Á,7310401,Tâm lý học,A00,15,
DAD,Đại Học Đông Á,7210404,Thiết kế thời trang,A00,15,
DAD,Đại Học Đông Á,7340122,Thương mại điện tử,A00,15,
DAD,Đại Học Đông Á,7340122DL,Thương mại điện tử (Phân hiệu tại Đắk Lắk),A00,15,
DAD,Đại Học Đông Á,7480107,Trí tuệ nhân tạo,A00,15,
DAD,Đại Học Đông Á,7480107DL,Trí tuệ nhân tạo (Phân hiệu tại Đắk Lắk),A00,15,
DAD,Đại Học Đông Á,7320104,Truyền thông đa phương tiện,A00,15,
DAD,Đại Học Đông Á,7320104DL,Truyền thông đa phương tiện (Phân hiệu tại Đắk Lắk),A00,15,
DHC,Khoa Giáo Dục Thể Chất - Đại học Huế,7140206,Giáo dục Thể chất,T00 | T02 | T05 | T07,27.1,
MTU,Đại học Xây dựng Miền Tây,7340301,Kế toán,A00,15,
MTU,Đại học Xây dựng Miền Tây,7580101,Kiến trúc,V00,15,
MTU,Đại học Xây dựng Miền Tây,7580205,Kỹ thuật xây dựng công trình giao thông,A00,15,
MTU,Đại học Xây dựng Miền Tây,7480103,Kỹ thuật phần mềm,A00,15,
MTU,Đại học Xây dựng Miền Tây,7580201,Kỹ thuật xây dựng,A00,14.5,
MTU,Đại học Xây dựng Miền Tây,7580213,Kỹ thuật cấp thoát nước,A00,15,
MTU,Đại học Xây dựng Miền Tây,7520320,Ngành Kỹ thuật môi trường,A00,15,
MTU,Đại học Xây dựng Miền Tây,7580106,Quản lý đô thị và công trình,A00,15,
QSK,"Đại học Kinh tế - Luật, Đại học Quốc gia TP HCM",7340205_414,Công nghệ tài chính,A00 | A01 | D01 | D07,26.54,
QSK,"Đại học Kinh tế - Luật, Đại học Quốc gia TP HCM",7340205_414H,Công nghệ tài chính hợp tác doanh nghiệp,A00 | A01 | D01 | D07,26.45,
QSK,"Đại học Kinh tế - Luật, Đại học Quốc gia TP HCM",7340405_406H,Hệ thống thông tin quản lý hợp tác doanh nghiệp,A00 | A01 | D01 | D07,27.25,
QSK,"Đại học Kinh tế - Luật, Đại học Quốc gia TP HCM",7340405_416,"Hệ thống thông tin Quản lý, chuyên ngành Kinh doanh số và Trí tuệ nhân tạo",A00 | A01 | D01 | D07,26.4,
QSK,"Đại học Kinh tế - Luật, Đại học Quốc gia TP HCM",7340405_406,Hệ thống thông tin quản lý,A00 | A01 | D01 | D07,26.35,
QSK,"Đại học Kinh tế - Luật, Đại học Quốc gia TP HCM",7340301_405E,Kế toán tiếng Anh tích hợp chứng chỉ quốc tế ICAEW,A00 | A01 | D01 | D07,25.7,
QSK,"Đại học Kinh tế - Luật, Đại học Quốc gia TP HCM",7340301_405,Kế toán,A00 | A01 | D01 | D07,26.17,
QSK,"Đại học Kinh tế - Luật, Đại học Quốc gia TP HCM",7340302_409,Kiểm toán,A00 | A01 | D01 | D07,26.38,
QSK,"Đại học Kinh tế - Luật, Đại học Quốc gia TP HCM",7310101_403,Kinh tế và Quản lý công,A00 | A01 | D01 | D07,25.64,
QSK,"Đại học Kinh tế - Luật, Đại học Quốc gia TP HCM",7310101_401,Kinh tế học,A00 | A01 | D01 | D07,25.89,
QSK,"Đại học Kinh tế - Luật, Đại học Quốc gia TP HCM",7310106_402,Kinh tế đối ngoại,A00 | A01 | D01 | D07,26.55,
QSK,"Đại học Kinh tế - Luật, Đại học Quốc gia TP HCM",7340120408E,Kinh doanh quốc tế bằng tiếng Anh,A00 | A01 | D01 | D07,25.75,
QSK,"Đại học Kinh tế - Luật, Đại học Quốc gia TP HCM",7340120_408,Kinh doanh quốc tế,A00 | A01 | D01 | D07,26.71,
QSK,"Đại học Kinh tế - Luật, Đại học Quốc gia TP HCM",7380107_502E,Luật kinh tế (tiếng Anh),A00 | A01 | D01 | D07,25.25,
QSK,"Đại học Kinh tế - Luật, Đại học Quốc gia TP HCM",7380101_504,Luật Tài chính - Ngân hàng,A00 | A01 | D01 | D07,25.41,
QSK,"Đại học Kinh tế - Luật, Đại học Quốc gia TP HCM",7380107_501,Luật kinh doanh,A00 | A01 | D01 | D07,26.07,
QSK,"Đại học Kinh tế - Luật, Đại học Quốc gia TP HCM",7380101_503,Luật dân sự,A00 | A01 | D01 | D07,25.25,
QSK,"Đại học Kinh tế - Luật, Đại học Quốc gia TP HCM",7380101_505,Luật (Luật và Chính sách công),A00 | A01 | D01 | D07,25.24,
QSK,"Đại học Kinh tế - Luật, Đại học Quốc gia TP HCM",7380107_502,Luật thương mại quốc tế,A00 | A01 | D01 | D07,26.09,
QSK,"Đại học Kinh tế - Luật, Đại học Quốc gia TP HCM",7340115_410,Marketing,A00 | A01 | D01 | D07,26.87,
QSK,"Đại học Kinh tế - Luật, Đại học Quốc gia TP HCM",7340115_417,Marketing Kỹ thuật số,A00 | A01 | D01 | D07,27.1,
QSK,"Đại học Kinh tế - Luật, Đại học Quốc gia TP HCM",7340115_410E,Marketing (tiếng Anh),A00 | A01 | D01 | D07,25.75,
QSK,"Đại học Kinh tế - Luật, Đại học Quốc gia TP HCM",7310108_419,Phân tích dữ liệu,A00 | A01 | D01 | D07,26.4,
QSK,"Đại học Kinh tế - Luật, Đại học Quốc gia TP HCM",7340403_418,Quản lý công,A00 | A01 | D01 | D07,24.39,
QSK,"Đại học Kinh tế - Luật, Đại học Quốc gia TP HCM",7340101_415,Quản trị kinh doanh (Quản trị du lịch và lữ hành),A00 | A01 | D01 | D07,25.33,
QSK,"Đại học Kinh tế - Luật, Đại học Quốc gia TP HCM",7340101_407,Quản trị kinh doanh,A00 | A01 | D01 | D07,26.33,
QSK,"Đại học Kinh tế - Luật, Đại học Quốc gia TP HCM",7340101_407E,Quản trị kinh doanh (tiếng Anh),A00 | A01 | D01 | D07,25.5,
QSK,"Đại học Kinh tế - Luật, Đại học Quốc gia TP HCM",7340201_404,Tài chính - Ngân hàng,A00 | A01 | D01 | D07,26.17,
QSK,"Đại học Kinh tế - Luật, Đại học Quốc gia TP HCM",7340201_404E,Tài chính - Ngân hàng bằng tiếng Anh,A00 | A01 | D01 | D07,25.2,
QSK,"Đại học Kinh tế - Luật, Đại học Quốc gia TP HCM",7340122_411,Thương mại điện tử,A00 | A01 | D01 | D07,27.44,
QSK,"Đại học Kinh tế - Luật, Đại học Quốc gia TP HCM",7340122_411E,Thương mại điện tử (tiếng Anh),A00 | A01 | D01 | D07,25.89,
QSK,"Đại học Kinh tế - Luật, Đại học Quốc gia TP HCM",7310108_413,"Toán kinh tế (Toán ứng dụng trong kinh tế, quản trị và tài chính)",A00 | A01 | D01 | D07,26.22,
QSK,"Đại học Kinh tế - Luật, Đại học Quốc gia TP HCM",7310108_413E,"Toán kinh tế, chuyên ngành ứng dụng trong Kinh tế, Quản trị và Tài chính",A00 | A01 | D01 | D07,25.61,
DHF,Đại học Ngoại Ngữ - Đại học Huế,7220210,Ngôn ngữ Hàn Quốc,D01 | D14 | D15,24.5,
DHF,Đại học Ngoại Ngữ - Đại học Huế,7220202,Ngôn ngữ Nga,D01 | D02 | D15 | D42,15,
DHF,Đại học Ngoại Ngữ - Đại học Huế,7220204,Ngôn ngữ Trung Quốc,D01 | D04 | D15 | D45,24.5,
DHF,Đại học Ngoại Ngữ - Đại học Huế,7220201,Ngôn ngữ Anh,D01 | D14 | D15,21.5,
DHF,Đại học Ngoại Ngữ - Đại học Huế,7220203,Ngôn ngữ Pháp,D01 | D03 | D15 | D44,15,
DHF,Đại học Ngoại Ngữ - Đại học Huế,7220209,Ngôn ngữ Nhật,D01 | D06 | D15 | D43,20.5,
DHF,Đại học Ngoại Ngữ - Đại học Huế,7310601,Quốc tế học,D01 | D14 | D15,15,
DHF,Đại học Ngoại Ngữ - Đại học Huế,7140234,Sư phạm Tiếng Trung Quốc,D01 | D04 | D15 | D45,26.5,
DHF,Đại học Ngoại Ngữ - Đại học Huế,7140231,Sư phạm Tiếng Anh,D01 | D14 | D15,21.7,
DHF,Đại học Ngoại Ngữ - Đại học Huế,7140233,Sư phạm Tiếng Pháp,D01 | D03 | D15 | D44,19,
DHF,Đại học Ngoại Ngữ - Đại học Huế,7310630,Việt Nam học,D01 | D14 | D15,15,Ngành Việt Nam học
KGH,Trường Sĩ Quan Không Quân - Hệ Đại học,7860203|20A01,Ngành phi công quân sự (Thí sinh nam toàn quốc),A00 | A01,21.05,
KGH,Trường Sĩ Quan Không Quân - Hệ Đại học,7860203|20A01,Ngành phi công quân sự (Thí sinh nam toàn quốc),A01,22.35,
KGH,Trường Sĩ Quan Không Quân - Hệ Đại học,7860203|20A00,Ngành phi công quân sự (Thí sinh nam toàn quốc),A00,22.35,
QHI,Đại học Công nghệ - Đại học Quốc gia Hà Nội,CN4,Cơ kỹ thuật,A00 | A01 | D01,26.03,
QHI,Đại học Công nghệ - Đại học Quốc gia Hà Nội,CN9,Công nghệ kỹ thuật điện tử - viễn thông,A00 | A01 | D01,26.3,
QHI,Đại học Công nghệ - Đại học Quốc gia Hà Nội,CN10,Công nghệ nông nghiệp*,A00 | A01 | B00,22.5,
QHI,Đại học Công nghệ - Đại học Quốc gia Hà Nội,CN1,Công nghệ Thông tin,A00 | A01 | D01,27.8,
QHI,Đại học Công nghệ - Đại học Quốc gia Hà Nội,CN5,Công nghệ kỹ thuật xây dựng,A00 | A01 | D01,23.91,
QHI,Đại học Công nghệ - Đại học Quốc gia Hà Nội,CN6,Công nghệ kỹ thuật cơ điện tử,A00 | A01 | D01,26.27,
QHI,Đại học Công nghệ - Đại học Quốc gia Hà Nội,CN7,Công nghệ Hàng không vũ trụ,A00 | A01 | D01,24.61,
QHI,Đại học Công nghệ - Đại học Quốc gia Hà Nội,CN14,Hệ thống thông tin,A00 | A01 | D01,26.87,
QHI,Đại học Công nghệ - Đại học Quốc gia Hà Nội,CN8,Khoa học máy tính,A00 | A01 | D01,27.58,
QHI,Đại học Công nghệ - Đại học Quốc gia Hà Nội,CN11,Kỹ thuật điều khiển và tự động hóa,A00 | A01 | D01,27.05,
QHI,Đại học Công nghệ - Đại học Quốc gia Hà Nội,CN17,Kỹ thuật Robot,A00 | A01 | D01,25.99,
QHI,Đại học Công nghệ - Đại học Quốc gia Hà Nội,CN13,Kỹ thuật năng lượng,A00 | A01 | D01,24.59,
QHI,Đại học Công nghệ - Đại học Quốc gia Hà Nội,CN15,Mạng máy tính và truyền thông dữ liệu,A00 | A01 | D01,26.92,
QHI,Đại học Công nghệ - Đại học Quốc gia Hà Nội,CN2,Máy tính và Robot,A00 | A01 | D01,26.97,
QHI,Đại học Công nghệ - Đại học Quốc gia Hà Nội,CN18,Thiết kế công nghiệp và đồ họa,A00 | A01 | D01,24.64,
QHI,Đại học Công nghệ - Đại học Quốc gia Hà Nội,CN12,Trí tuệ nhân tạo,A00 | A01 | D01,27.12,
QHI,Đại học Công nghệ - Đại học Quốc gia Hà Nội,CN3,Vật lý kỹ thuật,A00 | A01 | D01,25.24,
LPH,Đại học Luật Hà Nội,7380107,Luật kinh tế,C00,28.85,
LPH,Đại học Luật Hà Nội,7380107,Luật kinh tế,A00 | A01 | D01 | D02 | D03 | D04 | D05 | D06,26.9,
LPH,Đại học Luật Hà Nội,7380109,Luật Thương mại Quốc tế,A01 | D01,26,
LPH,Đại học Luật Hà Nội,7380101,Ngành Luật,A00 | A01 | C00 | D01 | D03 | D04 | D05 | D06,22.85,Phân hiệu Đắk Lắk
LPH,Đại học Luật Hà Nội,7380101,Ngành Luật,D01 | D03 | D04 | D05 | D06,26.25,
LPH,Đại học Luật Hà Nội,7380101,Ngành Luật,C00,28.15,
LPH,Đại học Luật Hà Nội,7380101,Ngành Luật,A00 | A01,26.15,
LPH,Đại học Luật Hà Nội,7220201,Ngôn ngữ Anh,D01,25.25,
LPH,Đại học Luật Hà Nội,7220201,Ngôn ngữ Anh,A01,24.65,
DTL,Đại học Thăng Long,7480201,Công nghệ thông tin,A00 | A01,22,
DTL,Đại học Thăng Long,7720301,Điều dưỡng,B00,19,
DTL,Đại học Thăng Long,7340301,Kế toán,A00 | A01 | D01 | D07,23.86,
DTL,Đại học Thăng Long,7480101,Khoa học máy tính,A00 | A01,22,
DTL,Đại học Thăng Long,7340106,Kinh tế quốc tế,A00 | A01 | D01 | D07,23.8,
DTL,Đại học Thăng Long,7510605,Logistics và Quản lý chuỗi cung ứng,A00 | A01 | D01 | D07,24.49,
DTL,Đại học Thăng Long,7380107,Luật kinh tế,A00 | A01 | C00 | D01,25.8,
DTL,Đại học Thăng Long,7340115,Marketing,A00 | A01 | D01 | D07,24.97,
DTL,Đại học Thăng Long,7220204,Ngôn ngữ Trung Quốc,D01 | D04 | D78 | D90,25.4,
DTL,Đại học Thăng Long,7220201,Ngôn ngữ Anh,D01 | D78 | D90,24.58,
DTL,Đại học Thăng Long,7220210,Ngôn ngữ Hàn Quốc,D01 | D78 | D90,24.75,
DTL,Đại học Thăng Long,7220209,Ngôn ngữ Nhật,D01 | D06 | D78 | D90,23.02,
DTL,Đại học Thăng Long,7340101,Quản trị Kinh doanh,A00 | A01 | D01 | D07,23.61,
DTL,Đại học Thăng Long,7810103,Quản trị dịch vụ du lịch và lữ hành,A00 | A01 | D01 | D07,23.33,
DTL,Đại học Thăng Long,7810201,Quản trị khách sạn,A00 | A01 | D01 | D07,22.85,
DTL,Đại học Thăng Long,7340201,Tài chính – Ngân hàng,A00 | A01 | D01 | D07,24.31,
DTL,Đại học Thăng Long,7210403,Thiết kế đồ họa,H00 | H01 | H04 | V00,21,
DTL,Đại học Thăng Long,7340122,Thương mại điện tử,A00 | A01 | D01 | D07,25,
DTL,Đại học Thăng Long,7480207,Trí tuệ nhân tạo,A00 | A01,22,
DTL,Đại học Thăng Long,7320104,Truyền thông đa phương tiện,A00 | A01 | C00 | D01,26.52,
DTL,Đại học Thăng Long,7310630,Việt Nam học,C00 | D01 | D14 | D15,23.75,Việt Nam học
QSC,Đại học Công nghệ Thông tin - Đại học Quốc gia TP HCM,7480202,An toàn thông tin,A00 | A01 | D01 | D07,26.77,
QSC,Đại học Công nghệ Thông tin - Đại học Quốc gia TP HCM,7480201_N,Công nghệ thông tin (Việt - Nhật),A00 | A01 | D01 | D06,25.55,
QSC,Đại học Công nghệ Thông tin - Đại học Quốc gia TP HCM,7480201,Công nghệ thông tin,A00 | A01 | D01 | D07,27.1,
QSC,Đại học Công nghệ Thông tin - Đại học Quốc gia TP HCM,7480104,Hệ thống thông tin,A00 | A01 | D01 | D07,26.25,
QSC,Đại học Công nghệ Thông tin - Đại học Quốc gia TP HCM,7480104_TT,Hệ thống thông tin chương trình tiên tiến,A01 | D01 | D07,25.55,
QSC,Đại học Công nghệ Thông tin - Đại học Quốc gia TP HCM,7480109,Khoa học Dữ liệu,A00 | A01 | D01 | D07,27.5,
QSC,Đại học Công nghệ Thông tin - Đại học Quốc gia TP HCM,7480101,Khoa học máy tính,A00 | A01 | D01 | D07,27.3,
QSC,Đại học Công nghệ Thông tin - Đại học Quốc gia TP HCM,7480106,Kỹ thuật máy tính,A00 | A01,26.25,
QSC,Đại học Công nghệ Thông tin - Đại học Quốc gia TP HCM,7480103,Kỹ thuật phần mềm,A00 | A01 | D01 | D07,26.85,
QSC,Đại học Công nghệ Thông tin - Đại học Quốc gia TP HCM,7480102,Mạng máy tính và truyền thông dữ liệu,A00 | A01 | D01 | D07,25.7,
QSC,Đại học Công nghệ Thông tin - Đại học Quốc gia TP HCM,7340122,Thương mại điện tử,A00 | A01 | D01 | D07,26.12,
QSC,Đại học Công nghệ Thông tin - Đại học Quốc gia TP HCM,7480107,Trí tuệ nhân tạo,A00 | A01 | D01 | D07,28.3,Trí tuệ nhân tạo
DPY,Đại học Phú Yên,7140201,Giáo dục Mầm non,M01,24.4,
DPY,Đại học Phú Yên,7140202,Giáo dục Tiểu học,A00,25.75,
DPY,Đại học Phú Yên,7140217,Sư phạm Ngữ văn,C00,25.73,
DPY,Đại học Phú Yên,7140209,Sư phạm Toán học,A00,25.7,
DPY,Đại học Phú Yên,7140247,Sư phạm khoa học tự nhiên,A00,24.02,
HGH,Trường Sĩ Quan Phòng Hóa,7860229|22A00,Chỉ huy Kỹ thuật Hóa học (Thí sinh Nam miền Nam),A00,21.25,
HGH,Trường Sĩ Quan Phòng Hóa,7860229|21A01,Ngành Chỉ huy Kỹ thuật Hóa học (Thí sinh Nam miền Bắc),A01,22.55,
HGH,Trường Sĩ Quan Phòng Hóa,7860229|21A00,Ngành Chỉ huy Kỹ thuật Hóa học (Thí sinh Nam miền Bắc),A00,22.55,
HGH,Trường Sĩ Quan Phòng Hóa,7860229|22A01,Ngành Chỉ huy Kỹ thuật Hóa học (Thí sinh Nam miền Nam),A01,21.25,
HVQ,Học viện Quản Lý Giáo Dục,7140101,Giáo dục học,A00 | B00 | C00 | D01,15,
HVQ,Học viện Quản Lý Giáo Dục,7310101,Kinh tế,A00 | A01 | D01 | D10,15,
HVQ,Học viện Quản Lý Giáo Dục,7220201,Ngôn ngữ Anh,A01 | D01 | D10 | D14,22.5,
HVQ,Học viện Quản Lý Giáo Dục,7140114,Quản lý giáo dục,A00 | A01 | C00 | D01,15,
HVQ,Học viện Quản Lý Giáo Dục,7340101,Quản trị Kinh doanh,A00 | A01 | C00 | D01,15,
HVQ,Học viện Quản Lý Giáo Dục,7310403,Tâm lý học giáo dục,A00 | B00 | C00 | D01,20,
STS,Đại học Sư phạm Thể dục thể thao TP HCM,7140206,Giáo dục Thể chất,T00,25.24,
TGH,Trường Sĩ  Quan Tăng - Thiết Giáp,7860206|21A01,Ngành Chỉ huy tham mưu Tăng thiết giáp (Thí sinh Nam miền Bắc),A01,22.55,
TGH,Trường Sĩ  Quan Tăng - Thiết Giáp,7860206|21A00,Ngành Chỉ huy tham mưu Tăng thiết giáp (Thí sinh Nam miền Bắc),A00,22.55,
TGH,Trường Sĩ  Quan Tăng - Thiết Giáp,7860206|22A01,Ngành Chỉ huy tham mưu Tăng thiết giáp (Thí sinh Nam miền Nam),A01,22.45,
TGH,Trường Sĩ  Quan Tăng - Thiết Giáp,7860206|22A00,Ngành Chỉ huy tham mưu Tăng thiết giáp (Thí sinh Nam miền Nam),A00,22.45,
DTZ,Đại học Khoa Học - Đại học Thái Nguyên,7320101,Báo chí,C00 | C14 | D01 | D84,16,
DTZ,Đại học Khoa Học - Đại học Thái Nguyên,7420201,Công nghệ sinh học,A00 | B00 | B08 | D07,16,
DTZ,Đại học Khoa Học - Đại học Thái Nguyên,7760101,Công tác xã hội,C00 | C14 | D01 | D84,16,
DTZ,Đại học Khoa Học - Đại học Thái Nguyên,7510401,Công nghệ kỹ thuật hoá học,A00 | A16 | B00 | C14,16,
DTZ,Đại học Khoa Học - Đại học Thái Nguyên,7810101,Du lịch,C00 | C04 | C20 | D01,16,
DTZ,Đại học Khoa Học - Đại học Thái Nguyên,7310614,Hàn Quốc học,C00 | D01 | D66,16,
DTZ,Đại học Khoa Học - Đại học Thái Nguyên,7440112,Hóa học,A00 | B00 | C08 | D07,16.5,
DTZ,Đại học Khoa Học - Đại học Thái Nguyên,7340401,Khoa học quản lý,C00 | C14 | D01 | D84,16,
DTZ,Đại học Khoa Học - Đại học Thái Nguyên,7229010,Lịch sử,C00 | C14 | D01 | D84,18,
DTZ,Đại học Khoa Học - Đại học Thái Nguyên,7380101,Ngành Luật,C00 | C14 | C20 | D01,16,
DTZ,Đại học Khoa Học - Đại học Thái Nguyên,7810101_HG,"Ngành Du lịch, Đào tạo tại Hà Giang",C00 | C04 | C20 | D01,16,
DTZ,Đại học Khoa Học - Đại học Thái Nguyên,7220201_HG,Ngôn ngữ Anh đào tạo tại Hà Giang,D01 | D14 | D15 | D66,16,
DTZ,Đại học Khoa Học - Đại học Thái Nguyên,7220201_AT,Ngôn ngữ Anh (Song ngữ Anh - Trung),D01 | D14 | D15 | D66,16,
DTZ,Đại học Khoa Học - Đại học Thái Nguyên,7220201_LC,Ngôn ngữ Anh đào tạo tại Lào Cai,D01 | D14 | D15 | D66,16,
DTZ,Đại học Khoa Học - Đại học Thái Nguyên,7220201_AH,Ngôn ngữ Anh (Song ngữ Anh - Hàn),D01 | D14 | D15 | D66,16,Ngôn ngữ Anh đào tạo tại Lào Cai
DTZ,Đại học Khoa Học - Đại học Thái Nguyên,7220201,Ngôn ngữ Anh,D01 | D14 | D15 | D66,16,
DTZ,Đại học Khoa Học - Đại học Thái Nguyên,7810103,Quản trị dịch vụ du lịch và lữ hành,C00 | C20 | D01 | D66,16,
DTZ,Đại học Khoa Học - Đại học Thái Nguyên,7810301,Quản lý thể dục thể thao,C00 | C14 | D01 | D84,16,
DTZ,Đại học Khoa Học - Đại học Thái Nguyên,7850101,Quản lý tài nguyên và môi trường,A00 | B00 | C20 | D01,16,
DTZ,Đại học Khoa Học - Đại học Thái Nguyên,7320201,Thông tin - thư viện,C00 | C14 | D01 | D84,16,
DTZ,Đại học Khoa Học - Đại học Thái Nguyên,7460117,Toán tin,A00 | C14 | D01 | D84,16.5,
DTZ,Đại học Khoa Học - Đại học Thái Nguyên,7460101,Toán học,A00 | C14 | D01 | D84,18,
DTZ,Đại học Khoa Học - Đại học Thái Nguyên,7310612,Trung Quốc học,C00 | D01 | D04 | D66,18,
DTZ,Đại học Khoa Học - Đại học Thái Nguyên,7220112,Văn hoá các dân tộc thiểu số Việt Nam,C00 | C14 | D01 | D84,16,
DTZ,Đại học Khoa Học - Đại học Thái Nguyên,7229030,Văn học,C00 | C14 | D01 | D84,18,
DTZ,Đại học Khoa Học - Đại học Thái Nguyên,7440102,Vật lý học,A00 | A01 | C01 | D07,16,Chuyên ngành Công nghệ bán dẫn
HSU,Đại học Hoa Sen,7340205,Công nghệ tài chính,A00 | A01 | D01 | D03 | D09,16,
HSU,Đại học Hoa Sen,7480201,Công nghệ thông tin,A00 | A01 | D01 | D03 | D07 | D28,18,
HSU,Đại học Hoa Sen,7340301,Kế toán,A00 | A01 | D01 | D03 | D09,16,
HSU,Đại học Hoa Sen,7310113,Kinh tế thể thao,A00 | A01 | D01 | D03 | D09,19,
HSU,Đại học Hoa Sen,7480103,Kỹ thuật phần mềm,A00 | A01 | D01 | D03 | D07 | D28,18,
HSU,Đại học Hoa Sen,7510605,Logistics và Quản lý chuỗi cung ứng,A00 | A01 | D01 | D03 | D09,16,
HSU,Đại học Hoa Sen,7380107,Luật kinh tế,A00 | A01 | D01 | D03 | D09,17,
HSU,Đại học Hoa Sen,7340114,Marketing kỹ thuật số,A00 | A01 | D01 | D03 | D09,17,
HSU,Đại học Hoa Sen,7340115,Marketing,A00 | A01 | D01 | D03 | D09,18,
HSU,Đại học Hoa Sen,7340120,Ngành Kinh doanh quốc tế,A00 | A01 | D01 | D03 | D09,16,
HSU,Đại học Hoa Sen,7380101,Ngành Luật,A00 | A01 | D01 | D03 | D09,16,
HSU,Đại học Hoa Sen,7210408,Nghệ thuật số,A00 | D01 | D09 | D14,15,
HSU,Đại học Hoa Sen,7220204,Ngôn ngữ Trung Quốc,A01 | D01 | D04 | D09,16,
HSU,Đại học Hoa Sen,7220201,Ngôn ngữ Anh,A01 | D01 | D09 | D14,18,
HSU,Đại học Hoa Sen,7340412,Quản trị sự kiện,A00 | A01 | D01 | D03 | D09,16,
HSU,Đại học Hoa Sen,7320108,Quan hệ công chúng,A00 | A01 | D01 | D03 | D09,17,
HSU,Đại học Hoa Sen,7810202,Quản trị nhà hàng và dịch vụ ăn uống,A00 | A01 | D01 | D03 | D09,17,
HSU,Đại học Hoa Sen,7340410,Quản trị công nghệ truyền thông*,A00 | A01 | D01 | D03 | D09,16,
HSU,Đại học Hoa Sen,7340404,Quản trị nhân lực,A00 | A01 | D01 | D03 | D09,16,
HSU,Đại học Hoa Sen,7340101,Quản trị Kinh doanh,A00 | A01 | D01 | D03 | D09,16,
HSU,Đại học Hoa Sen,7810201,Quản trị khách sạn,A00 | A01 | D01 | D03 | D09,16,
HSU,Đại học Hoa Sen,7810103,Quản trị dịch vụ du lịch và lữ hành,A00 | A01 | D01 | D03 | D09,16,
HSU,Đại học Hoa Sen,7340201,Tài chính – Ngân hàng,A00 | A01 | D01 | D03 | D09,16,
HSU,Đại học Hoa Sen,7310401,Tâm lý học,A01 | D01 | D08 | D09,17,
HSU,Đại học Hoa Sen,7210403,Thiết kế đồ họa,A00 | D01 | D09 | D14,15,
HSU,Đại học Hoa Sen,7580108,Thiết kế nội thất,A00 | D01 | D09 | D14,15,
HSU,Đại học Hoa Sen,7210404,Thiết kế thời trang,A00 | D01 | D09 | D14,15,
HSU,Đại học Hoa Sen,7340122,Thương mại điện tử,A00 | A01 | D01 | D03 | D09,17,
HSU,Đại học Hoa Sen,7480107,Trí tuệ nhân tạo,A00 | A01 | D01 | D03 | D07 | D28,18,
HSU,Đại học Hoa Sen,7320104,Truyền thông đa phương tiện,A00 | A01 | D01 | D03 | D09,17,
DTV,Đại Học Lương Thế Vinh,7510301,"Công nghệ kỹ thuật điện, điện tử",A00 | A01 | C01,15,
DTV,Đại Học Lương Thế Vinh,7480201,Công nghệ thông tin,A00 | A01 | C01,15,
DTV,Đại Học Lương Thế Vinh,7340301,Kế toán,A00 | A01 | C01,15,
DTV,Đại Học Lương Thế Vinh,7580201,Kỹ thuật xây dựng,A00 | A01 | C01,15,
DTV,Đại Học Lương Thế Vinh,7580205,Kỹ thuật xây dựng công trình giao thông,A00 | A01 | C01,15,
DTV,Đại Học Lương Thế Vinh,7220201,Ngôn ngữ Anh,C00 | D01 | D07 | D14,15,
DTV,Đại Học Lương Thế Vinh,7340101,Quản trị Kinh doanh,A00 | A01 | C01,15,
DTV,Đại Học Lương Thế Vinh,7340201,Tài chính – Ngân hàng,A00 | A01 | C01,15,
DTV,Đại Học Lương Thế Vinh,7640101,Thú y,A02 | B00 | B03,15,
DTV,Đại Học Lương Thế Vinh,7720115,Y học cổ truyền,A00 | B00 | D07 | D08,24,
DTE,Đại học Kinh Tế  & Quản Trị Kinh Doanh - Đại học Thái Nguyên,7340301,Kế toán,A00 | A01 | D01 | D07,18,
DTE,Đại học Kinh Tế  & Quản Trị Kinh Doanh - Đại học Thái Nguyên,7310105,Kinh tế phát triển,A00 | A01 | C04 | D01,17,
DTE,Đại học Kinh Tế  & Quản Trị Kinh Doanh - Đại học Thái Nguyên,7310104,Kinh tế đầu tư,A00 | A01 | C04 | D01,17,
DTE,Đại học Kinh Tế  & Quản Trị Kinh Doanh - Đại học Thái Nguyên,7310101,Kinh tế,A00 | A01 | C04 | D01,17,
DTE,Đại học Kinh Tế  & Quản Trị Kinh Doanh - Đại học Thái Nguyên,7510605,Logistics và Quản lý chuỗi cung ứng,A00 | A01 | C01 | D01,19,
DTE,Đại học Kinh Tế  & Quản Trị Kinh Doanh - Đại học Thái Nguyên,7380107,Luật kinh tế,A00 | C00 | D01 | D14,18,
DTE,Đại học Kinh Tế  & Quản Trị Kinh Doanh - Đại học Thái Nguyên,7340115-TA,Marketing (Quản trị Marketing - chương trình dạy và học bằng tiếng Anh),A00 | A01 | C04 | D01,20,
DTE,Đại học Kinh Tế  & Quản Trị Kinh Doanh - Đại học Thái Nguyên,7340115,Marketing,A00 | A01 | C04 | D01,18.5,
DTE,Đại học Kinh Tế  & Quản Trị Kinh Doanh - Đại học Thái Nguyên,7340120,Ngành Kinh doanh quốc tế,A00 | A01 | C04 | D01,17,
DTE,Đại học Kinh Tế  & Quản Trị Kinh Doanh - Đại học Thái Nguyên,7810103-TA,Quản trị dịch vụ du lịch và lữ hành - chương trình dạy và học bằng tiếng Anh,A00 | A01 | C04 | D01,20,
DTE,Đại học Kinh Tế  & Quản Trị Kinh Doanh - Đại học Thái Nguyên,7810103,Quản trị dịch vụ du lịch và lữ hành,A00 | C00 | C04 | D01,18,
DTE,Đại học Kinh Tế  & Quản Trị Kinh Doanh - Đại học Thái Nguyên,7340101,Quản trị Kinh doanh,A00 | A01 | C04 | D01,18.5,
DTE,Đại học Kinh Tế  & Quản Trị Kinh Doanh - Đại học Thái Nguyên,7340403,Quản lý công,A00 | A01 | C01 | D01,17,
DTE,Đại học Kinh Tế  & Quản Trị Kinh Doanh - Đại học Thái Nguyên,7340101-TA,Quản trị kinh doanh - chương trình dạy và học bằng tiếng Anh,A00 | A01 | C01 | D01,20,
DTE,Đại học Kinh Tế  & Quản Trị Kinh Doanh - Đại học Thái Nguyên,7340404,Quản trị nhân lực,A00 | C00 | D01 | D14,18,
DTE,Đại học Kinh Tế  & Quản Trị Kinh Doanh - Đại học Thái Nguyên,7340201,Tài chính – Ngân hàng,A00 | A01 | C01 | D01,18,
DTE,Đại học Kinh Tế  & Quản Trị Kinh Doanh - Đại học Thái Nguyên,7340201-TA,Tài chính – Ngân hàng - chương trình dạy và học bằng tiếng Anh,A00 | A01 | C01 | D01,20,
DDQ,Đại học Kinh Tế - Đại học Đà Nẵng,7340205,Công nghệ tài chính,A00 | A01 | D01 | D90,25.5,
DDQ,Đại học Kinh Tế - Đại học Đà Nẵng,7340405,Hệ thống thông tin,A00 | A01 | D01 | D90,24,
DDQ,Đại học Kinh Tế - Đại học Đà Nẵng,7340301,Kế toán,A00 | A01 | D01 | D90,24.25,
DDQ,Đại học Kinh Tế - Đại học Đà Nẵng,7460108,Khoa học dữ liệu (Data Science),A00 | A01 | D01 | D90,24.75,
DDQ,Đại học Kinh Tế - Đại học Đà Nẵng,7340302,Kiểm toán,A00 | A01 | D01 | D90,25.25,
DDQ,Đại học Kinh Tế - Đại học Đà Nẵng,7340121,Kinh doanh thương mại,A00 | A01 | D01 | D90,25.75,
DDQ,Đại học Kinh Tế - Đại học Đà Nẵng,7310101,Kinh tế,A00 | A01 | D01 | D90,24.5,
DDQ,Đại học Kinh Tế - Đại học Đà Nẵng,7380107,Luật kinh tế,A00 | A01 | D01 | D96,24.5,
DDQ,Đại học Kinh Tế - Đại học Đà Nẵng,7340115,Marketing,A00 | A01 | D01 | D90,26,
DDQ,Đại học Kinh Tế - Đại học Đà Nẵng,7340120,Ngành Kinh doanh quốc tế,A00 | A01 | D01 | D90,27,
DDQ,Đại học Kinh Tế - Đại học Đà Nẵng,7380101,Ngành Luật,A00 | A01 | D01 | D96,24.25,
DDQ,Đại học Kinh Tế - Đại học Đà Nẵng,7810201,Quản trị khách sạn,A00 | A01 | D01 | D90,24.25,
DDQ,Đại học Kinh Tế - Đại học Đà Nẵng,7310205,Quản lý nhà nước,A00 | A01 | D01 | D96,23.75,
DDQ,Đại học Kinh Tế - Đại học Đà Nẵng,7810103,Quản trị dịch vụ du lịch và lữ hành,A00 | A01 | D01 | D90,25.75,
DDQ,Đại học Kinh Tế - Đại học Đà Nẵng,7340404,Quản trị nhân lực,A00 | A01 | D01 | D90,26,
DDQ,Đại học Kinh Tế - Đại học Đà Nẵng,7340101,Quản trị Kinh doanh,A00 | A01 | D01 | D90,25,
DDQ,Đại học Kinh Tế - Đại học Đà Nẵng,7340201,Tài chính – Ngân hàng,A00 | A01 | D01 | D90,25,
DDQ,Đại học Kinh Tế - Đại học Đà Nẵng,7310107,Thống kê kinh tế,A00 | A01 | D01 | D90,24.25,
DDQ,Đại học Kinh Tế - Đại học Đà Nẵng,7340122,Thương mại điện tử,A00 | A01 | D01 | D90,26,
QHF,Đại học Ngoại ngữ - Đại học Quốc Gia Hà Nội,7220204,Ngôn ngữ Trung Quốc,D01 | D04 | D78 | D90,37,
QHF,Đại học Ngoại ngữ - Đại học Quốc Gia Hà Nội,7220203,Ngôn ngữ Pháp,D01 | D03 | D78 | D90,34.53,
QHF,Đại học Ngoại ngữ - Đại học Quốc Gia Hà Nội,7220209,Ngôn ngữ Nhật,D01 | D06 | D78 | D90,35.4,
QHF,Đại học Ngoại ngữ - Đại học Quốc Gia Hà Nội,7220211,Ngôn ngữ Ả Rập,D01 | D14 | D78 | D90,33.42,
QHF,Đại học Ngoại ngữ - Đại học Quốc Gia Hà Nội,7220201,Ngôn ngữ Anh,D01 | D14 | D78 | D90,38.45,
QHF,Đại học Ngoại ngữ - Đại học Quốc Gia Hà Nội,7220205,Ngôn ngữ Đức,D01 | D05 | D78 | D90,35.82,
QHF,Đại học Ngoại ngữ - Đại học Quốc Gia Hà Nội,7220210,Ngôn ngữ Hàn Quốc,D01 | D78 | D90,36.38,
QHF,Đại học Ngoại ngữ - Đại học Quốc Gia Hà Nội,7220202,Ngôn ngữ Nga,D01 | D02 | D78 | D90,34.24,
QHF,Đại học Ngoại ngữ - Đại học Quốc Gia Hà Nội,7903124,Song ngành Kinh tế - Tài chính,D01 | D78 | D90,26.75,
QHF,Đại học Ngoại ngữ - Đại học Quốc Gia Hà Nội,7140236,Sư phạm tiếng Nhật,D01 | D06 | D78 | D90,37.21,
QHF,Đại học Ngoại ngữ - Đại học Quốc Gia Hà Nội,7140235,Sư phạm Tiếng Đức,D01 | D05 | D78 | D90,36.94,
QHF,Đại học Ngoại ngữ - Đại học Quốc Gia Hà Nội,7140231,Sư phạm Tiếng Anh,D01 | D14 | D78 | D90,38.45,
QHF,Đại học Ngoại ngữ - Đại học Quốc Gia Hà Nội,7140237,Sư phạm tiếng Hàn Quốc,D01 | D78 | D90,37.31,
QHF,Đại học Ngoại ngữ - Đại học Quốc Gia Hà Nội,7140234,Sư phạm Tiếng Trung Quốc,D01 | D04 | D78 | D90,37.85,
QHF,Đại học Ngoại ngữ - Đại học Quốc Gia Hà Nội,7220212QTD,Văn hóa và truyền thông xuyên quốc gia,D01 | D14 | D78 | D90,36.5,
SGD,Đại học Sài Gòn,7510301,"Công nghệ kỹ thuật điện, điện tử",A01,23,
SGD,Đại học Sài Gòn,7480201CLC,Công nghệ thông tin (chương trình chất lượng cao),A00 | A01,22.45,
SGD,Đại học Sài Gòn,7510406,Công nghệ kỹ thuật Môi trường,A00,21.37,
SGD,Đại học Sài Gòn,7510406,Công nghệ kỹ thuật Môi trường,B00,22.37,
SGD,Đại học Sài Gòn,7480201,Công nghệ thông tin,A00 | A01,23.82,
SGD,Đại học Sài Gòn,7510301,"Công nghệ kỹ thuật điện, điện tử",A00,24,
SGD,Đại học Sài Gòn,7460112,ĐH Toán ứng dụng,A00,24.94,
SGD,Đại học Sài Gòn,7460112,ĐH Toán ứng dụng,A01,23.94,
SGD,Đại học Sài Gòn,7510302,Điện tử - viễn thông,A00,23.75,
SGD,Đại học Sài Gòn,7510302,Điện tử - viễn thông,A01,22.75,
SGD,Đại học Sài Gòn,7810101,Du lịch,C00 | D01,25.81,
SGD,Đại học Sài Gòn,7140202,Giáo dục Tiểu học,D01,25.39,
SGD,Đại học Sài Gòn,7140201,Giáo dục Mầm non,M01 | M02,23.81,
SGD,Đại học Sài Gòn,7140205,Giáo dục Chính trị,C00 | C19,26.86,
SGD,Đại học Sài Gòn,7340301,Kế toán,C01,24.18,
SGD,Đại học Sài Gòn,7340301CLC,Kế toán CLC,C01,24.47,
SGD,Đại học Sài Gòn,7340301,Kế toán,D01,23.18,
SGD,Đại học Sài Gòn,7340301CLC,Kế toán CLC,D01,23.47,
SGD,Đại học Sài Gòn,7440301,Khoa học môi trường,A00,21.17,
SGD,Đại học Sài Gòn,7440301,Khoa học môi trường,B00,22.17,
SGD,Đại học Sài Gòn,7460108,Khoa học dữ liệu (Data Science),A00,23.99,
SGD,Đại học Sài Gòn,7460108,Khoa học dữ liệu (Data Science),A01,22.99,
SGD,Đại học Sài Gòn,7340302,Kiểm toán,C01,24.47,
SGD,Đại học Sài Gòn,7340302,Kiểm toán,D01,23.47,
SGD,Đại học Sài Gòn,7520201,Kỹ thuật điện,A00,23.33,
SGD,Đại học Sài Gòn,7480103,Kỹ thuật phần mềm,A00 | A01,24.34,
SGD,Đại học Sài Gòn,7520201,Kỹ thuật điện,A01,22.33,
SGD,Đại học Sài Gòn,7380101,Ngành Luật,D01,23.76,
SGD,Đại học Sài Gòn,7340120,Ngành Kinh doanh quốc tế,D01,24.54,
SGD,Đại học Sài Gòn,7520207,Ngành Kỹ thuật điện tử truyền thông,A01,23.08,
SGD,Đại học Sài Gòn,7520207,Ngành Kỹ thuật điện tử truyền thông,A00,24.08,
SGD,Đại học Sài Gòn,7380101,Ngành Luật,C03,24.76,
SGD,Đại học Sài Gòn,7340120,Ngành Kinh doanh quốc tế,A01,25.54,
SGD,Đại học Sài Gòn,7220201,Ngôn ngữ Anh,D01,25.29,
SGD,Đại học Sài Gòn,7220201CLC,Ngôn ngữ Anh (Chất lượng cao),D01,25.07,
SGD,Đại học Sài Gòn,7340406,Quản trị văn phòng,C04,25.48,
SGD,Đại học Sài Gòn,7140114,Quản lý giáo dục,C04,24.89,
SGD,Đại học Sài Gòn,7810202,Quản trị nhà hàng và dịch vụ ăn uống,A01 | D01,23.51,
SGD,Đại học Sài Gòn,7340101CLC,Quản trị kinh doanh CLC (TT23),D01,22.65,
SGD,Đại học Sài Gòn,7340101,Quản trị Kinh doanh,A01,23.97,
SGD,Đại học Sài Gòn,7140114,Quản lý giáo dục,D01,23.89,
SGD,Đại học Sài Gòn,7340101CLC,Quản trị kinh doanh CLC (TT23),A01,23.65,
SGD,Đại học Sài Gòn,7340406,Quản trị văn phòng,D01,24.48,
SGD,Đại học Sài Gòn,7340101,Quản trị Kinh doanh,D01,22.97,
SGD,Đại học Sài Gòn,7310601,Quốc tế học,D01,23.64,
SGD,Đại học Sài Gòn,7140219,Sư phạm Địa lý,C00 | C04,27.91,
SGD,Đại học Sài Gòn,7140222,Sư phạm Mỹ thuật,H00,21.59,
SGD,Đại học Sài Gòn,7140211,Sư phạm Vật lý,A00,26.43,
SGD,Đại học Sài Gòn,7140221,Sư phạm Âm nhạc,N01,23.93,
SGD,Đại học Sài Gòn,7140209,Sư phạm Toán học,A00,27.75,
SGD,Đại học Sài Gòn,7140218,Sư phạm Lịch sử,C00,28.25,
SGD,Đại học Sài Gòn,7140213,Sư phạm Sinh học,B00,25.16,
SGD,Đại học Sài Gòn,7140247,Sư phạm khoa học tự nhiên,A00 | B00,25.52,
SGD,Đại học Sài Gòn,7140231,Sư phạm Tiếng Anh,D01,27,
SGD,Đại học Sài Gòn,7140212,Sư phạm Hóa học,A00,26.98,
SGD,Đại học Sài Gòn,7140209,Sư phạm Toán học,A01,26.75,
SGD,Đại học Sài Gòn,7140249,Sư phạm Lịch sử - Địa lý,C00,27.35,
SGD,Đại học Sài Gòn,7140217,Sư phạm Ngữ văn,C00,28.11,
SGD,Đại học Sài Gòn,7340201,Tài chính – Ngân hàng,D01,23.26,
SGD,Đại học Sài Gòn,7340201,Tài chính – Ngân hàng,C01,24.26,
SGD,Đại học Sài Gòn,7310401,Tâm lý học,D01,24.5,
SGD,Đại học Sài Gòn,7320201,Thông tin - thư viện,C04 | D01,23.51,
SGD,Đại học Sài Gòn,7480107,Trí tuệ nhân tạo,A00 | A01,22.27,
SGD,Đại học Sài Gòn,7310630,Việt Nam học,C00,25,
QHK,Khoa Các khoa học liên ngành - Đại học Quốc gia Hà Nội,7900205,Quản trị tài nguyên di sản,C00,26.38,
QHK,Khoa Các khoa học liên ngành - Đại học Quốc gia Hà Nội,7900205,Quản trị tài nguyên di sản,D03 | D04,24.3,
QHK,Khoa Các khoa học liên ngành - Đại học Quốc gia Hà Nội,7900204,Quản trị đô thị thông minh và bền vững,A01,23.47,
QHK,Khoa Các khoa học liên ngành - Đại học Quốc gia Hà Nội,7900205,Quản trị tài nguyên di sản,A01,24.1,
QHK,Khoa Các khoa học liên ngành - Đại học Quốc gia Hà Nội,7900204,Quản trị đô thị thông minh và bền vững,A00,23.14,
QHK,Khoa Các khoa học liên ngành - Đại học Quốc gia Hà Nội,7900204,Quản trị đô thị thông minh và bền vững,D03,23.5,
QHK,Khoa Các khoa học liên ngành - Đại học Quốc gia Hà Nội,7349002,Quản trị kinh doanh (liên kết),A00,25.1,Quản lý giải trí và sự kiện
QHK,Khoa Các khoa học liên ngành - Đại học Quốc gia Hà Nội,7349002,Quản trị kinh doanh (liên kết),C00,27.58,
QHK,Khoa Các khoa học liên ngành - Đại học Quốc gia Hà Nội,7349002,Quản trị kinh doanh (liên kết),A00 | A01 | C00 | D01 | D03 | D04,25.68,Quản lý giải trí và sự kiện
QHK,Khoa Các khoa học liên ngành - Đại học Quốc gia Hà Nội,7900205,Quản trị tài nguyên di sản,A01 | C00 | D01 | D03 | D04 | D78,25.01,
QHK,Khoa Các khoa học liên ngành - Đại học Quốc gia Hà Nội,7900205,Quản trị tài nguyên di sản,D01,24.12,
QHK,Khoa Các khoa học liên ngành - Đại học Quốc gia Hà Nội,7900204,Quản trị đô thị thông minh và bền vững,D01,24.07,
QHK,Khoa Các khoa học liên ngành - Đại học Quốc gia Hà Nội,7900204,Quản trị đô thị thông minh và bền vững,D04,24.4,
QHK,Khoa Các khoa học liên ngành - Đại học Quốc gia Hà Nội,7349002,Quản trị kinh doanh (liên kết),A01,25.01,
QHK,Khoa Các khoa học liên ngành - Đại học Quốc gia Hà Nội,7349002,Quản trị kinh doanh (liên kết),D01 | D04,25.36,
QHK,Khoa Các khoa học liên ngành - Đại học Quốc gia Hà Nội,7900204,Quản trị đô thị thông minh và bền vững,A00 | A01 | D01 | D03 | D04 | D07,23.1,
QHK,Khoa Các khoa học liên ngành - Đại học Quốc gia Hà Nội,7349001,Tài chính - Ngân hàng (liên kết),C00,27.83,Quản trị thương hiệu
QHK,Khoa Các khoa học liên ngành - Đại học Quốc gia Hà Nội,7349001,Tài chính - Ngân hàng (liên kết),A01,25.05,Quản trị thương hiệu
QHK,Khoa Các khoa học liên ngành - Đại học Quốc gia Hà Nội,7349001,Tài chính - Ngân hàng (liên kết),D01,25.36,Quản trị thương hiệu
QHK,Khoa Các khoa học liên ngành - Đại học Quốc gia Hà Nội,7349001,Tài chính - Ngân hàng (liên kết),A00 | A01 | C00 | D01 | D03 | D04,25.29,Quản trị thương hiệu
QHK,Khoa Các khoa học liên ngành - Đại học Quốc gia Hà Nội,7349001,Tài chính - Ngân hàng (liên kết),A00 | D03,25.15,Quản trị thương hiệu
QHE,Đại học Kinh Tế - Đại học Quốc Gia Hà Nội,QHE42,Kế toán (CLC),A01 | D01 | D09 | D10,33.1,
QHE,Đại học Kinh Tế - Đại học Quốc Gia Hà Nội,QHE45,Kinh tế phát triển (CLC),A01 | D01 | D09 | D10,33.35,
QHE,Đại học Kinh Tế - Đại học Quốc Gia Hà Nội,QHE44,Kinh tế (CLC),A01 | D01 | D09 | D10,33.23,
QHE,Đại học Kinh Tế - Đại học Quốc Gia Hà Nội,QHE43,Kinh tế quốc tế (CLC),A01 | D01 | D09 | D10,33.43,
QHE,Đại học Kinh Tế - Đại học Quốc Gia Hà Nội,QHE40,Quản trị kinh doanh (CLC),A01 | D01 | D09 | D10,33.33,
QHE,Đại học Kinh Tế - Đại học Quốc Gia Hà Nội,QHE41,Tài chính - Ngân hàng (CLC),A01 | D01 | D09 | D10,33.62,
GTA,Đại học Công nghệ Giao thông vận tải,GIADCDS2,CNKT xây dựng Đường sắt - Metro,A00 | A01 | D01 | D07,16,
GTA,Đại học Công nghệ Giao thông vận tải,GTADKTT2,Công nghệ thông tin ĐH UITM cấp bằng,A00 | A01 | D01 | D07,18,
GTA,Đại học Công nghệ Giao thông vận tải,GTADCVM2,Công nghệ Kỹ thuật Vi mạch bán dẫn,A00 | A01 | D01 | D07,23.28,
GTA,Đại học Công nghệ Giao thông vận tải,GTADCDD2,Công nghệ kỹ thuật xây dựng công trình dân dụng và công nghiệp,A00 | A01 | D01 | D07,16,
GTA,Đại học Công nghệ Giao thông vận tải,GTADCDT2,Công nghệ kỹ thuật Điện tử - viễn thông,A00 | A01 | D01 | D07,22.9,
GTA,Đại học Công nghệ Giao thông vận tải,GTADCCK2,Công nghệ kỹ thuật Cơ khí,A00 | A01 | D01 | D07,23.09,
GTA,Đại học Công nghệ Giao thông vận tải,GTADCCN2,Công nghệ kỹ thuật cơ điện tử,A00 | A01 | D01 | D07,23.37,
GTA,Đại học Công nghệ Giao thông vận tải,GTADCTT2,Công nghệ thông tin,A00 | A01 | D01 | D07,23.7,
GTA,Đại học Công nghệ Giao thông vận tải,GTADCMN2,Công nghệ và quản lý môi trường,A00 | A01 | D01 | D07,16,
GTA,Đại học Công nghệ Giao thông vận tải,GTADNCD2,Công nghệ kỹ thuật xây dựng cầu đường bộ định hướng Nhật Bản,A00 | A01 | D01 | D07,16,
GTA,Đại học Công nghệ Giao thông vận tải,GTADNDT2,Công nghệ kỹ thuật điện tử viễn thông định hướng Nhật Bản,A00 | A01 | D01 | D07,29,
GTA,Đại học Công nghệ Giao thông vận tải,GTADCOG2,Công nghệ ô tô và giao thông thông minh,A00 | A01 | D01 | D07,22.65,
GTA,Đại học Công nghệ Giao thông vận tải,GTADNTT2,Công nghệ thông tin tăng cường,A00 | A01 | D01 | D07,20,
GTA,Đại học Công nghệ Giao thông vận tải,GTADCCD2,Công nghệ kỹ thuật xây dựng cầu đường bộ,A00 | A01 | D01 | D07,16,
GTA,Đại học Công nghệ Giao thông vận tải,GTADCCO2,Công nghệ kỹ thuật cơ điện tử trên ô tô,A00 | A01 | D01 | D07,22.3,
GTA,Đại học Công nghệ Giao thông vận tải,GTADCOT2,Công nghệ kỹ thuật Ô tô,A00 | A01 | D01 | D07,23.28,
GTA,Đại học Công nghệ Giao thông vận tải,GTADCCH2,Hạ tầng giao thông đô thị thông minh,A00 | A01 | D01 | D07,16,
GTA,Đại học Công nghệ Giao thông vận tải,GTADCHL2,Hải quan và Logistics,A00 | A01 | D01 | D07,23.48,
GTA,Đại học Công nghệ Giao thông vận tải,GTADCHT2,Hệ thống thông tin,A00 | A01 | D01 | D07,22.2,
GTA,Đại học Công nghệ Giao thông vận tải,GTADCKT2,Kế toán doanh nghiệp,A00 | A01 | D01 | D07,21.55,
GTA,Đại học Công nghệ Giao thông vận tải,GTADCKN2,Kiến trúc nội thất,A00 | A01 | D01 | D07,22.45,
GTA,Đại học Công nghệ Giao thông vận tải,GTADCKX2,Kinh tế xây dựng,A00 | A01 | D01 | D07,20,
GTA,Đại học Công nghệ Giao thông vận tải,GTADCVL2,Logistics và vận tài đa phương thức,A00 | A01 | D01 | D07,23.65,
GTA,Đại học Công nghệ Giao thông vận tải,GTADKLG2,Logistics Đại học Tongmyong Hàn Quốc cấp bằng,A00 | A01 | D01 | D07,18,
GTA,Đại học Công nghệ Giao thông vận tải,GTADNLG2,Logistics định hướng Nhật Bản,A00 | A01 | D01 | D07,20,
GTA,Đại học Công nghệ Giao thông vận tải,GTADCLG2,Logistics và quản lý chuỗi cung ứng,A00 | A01 | D01 | D07,24.54,
GTA,Đại học Công nghệ Giao thông vận tải,GTADCLH2,Logistics và hạ tầng giao thông,A00 | A01 | D01 | D07,23.52,
GTA,Đại học Công nghệ Giao thông vận tải,GTADCLA2,Luật,A00 | A01 | D01 | D07,29,
GTA,Đại học Công nghệ Giao thông vận tải,GTADCBI2,Mô hình thông tin công trình trong dự án Hạ tầng giao thông,A00 | A01 | D01 | D07,16,
GTA,Đại học Công nghệ Giao thông vận tải,GTADCEN2,Ngôn ngữ Anh,A00 | A01 | D01 | D07,20,
GTA,Đại học Công nghệ Giao thông vận tải,GTADCQT2,Quản trị doanh nghiệp,A00 | A01 | D01 | D07,21.1,
GTA,Đại học Công nghệ Giao thông vận tải,GTADCVS2,Quản lý và điều hành vận tải đường sắt,A00 | A01 | D01 | D07,16,
GTA,Đại học Công nghệ Giao thông vận tải,GTADCBC2,"Quản lý, khai thác và bảo trì đường cao tốc",A00 | A01 | D01 | D07,16,
GTA,Đại học Công nghệ Giao thông vận tải,GTADCQX2,Quản lý xây dựng,A00 | A01 | D01 | D07,20.5,
GTA,Đại học Công nghệ Giao thông vận tải,GTADCQM2,Quản trị Marketing,A00 | A01 | D01 | D07,23.39,
GTA,Đại học Công nghệ Giao thông vận tải,GTADCTN2,Tài chính doanh nghiệp,A00 | A01 | D01 | D07,21.5,
GTA,Đại học Công nghệ Giao thông vận tải,GTADCTQ2,Thanh tra và quản lý công trình giao thông,A00 | A01 | D01 | D07,16,
GTA,Đại học Công nghệ Giao thông vận tải,GTADCTD2,Thương mại điện tử,A00 | A01 | D01 | D07,24.1,
GTA,Đại học Công nghệ Giao thông vận tải,GTADCTG2,Trí tuệ nhân tạo và giao thông thông minh,A00 | A01 | D01 | D07,21.45,
GTA,Đại học Công nghệ Giao thông vận tải,GTADCCS2,Xây dựng Cầu - Đường sắt,A00 | A01 | D01 | D07,16,
GTA,Đại học Công nghệ Giao thông vận tải,GTADCXQ2,Xây dựng và quản lý hạ tầng đô thị,A00 | A01 | D01 | D07,16,
HLU,Đại học Hạ Long,7480201,Công nghệ thông tin,A00 | A01 | D01 | D07,15,
HLU,Đại học Hạ Long,7620301,ĐH Nuôi trồng thủy sản,A00 | A01 | B00 | D01,15,
HLU,Đại học Hạ Long,7140201,Giáo dục Mầm non,A09 | C00 | C14 | C20,26.6,
HLU,Đại học Hạ Long,7140202,Giáo dục Tiểu học,C04 | D01 | D10 | D15,25.95,
HLU,Đại học Hạ Long,7340301,Kế toán,A09 | C00 | C14 | C20,15,
HLU,Đại học Hạ Long,7480101,Khoa học máy tính,A00 | A01 | D01 | D07,15,
HLU,Đại học Hạ Long,7220209,Ngôn ngữ Nhật,A01 | D01 | D06 | D78,15,
HLU,Đại học Hạ Long,7220204,Ngôn ngữ Trung Quốc,A01 | D01 | D04 | D78,22.5,
HLU,Đại học Hạ Long,7220210,Ngôn ngữ Hàn Quốc,A01 | D01 | D78,15,
HLU,Đại học Hạ Long,7220201,Ngôn ngữ Anh,A01 | D01 | D15 | D78,15,
HLU,Đại học Hạ Long,7810202,Quản trị nhà hàng và dịch vụ ăn uống,A01 | C00 | D01 | D15,15,
HLU,Đại học Hạ Long,7340101,Quản trị Kinh doanh,A00 | A01 | D01 | D10,15,
HLU,Đại học Hạ Long,7810201,Quản trị khách sạn,A00 | A01 | D01 | D10,15,
HLU,Đại học Hạ Long,7810103,Quản trị dịch vụ du lịch và lữ hành,A00 | A01 | D01 | D10,15,
HLU,Đại học Hạ Long,7850101,Quản lý tài nguyên và môi trường,A00 | B00 | D01 | D10,15,
HLU,Đại học Hạ Long,7140247,Sư phạm khoa học tự nhiên,A00 | A01 | B00 | D07,19.5,
HLU,Đại học Hạ Long,7140217,Sư phạm Ngữ văn,C00 | C04 | D01 | D15,26.9,
HLU,Đại học Hạ Long,7140210,Sư phạm Tin học (Chuyên ngành Tin học – Công nghệ Tiểu học),A00 | A01 | D01 | D07,19,
HLU,Đại học Hạ Long,7140231,Sư phạm Tiếng Anh,A01 | D01 | D15 | D78,25.2,
MTC,Đại học Mỹ thuật Công nghiệp,7210105,Điêu khắc,H00 | H07,21.15,
MTC,Đại học Mỹ thuật Công nghiệp,7210107,Gốm,H00 | H07,21.4,
MTC,Đại học Mỹ thuật Công nghiệp,7210103,Hội hoạ,H00 | H07,22.3,
MTC,Đại học Mỹ thuật Công nghiệp,7210403,Thiết kế đồ họa,H00 | H07,22.18,
MTC,Đại học Mỹ thuật Công nghiệp,7210404,Thiết kế thời trang,H00 | H07,21.65,
MTC,Đại học Mỹ thuật Công nghiệp,7210402,Thiết kế công nghiệp,H00 | H07,21.65,
MTC,Đại học Mỹ thuật Công nghiệp,7580108,Thiết kế nội thất,H00 | H07,22.25,
YDD,Đại học Điều Dưỡng Nam Định,7720301,Điều dưỡng,B00,19,
YDD,Đại học Điều Dưỡng Nam Định,7720401,Dinh dưỡng,B00,15.3,
YDD,Đại học Điều Dưỡng Nam Định,7720302,Hộ sinh,B00,19,
HCP,Học viện Chính sách và Phát triển,7340301,Kế toán,A00 | A01 | D01 | D07,25.84,
HCP,Học viện Chính sách và Phát triển,7310109,Kinh tế số,A00 | A01 | D01 | D07,25.43,
HCP,Học viện Chính sách và Phát triển,7310106_1,Kinh tế đối ngoại CLC,A01 | D01 | D07 | D10,32.85,
HCP,Học viện Chính sách và Phát triển,7310106,Kinh tế quốc tế,A00 | A01 | D01 | D07,25.01,
HCP,Học viện Chính sách và Phát triển,7310105,Kinh tế phát triển,A00 | A01 | A02 | D01,25.43,
HCP,Học viện Chính sách và Phát triển,7310101,Kinh tế,A00 | A01 | D01 | D07,24.83,
HCP,Học viện Chính sách và Phát triển,7380107,Luật kinh tế,A00 | C00 | D01 | D09,27.43,
HCP,Học viện Chính sách và Phát triển,7220201,Ngôn ngữ Anh,A01 | D01 | D07 | D10,33.05,
HCP,Học viện Chính sách và Phát triển,7340101_1,"Quản trị kinh doanh (Liên kết với Đại học CityU, Hoa Kỳ)",A01 | D01 | D07 | D10,33.33,
HCP,Học viện Chính sách và Phát triển,7310205,Quản lý nhà nước,A01 | C00 | D01 | D09,25.57,
HCP,Học viện Chính sách và Phát triển,7340101,Quản trị Kinh doanh,A00 | A01 | D01 | D07,24.68,
HCP,Học viện Chính sách và Phát triển,7340201_1,Tài chính ngân hàng (chuyên ngành Tài chính doanh nghiệp),A01 | D01 | D07 | D10,33.3,
HCP,Học viện Chính sách và Phát triển,7340201,Tài chính – Ngân hàng,A00 | A01 | D01 | D07,25.26,
TQU,Đại học Tân Trào,7760101,Công tác xã hội,C00 | C19 | C20 | D01,23.5,
TQU,Đại học Tân Trào,7480201,Công nghệ thông tin,A00 | A01 | B00 | D07,16,
TQU,Đại học Tân Trào,7720301,Điều dưỡng,B00 | B03 | C08 | D07,19,
TQU,Đại học Tân Trào,7720201,Dược học,A00 | B00 | C05 | D07,21,
TQU,Đại học Tân Trào,51140201,Giáo dục Mầm non,C00 | C14 | C19 | C20,24.68,
TQU,Đại học Tân Trào,7140201,Giáo dục Mầm non,C00 | C14 | C19 | C20,26.07,
TQU,Đại học Tân Trào,7140202,Giáo dục Tiểu học,A00 | C00 | C19 | D01,26.88,
TQU,Đại học Tân Trào,7340301,Kế toán,A00 | A01 | D01,15,
TQU,Đại học Tân Trào,7229042,Quản lý văn hoá,C00 | C19 | C20 | D01,15,
TQU,Đại học Tân Trào,7810103,Quản trị dịch vụ du lịch và lữ hành,C00 | C19 | C20 | D01,24.15,
TQU,Đại học Tân Trào,7140209,Sư phạm Toán học,A00 | A01 | B00 | C14,25.88,
TQU,Đại học Tân Trào,7140217,Sư phạm Ngữ văn,C00 | C19 | C20 | D14,27.67,
TQU,Đại học Tân Trào,7140247,Sư phạm khoa học tự nhiên,A00 | A02 | B00 | D08,23.9,
DCQ,Đại học Công Nghệ và Quản Lý Hữu Nghị,7340116,Bất động sản,A00 | A01 | C00 | D01,16,
DCQ,Đại học Công Nghệ và Quản Lý Hữu Nghị,7480201,Công nghệ thông tin,A00 | A01 | D01 | D07,16,
DCQ,Đại học Công Nghệ và Quản Lý Hữu Nghị,7340205,Công nghệ tài chính,A00 | A01 | D01 | D07,16,
DCQ,Đại học Công Nghệ và Quản Lý Hữu Nghị,7510205,Công nghệ kỹ thuật ô tô,A00 | A01 | D01 | D07,16,
DCQ,Đại học Công Nghệ và Quản Lý Hữu Nghị,7340301,Kế toán,A00 | A01 | D01 | D07,16,
DCQ,Đại học Công Nghệ và Quản Lý Hữu Nghị,7310106,Kinh tế quốc tế,A00 | A01 | C00 | D01,16,
DCQ,Đại học Công Nghệ và Quản Lý Hữu Nghị,7480103,Kỹ thuật phần mềm,A00 | A01 | D01 | D07,16,
DCQ,Đại học Công Nghệ và Quản Lý Hữu Nghị,7510605,Logistics và Quản lý chuỗi cung ứng,A00 | A01 | D01 | D07,16,
DCQ,Đại học Công Nghệ và Quản Lý Hữu Nghị,7380107,Luật kinh tế,A00 | C00 | D10 | D14,16,
DCQ,Đại học Công Nghệ và Quản Lý Hữu Nghị,7220201,Ngôn ngữ Anh,D01 | D10 | D14 | D15,16,
DCQ,Đại học Công Nghệ và Quản Lý Hữu Nghị,7220204,Ngôn ngữ Trung Quốc,D01 | D10 | D14 | D15,16,
DCQ,Đại học Công Nghệ và Quản Lý Hữu Nghị,7340101,Quản trị Kinh doanh,A00 | A01 | D01 | D07,16,
DCQ,Đại học Công Nghệ và Quản Lý Hữu Nghị,7310205,Quản lý nhà nước,C00 | D01 | D14 | D15,16,
DCQ,Đại học Công Nghệ và Quản Lý Hữu Nghị,7810103,Quản trị dịch vụ du lịch và lữ hành,C00 | D01 | D14 | D15,16,
DCQ,Đại học Công Nghệ và Quản Lý Hữu Nghị,7340201,Tài chính – Ngân hàng,A00 | A01 | D01 | D07,16,
SPK,Đại học Sư phạm Kỹ thuật TP HCM,7480202V,An toàn thông tin,A00 | A01 | D01 | D90,24.89,
SPK,Đại học Sư phạm Kỹ thuật TP HCM,7510801V,Công nghệ kỹ thuật in,A00 | A01 | D01 | D90,22,
SPK,Đại học Sư phạm Kỹ thuật TP HCM,7510205V,Công nghệ kỹ thuật ô tô,A00 | A01 | D01 | D90,25.39,
SPK,Đại học Sư phạm Kỹ thuật TP HCM,7510401V,Công nghệ kỹ thuật hóa học,A00 | B00 | D07 | D90,24.9,
SPK,Đại học Sư phạm Kỹ thuật TP HCM,7510206A,Công nghệ kỹ thuật nhiệt (hệ Chắt lượng cao tiếng Anh),A00 | A01 | D01 | D90,21,
SPK,Đại học Sư phạm Kỹ thuật TP HCM,7480108A,Công nghệ kỹ thuật máy tinh (hệ ('hất lượng cao ticng Anh),A00 | A01 | D01 | D90,25.4,
SPK,Đại học Sư phạm Kỹ thuật TP HCM,7510102A,Cóng nghệ kỹ thuật công trình xây dựng (hệ Chất lượng cao tiếng Anh),A00 | A01 | D01 | D90,21,
SPK,Đại học Sư phạm Kỹ thuật TP HCM,7510205A,Công nghệ kỳ thuật ỏ tô (hệ Chat lượng cao ticng Anh),A00 | A01 | D01 | D90,24.75,
SPK,Đại học Sư phạm Kỹ thuật TP HCM,7480201A,Công nghệ thông tin,A00 | A01 | D01 | D90,25.65,
SPK,Đại học Sư phạm Kỹ thuật TP HCM,7510206N,Công nghệ kỹ thuật nhiệt,A00 | A01 | D01 | D90,24.4,
SPK,Đại học Sư phạm Kỹ thuật TP HCM,7510402V,Công nghệ vật liệu,A00 | A01 | D01 | D90,23.33,
SPK,Đại học Sư phạm Kỹ thuật TP HCM,7510303V,Công nghệ kỹ thuật điều khiển và tự động hóa,A00 | A01 | D01 | D90,26.14,
SPK,Đại học Sư phạm Kỹ thuật TP HCM,7510203V,Công nghệ kỹ thuật cơ điện tử,A00 | A01 | D01 | D90,25.45,
SPK,Đại học Sư phạm Kỹ thuật TP HCM,7510302N,"Công nghệ kỹ thuật điện tử, viễn thông (Việt - Nhật)",A00 | A01 | D01 | D90,24,
SPK,Đại học Sư phạm Kỹ thuật TP HCM,7480201N,Công nghệ thông tin,A00 | A01 | D01 | D90,25.65,
SPK,Đại học Sư phạm Kỹ thuật TP HCM,7480108V,Công nghệ kỹ thuật máy tính,A00 | A01 | D01 | D90,25.5,
SPK,Đại học Sư phạm Kỹ thuật TP HCM,7540209V,Công nghệ may,A00 | A01 | D01 | D90,21.41,
SPK,Đại học Sư phạm Kỹ thuật TP HCM,7510301V,"Công nghệ kỹ thuật điện, điện tử",A00 | A01 | D01 | D90,25.12,
SPK,Đại học Sư phạm Kỹ thuật TP HCM,7540101V,Công nghệ thực phẩm,A00 | B00 | D07 | D90,24.2,
SPK,Đại học Sư phạm Kỹ thuật TP HCM,7510201V,Công nghệ kỹ thuật cơ khí,A00 | A01 | D01 | D90,25.1,
SPK,Đại học Sư phạm Kỹ thuật TP HCM,7510202A,Công nghệ chc tạo máy (hệ Chắt lượng cao tiếng Anh),A00 | A01 | D01 | D90,23,
SPK,Đại học Sư phạm Kỹ thuật TP HCM,7510302A,Công nghệ kỷ thuật Diện từ - Viễn thông (hệ Chất lưựng cao tiếng Anh),A00 | A01 | D01 | D90,24.35,
SPK,Đại học Sư phạm Kỹ thuật TP HCM,7510202N,Công nghệ chế tạo máy (Việt - Nhật),A00 | A01 | D01 | D90,23.75,
SPK,Đại học Sư phạm Kỹ thuật TP HCM,7510102V,Công nghệ kỹ thuật công trình xây dựng,A00 | A01 | D01 | D90,23.05,
SPK,Đại học Sư phạm Kỹ thuật TP HCM,7510406V,Công nghệ kỹ thuật môi trường,A00 | B00 | D07 | D90,22,
SPK,Đại học Sư phạm Kỹ thuật TP HCM,7510206V,Công nghệ kỹ thuật nhiệt,A00 | A01 | D01 | D90,24.4,
SPK,Đại học Sư phạm Kỹ thuật TP HCM,7540101A,Công nghệ Thực phẩm (hệ Chất lượng cao tiếng Anh),A00 | B00 | D07 | D90,22.5,
SPK,Đại học Sư phạm Kỹ thuật TP HCM,7510201A,Công nghệ kỳ thuật cơ khi (hệ Chát lượng cao tiếng Anh),A00 | A01 | D01 | D90,24.25,
SPK,Đại học Sư phạm Kỹ thuật TP HCM,7510301A,Công nghệ kỹ thuật điện - Điện tử (hệ Chất lượng cao tiếng Anh),A00 | A01 | D01 | D90,24.5,
SPK,Đại học Sư phạm Kỹ thuật TP HCM,7480201V,Công nghệ thông tin,A00 | A01 | D01 | D90,25.97,
SPK,Đại học Sư phạm Kỹ thuật TP HCM,7510205N,Công nghệ kỹ thuật ô tô,A00 | A01 | D01 | D90,25,
SPK,Đại học Sư phạm Kỹ thuật TP HCM,7510302V,Công nghệ điện tử - viễn thông,A00 | A01 | D01 | D90,25.15,
SPK,Đại học Sư phạm Kỹ thuật TP HCM,7510202V,Công nghệ chế tạo máy,A00 | A01 | D01 | D90,24.27,
SPK,Đại học Sư phạm Kỹ thuật TP HCM,7510203A,Công nghệ kỹ thuật cơ điện tử (hệ chất lượng cao tiếng Anh),A00 | A01 | D01 | D90,25.1,
SPK,Đại học Sư phạm Kỹ thuật TP HCM,7510303A,Công nghỹ kỳ thuật điều khicn và lự động hoả (hệ Chat lượng cao ticng Anh),A00 | A01 | D01 | D90,25.35,
SPK,Đại học Sư phạm Kỹ thuật TP HCM,7510106V,Hệ thống kỹ thuật công trình xây dựng,A00 | A01 | D01 | D90,22.22,
SPK,Đại học Sư phạm Kỹ thuật TP HCM,7480118V,Hệ thống những và IoT,A00 | A01 | D01 | D90,25.65,
SPK,Đại học Sư phạm Kỹ thuật TP HCM,7340301V,Kế toán,A00 | A01 | D01 | D90,22.75,
SPK,Đại học Sư phạm Kỹ thuật TP HCM,7580103V,Kiến trúc nội thất,V03 | V04 | V05 | V06,22.77,
SPK,Đại học Sư phạm Kỹ thuật TP HCM,7580101V,Kiến trúc,V03 | V04 | V05 | V06,22.97,
SPK,Đại học Sư phạm Kỹ thuật TP HCM,7340120V,Kinh doanh quốc tế,A00 | A01 | D01 | D90,22.75,
SPK,Đại học Sư phạm Kỹ thuật TP HCM,7480203V,Kỹ thuật dữ liệu,A00 | A01 | D01 | D90,24.05,
SPK,Đại học Sư phạm Kỹ thuật TP HCM,7520212V,Kỹ thuật y sinh,A00 | A01 | D01 | D90,24.15,
SPK,Đại học Sư phạm Kỹ thuật TP HCM,7580205V,Kỹ thuật xây dựng công trình giao thông,A00 | A01 | D01 | D90,21.55,
SPK,Đại học Sư phạm Kỹ thuật TP HCM,7510302TKVM,Kỹ thuật thiết kế vi mạch,A00 | A01 | D01 | D90,25.95,
SPK,Đại học Sư phạm Kỹ thuật TP HCM,7520117V,Kỹ thuật công nghiệp,A00 | A01 | D01 | D90,23.88,
SPK,Đại học Sư phạm Kỹ thuật TP HCM,7549002V,Kỹ thuật gỗ và nội thất,A00 | A01 | D01 | D90,20.5,
SPK,Đại học Sư phạm Kỹ thuật TP HCM,7510605V,Logistics và quản lý chuỗi cung ứng,A00 | A01 | D01 | D90,25.21,
SPK,Đại học Sư phạm Kỹ thuật TP HCM,7380101V,Luật,A00 | A01 | C00 | D01,25.12,
SPK,Đại học Sư phạm Kỹ thuật TP HCM,7510208V,Năng lượng tái tạo,A00 | A01 | D01 | D90,23.15,
SPK,Đại học Sư phạm Kỹ thuật TP HCM,7220101V,Ngành Ngôn ngữ Anh,D01 | D96,24.57,
SPK,Đại học Sư phạm Kỹ thuật TP HCM,7510601A,Quản lý Công nghiệp (hệ Chất lượng cao tiếng Anh),A00 | A01 | D01 | D90,23.05,
SPK,Đại học Sư phạm Kỹ thuật TP HCM,7580302V,Quản lý xây dựng,A00 | A01 | D01 | D90,22.17,
SPK,Đại học Sư phạm Kỹ thuật TP HCM,7840110V,Quản lý và vận hành hạ tầng,A00 | A01 | D01 | D90,21.22,
SPK,Đại học Sư phạm Kỹ thuật TP HCM,7810202V,Quản trị nhà hàng và dịch vụ ăn uống,A00 | A01 | D01 | D90,23.17,
SPK,Đại học Sư phạm Kỹ thuật TP HCM,7510601V,Quản lý công nghiệp,A00 | A01 | D01 | D90,24.2,
SPK,Đại học Sư phạm Kỹ thuật TP HCM,7510209V,Robot và trí tuệ nhân tạo,A00 | A01 | D01 | D90,25.66,
SPK,Đại học Sư phạm Kỹ thuật TP HCM,7140246V,Sư phạm Công nghệ,A00 | A01 | D01 | D90,24.15,
SPK,Đại học Sư phạm Kỹ thuật TP HCM,7140231V,Sư phạm Tiếng Anh,D01 | D96,27.5,
SPK,Đại học Sư phạm Kỹ thuật TP HCM,7310403V,Tâm lý học giáo dục,C00 | C20 | D01 | D14,25.15,
SPK,Đại học Sư phạm Kỹ thuật TP HCM,7210403V,Thiết kế đồ họa,V01 | V02 | V07 | V08,26.5,
SPK,Đại học Sư phạm Kỹ thuật TP HCM,7210404V,Thiết kế thời trang,V01 | V02 | V07 | V09,24.8,
SPK,Đại học Sư phạm Kỹ thuật TP HCM,7340122V,Thương mại điện tử,A00 | A01 | D01 | D90,23,
DBG,Đại học Nông Lâm Bắc Giang,7620112,Bảo vệ thực vật,A00,15,
DBG,Đại học Nông Lâm Bắc Giang,7620105,Chăn nuôi,A00,15,
DBG,Đại học Nông Lâm Bắc Giang,7540101,Công nghệ thực phẩm,A00,15,
DBG,Đại học Nông Lâm Bắc Giang,7480201,Công nghệ thông tin,A00,15,
DBG,Đại học Nông Lâm Bắc Giang,7510205,Công nghệ kỹ thuật ô tô,A00,15,
DBG,Đại học Nông Lâm Bắc Giang,7340301,Kế toán,A00,15,
DBG,Đại học Nông Lâm Bắc Giang,7620110,Khoa học cây trồng,A00,15,
DBG,Đại học Nông Lâm Bắc Giang,7310101,Kinh tế,A00,15,
DBG,Đại học Nông Lâm Bắc Giang,7520114,Kỹ thuật cơ điện tử,A00,15,
DBG,Đại học Nông Lâm Bắc Giang,7220201,Ngôn ngữ Anh,A01,15,
DBG,Đại học Nông Lâm Bắc Giang,7220204,Ngôn ngữ Trung Quốc,D01,15,
DBG,Đại học Nông Lâm Bắc Giang,7620101,Nông nghiệp,A00,15,
DBG,Đại học Nông Lâm Bắc Giang,7850103,Quản lý đất đai,A01,15,
DBG,Đại học Nông Lâm Bắc Giang,7850101,Quản lý tài nguyên và môi trường,A01,15,
DBG,Đại học Nông Lâm Bắc Giang,7810103,Quản trị dịch vụ du lịch và lữ hành,A01,15,
DBG,Đại học Nông Lâm Bắc Giang,7620211,Quản lý tài nguyên rừng,A00,15,
DBG,Đại học Nông Lâm Bắc Giang,7640101,Thú y,A00,15,
DBG,Đại học Nông Lâm Bắc Giang,7340122,Thương mại điện tử,A00,15,
DVP,Đại học Trưng Vương,7510205,Công nghệ kỹ thuật ô tô,A00 | A01 | D01 | D10,15,
DVP,Đại học Trưng Vương,7480201,Công nghệ thông tin,A00 | A01 | D01 | D10,15,
DVP,Đại học Trưng Vương,7720301,Điều dưỡng,A00 | A02 | B00,19,
DVP,Đại học Trưng Vương,7340301,Kế toán,A00 | A01 | A07 | D01,16,
DVP,Đại học Trưng Vương,7510605,Logistics và Quản lý chuỗi cung ứng,A00 | A01 | A07 | D01,16,
DVP,Đại học Trưng Vương,7380107,Luật kinh tế,A00 | A01,15.5,
DVP,Đại học Trưng Vương,7220204,Ngôn ngữ Trung Quốc,C00 | D01 | D09 | D10,16.5,
DVP,Đại học Trưng Vương,7220210,Ngôn ngữ Hàn Quốc,C00 | D01 | D09,16.5,
DVP,Đại học Trưng Vương,7220201,Ngôn ngữ Anh,C00 | D01 | D09 | D10,16,
DVP,Đại học Trưng Vương,7810103,Quản trị dịch vụ du lịch và lữ hành,A07 | C00 | D01 | D14,16,
DVP,Đại học Trưng Vương,7340101,Quản trị Kinh doanh,A00 | A01 | A07 | D01,16,
DVP,Đại học Trưng Vương,7340201,Tài chính – Ngân hàng,A00 | A01,15,
DVP,Đại học Trưng Vương,7340122,Thương mại điện tử,A00 | A01,16,
DVP,Đại học Trưng Vương,7320104,Truyền thông đa phương tiện,A00 | C00 | D01 | D14,15,
DPD,Đại học Phương Đông,7510203,Công nghệ kỹ thuật cơ điện tử,A00 | A01 | C01 | D01,15,
DPD,Đại học Phương Đông,7480201,Công nghệ thông tin,A00 | A01 | C01 | D01,16,
DPD,Đại học Phương Đông,7510301,"Công nghệ kỹ thuật điện, điện tử",A00 | A01 | C01 | D01,15,
DPD,Đại học Phương Đông,7340301,Kế toán,A00 | A01 | D01,16,
DPD,Đại học Phương Đông,7580301,Kinh tế xây dựng,A00 | A01 | C01 | D01,15,
DPD,Đại học Phương Đông,7580201,Kỹ thuật xây dựng,A00 | A01 | C01 | D01,15,
DPD,Đại học Phương Đông,7220201,Ngôn ngữ Anh,D01,18,
DPD,Đại học Phương Đông,7220209,Ngôn ngữ Nhật,D01 | D06,15,
DPD,Đại học Phương Đông,7220204,Ngôn ngữ Trung Quốc,D01 | D04,24,
DPD,Đại học Phương Đông,7810103,Quản trị dịch vụ du lịch và lữ hành,A00 | A01 | C01 | D01,16,
DPD,Đại học Phương Đông,7340101,Quản trị Kinh doanh,A00 | A01 | D01,16,
DPD,Đại học Phương Đông,7340406,Quản trị văn phòng,A00 | A01 | C01 | D01,15,
DPD,Đại học Phương Đông,7340201,Tài chính – Ngân hàng,A00 | A01 | D01,16,
DPD,Đại học Phương Đông,7340122,Thương mại điện tử,A00 | A01 | C01 | D01,16,
DPD,Đại học Phương Đông,7320104,Truyền thông đa phương tiện,A01 | C03 | D01 | D09,20,
KCC,Đại học Kỹ thuật Công nghệ Cần Thơ,7420201,Công nghệ sinh học,A02 | B00 | C02 | D01,15.45,
KCC,Đại học Kỹ thuật Công nghệ Cần Thơ,7510301,"Công nghệ kỹ thuật điện, điện tử",A00 | A01 | A02 | C01,21.75,
KCC,Đại học Kỹ thuật Công nghệ Cần Thơ,7540101,Công nghệ thực phẩm,A00 | B00 | C02 | D01,20,
KCC,Đại học Kỹ thuật Công nghệ Cần Thơ,7510403,Công nghệ kỹ thuật năng lượng,A00 | A01 | A02 | C01,18.9,
KCC,Đại học Kỹ thuật Công nghệ Cần Thơ,7480201,Công nghệ thông tin,A00 | A01 | C01 | D01,23,
KCC,Đại học Kỹ thuật Công nghệ Cần Thơ,7510303,Công nghệ kỹ thuật điều khiển và tự động hóa,A00 | A01 | A02 | C01,23.75,
KCC,Đại học Kỹ thuật Công nghệ Cần Thơ,7510203,Công nghệ kỹ thuật cơ điện tử,A00 | A01 | A02 | C01,22.1,
KCC,Đại học Kỹ thuật Công nghệ Cần Thơ,7510401,Công nghệ kỹ thuật hoá học,A00 | A11 | B00 | C02,19.8,
KCC,Đại học Kỹ thuật Công nghệ Cần Thơ,7510102,Công nghệ kỹ thuật xây dựng dân dụng và công nghiệp,A00 | A02 | C01 | D01,22.3,
KCC,Đại học Kỹ thuật Công nghệ Cần Thơ,7480104,Hệ thống thông tin,A00 | A01 | C01 | D01,23.3,
KCC,Đại học Kỹ thuật Công nghệ Cần Thơ,7340301,Kế toán,A00 | C01 | C02 | D01,23.19,
KCC,Đại học Kỹ thuật Công nghệ Cần Thơ,7460108,Khoa học dữ liệu (Data Science),A00 | A01 | C01 | D01,21.95,
KCC,Đại học Kỹ thuật Công nghệ Cần Thơ,7480101,Khoa học máy tính,A00 | A01 | C01 | D01,23.05,
KCC,Đại học Kỹ thuật Công nghệ Cần Thơ,7480103,Kỹ thuật phần mềm,A00 | A01 | C01 | D01,21.9,
KCC,Đại học Kỹ thuật Công nghệ Cần Thơ,7520118,Kỹ thuật hệ thống công nghiệp,A00 | C01 | C02 | D01,20.35,
KCC,Đại học Kỹ thuật Công nghệ Cần Thơ,7510605,Logistics và Quản lý chuỗi cung ứng,A00 | C01 | C02 | D01,22.15,
KCC,Đại học Kỹ thuật Công nghệ Cần Thơ,7380101,Ngành Luật,C00 | D01 | D14 | D15,25.25,
KCC,Đại học Kỹ thuật Công nghệ Cần Thơ,7220201,Ngôn ngữ Anh,D01 | D14 | D15 | D66,25.14,
KCC,Đại học Kỹ thuật Công nghệ Cần Thơ,7340101,Quản trị Kinh doanh,A00 | C01 | C02 | D01,23.43,
KCC,Đại học Kỹ thuật Công nghệ Cần Thơ,7580302,Quản lý xây dựng,A00 | C01 | C02 | D01,21.25,
KCC,Đại học Kỹ thuật Công nghệ Cần Thơ,7510601,Quản lý công nghiệp,A00 | C01 | C02 | D01,22.3,
KCC,Đại học Kỹ thuật Công nghệ Cần Thơ,7340201,Tài chính – Ngân hàng,A00 | C01 | C02 | D01,21.35,
TSN,Đại học Nha Trang,7420201MP,Công nghệ Sinh học chương trình Minh Phú,A01 | B00 | D01 | D07,17,
TSN,Đại học Nha Trang,7480201A,Công nghệ thông tin,A01 | D01 | D07 | D90,20,
TSN,Đại học Nha Trang,7510202,Công nghệ chế tạo máy,A00 | A01 | C01 | D07,16,
TSN,Đại học Nha Trang,7540105,Công nghệ chế biến thủy sản,A01 | B00 | D01 | D07,16,
TSN,Đại học Nha Trang,7810201A,Công nghệ thông tin chương trình đặc biệt,A01 | D01 | D07 | D96,20,
TSN,Đại học Nha Trang,7540101,Công nghệ thực phẩm,A01 | D01 | D07 | D90,17.5,
TSN,Đại học Nha Trang,7420201,Công nghệ sinh học,A00 | A01 | B00 | D08,16,
TSN,Đại học Nha Trang,7480201,Công nghệ thông tin,A01 | D01 | D07 | D90,21,
TSN,Đại học Nha Trang,7540105MP,Công nghệ chế biến thuỷ sản (Chương trình Minh Phú - NTU),A01 | B00 | D01 | D07,17,
TSN,Đại học Nha Trang,7620301,ĐH Nuôi trồng thủy sản,A01 | B00 | D01 | D07,16,
TSN,Đại học Nha Trang,7340405,Hệ thống thông tin,A01 | D01 | D07 | D96,17,
TSN,Đại học Nha Trang,7340301A,Kế toán,A01 | D01 | D07 | D96,20,
TSN,Đại học Nha Trang,7340301,Kế toán,D01 | D14 | D15 | D96,20,
TSN,Đại học Nha Trang,7480101,Khoa học máy tính,A01 | D01 | D07 | D90,20,
TSN,Đại học Nha Trang,7620303,Khoa học thuỷ sản,A00 | A01 | B00 | D07,16,
TSN,Đại học Nha Trang,7340302,Kiểm toán,D01 | D14 | D15 | D96,20,
TSN,Đại học Nha Trang,7340121,Kinh doanh thương mại,D01 | D14 | D15 | D96,22,
TSN,Đại học Nha Trang,7310105,Kinh tế phát triển,D01 | D14 | D15 | D96,21,
TSN,Đại học Nha Trang,7310101,Kinh tế,D01 | D14 | D15 | D96,21,
TSN,Đại học Nha Trang,7520115,"Kỹ thuật nhiệt (3 chuyên ngành: Kỹ thuật điện lạnh; Máy lạnh, điều hòa không khí và thông gió; Máy lạnh và thiết bị thực phẩm)",A00 | A01 | C01 | D07,17,
TSN,Đại học Nha Trang,7580205,Kỹ thuật xây dựng công trình giao thông,A01 | D01 | D07 | D90,16,
TSN,Đại học Nha Trang,7520201,Kỹ thuật điện,A01 | D01 | D07 | D90,18.5,
TSN,Đại học Nha Trang,7520114,Kỹ thuật cơ điện tử,A00 | A01 | C01 | D07,17,
TSN,Đại học Nha Trang,7520301,Kỹ thuật hóa học,A00 | A01 | B00 | D07,16,
TSN,Đại học Nha Trang,7520116,Kỹ thuật cơ khí động lực,A00 | A01 | C01 | D90,16.5,
TSN,Đại học Nha Trang,7520206,Kỹ thuật biển,A00 | A01 | C01 | D90,16.5,
TSN,Đại học Nha Trang,7580201,Kỹ thuật xây dựng,A01 | D01 | D07 | D90,17,
TSN,Đại học Nha Trang,7520103,Kỹ thuật cơ khí,A00 | A01 | C01 | D07,17.5,
TSN,Đại học Nha Trang,7520130,Kỹ thuật ô tô,A01 | D01 | D07 | D90,21,
TSN,Đại học Nha Trang,7340115,Marketing,D01 | D14 | D15 | D96,23,
TSN,Đại học Nha Trang,7840106,Ngành Khoa học Hàng hải,A01 | D01 | D07 | D90,21,
TSN,Đại học Nha Trang,7520216,Ngành Kỹ thuật điều khiển & Tự động hóa,A01 | D01 | D07 | D90,17,
TSN,Đại học Nha Trang,7380101,Ngành Luật,D01 | D14 | D15 | D96,21,
TSN,Đại học Nha Trang,7520320,Ngành Kỹ thuật môi trường,A00 | A01 | B00 | B08,16,
TSN,Đại học Nha Trang,7520122,Ngành Kỹ thuật tàu thủy,A00 | A01 | C01 | D90,16.5,
TSN,Đại học Nha Trang,7220201,Ngôn ngữ Anh,D01 | D14 | D15 | D96,23,
TSN,Đại học Nha Trang,7620301MP,Nuôi trồng thuỷ sản (Chương trình Minh Phú - NTU),A01 | B00 | D01 | D07,17,
TSN,Đại học Nha Trang,7340101,Quản trị Kinh doanh,D01 | D14 | D15 | D96,21,
TSN,Đại học Nha Trang,7810201,Quản trị khách sạn,D01 | D14 | D15 | D96,21,
TSN,Đại học Nha Trang,7810103Р,Quản trị dịch vụ du lịch và lữ hành Song ngữ Pháp - Việt,D01 | D03 | D96 | D97,17,
TSN,Đại học Nha Trang,7620305,Quản lý thủy sản,A00 | A01 | B00 | D07,16,
TSN,Đại học Nha Trang,7810103A,"Quản trị dịch vụ du lịch và lữ hành, chuyên ngành Quản trị lữ hành",A01 | D01 | D07 | D96,20,
TSN,Đại học Nha Trang,7810103,Quản trị dịch vụ du lịch và lữ hành,D01 | D14 | D15 | D96,21,
TSN,Đại học Nha Trang,7340101A,Quản trị kinh doanh,A01 | D01 | D07 | D96,20,
TSN,Đại học Nha Trang,7340201,Tài chính – Ngân hàng,D01 | D14 | D15 | D96,21,
YKV,Đại học Y Khoa Vinh,7720301,Điều dưỡng,B00,19,
YKV,Đại học Y Khoa Vinh,7720201,Dược học,A00,23,
YKV,Đại học Y Khoa Vinh,7720601,Kỹ thuật xét nghiệm y học,B00,19,
YKV,Đại học Y Khoa Vinh,7720101,Y khoa,B00,24.85,
YKV,Đại học Y Khoa Vinh,7720110,Y học dự phòng,B00,19,
DQN,Đại học Quy Nhơn,7760101,Công tác xã hội,C00 | D01 | D14,20.25,
DQN,Đại học Quy Nhơn,7540101,Công nghệ thực phẩm,A00 | B00 | C02 | D07,15,
DQN,Đại học Quy Nhơn,7510401,Công nghệ kỹ thuật hoá học,A00 | B00 | C02 | D07,15,
DQN,Đại học Quy Nhơn,7480201,Công nghệ thông tin,A00 | A01 | D01,16.5,
DQN,Đại học Quy Nhơn,7510205,Công nghệ kỹ thuật ô tô,A00 | A01,16,
DQN,Đại học Quy Nhơn,7460112,ĐH Toán ứng dụng,A00 | A01 | D07 | D90,15,
DQN,Đại học Quy Nhơn,7310608,Đông phương học,C00 | C19 | D14 | D15,15,
DQN,Đại học Quy Nhơn,7140202,Giáo dục Tiểu học,A00 | C00 | D01,26.95,
DQN,Đại học Quy Nhơn,7140206,Giáo dục Thể chất,T00 | T02 | T03 | T05,26.5,
DQN,Đại học Quy Nhơn,7140201,Giáo dục Mầm non,M00,23.1,
DQN,Đại học Quy Nhơn,7140205,Giáo dục Chính trị,C00 | C19 | C20 | D01,26.65,
DQN,Đại học Quy Nhơn,7440112,Hóa học,A00 | B00 | D07 | D12,15,
DQN,Đại học Quy Nhơn,7340301CLC,Kế toán CLC,A00 | A01 | D01,18,
DQN,Đại học Quy Nhơn,7340301,Kế toán,A00 | A01 | D01,17.75,
DQN,Đại học Quy Nhơn,7460108,Khoa học dữ liệu (Data Science),A00 | A01 | D07 | D90,15,
DQN,Đại học Quy Nhơn,7440122,Khoa học vật liệu,A00 | A01 | A02,15,
DQN,Đại học Quy Nhơn,7340302,Kiểm toán,A00 | A01 | D01,18.75,
DQN,Đại học Quy Nhơn,7310101,Kinh tế,A00 | A01 | D01,18,
DQN,Đại học Quy Nhơn,7580201,Kỹ thuật xây dựng,A00 | A01 | D07,15,
DQN,Đại học Quy Nhơn,7480103,Kỹ thuật phần mềm,A00 | A01,15,
DQN,Đại học Quy Nhơn,7520201,Kỹ thuật điện,A00 | A01 | D07,16,
DQN,Đại học Quy Nhơn,7510605,Logistics và Quản lý chuỗi cung ứng,A00 | A01 | D01,21,
DQN,Đại học Quy Nhơn,7520207,Ngành Kỹ thuật điện tử truyền thông,A00 | A01 | D07,15,
DQN,Đại học Quy Nhơn,7380101,Ngành Luật,A00 | C00 | C19 | D01,23.65,
DQN,Đại học Quy Nhơn,7520216,Ngành Kỹ thuật điều khiển & Tự động hóa,A00 | A01 | D07,15,
DQN,Đại học Quy Nhơn,7220204,Ngôn ngữ Trung Quốc,A01 | D01 | D04 | D15,23.5,
DQN,Đại học Quy Nhơn,7220201,Ngôn ngữ Anh,A01 | D01 | D14 | D15,22,
DQN,Đại học Quy Nhơn,7620109,Nông học,B00 | B03 | B04 | C08,15,
DQN,Đại học Quy Nhơn,7140114,Quản lý giáo dục,A00 | A01 | C00 | D01,22.5,
DQN,Đại học Quy Nhơn,7310205,Quản lý nhà nước,A00 | C00 | C19 | D01,23.15,
DQN,Đại học Quy Nhơn,7850103,Quản lý đất đai,A00 | B00 | C04 | D01,15,
DQN,Đại học Quy Nhơn,7340101,Quản trị Kinh doanh,A00 | A01 | D01,17,
DQN,Đại học Quy Nhơn,7810201,Quản trị khách sạn,A00 | A01 | D01,18.35,
DQN,Đại học Quy Nhơn,7810103,Quản trị dịch vụ du lịch và lữ hành,A00 | A01 | D01 | D14,19.85,
DQN,Đại học Quy Nhơn,7850101,Quản lý tài nguyên và môi trường,A00 | B00 | C04 | D01,15,
DQN,Đại học Quy Nhơn,7140231,Sư phạm Tiếng Anh,D01,25.92,
DQN,Đại học Quy Nhơn,7140249,Sư phạm Lịch sử - Địa lý,C00 | C19 | C20,27.15,
DQN,Đại học Quy Nhơn,7140211,Sư phạm Vật lý,A00 | A01 | A02,25.75,
DQN,Đại học Quy Nhơn,7140219,Sư phạm Địa lý,C00 | C20 | D15,27.3,
DQN,Đại học Quy Nhơn,7140210,Sư phạm Tin học (Chuyên ngành Tin học – Công nghệ Tiểu học),A00 | A01 | D07,22.85,
DQN,Đại học Quy Nhơn,7140217,Sư phạm Ngữ văn,C00 | D14 | D15,27.35,
DQN,Đại học Quy Nhơn,7140247,Sư phạm khoa học tự nhiên,A00 | A01 | A02 | B00,25.65,
DQN,Đại học Quy Nhơn,7140213,Sư phạm Sinh học,A02 | B00 | B08,23.9,
DQN,Đại học Quy Nhơn,7140218,Sư phạm Lịch sử,C00 | C19 | D14,27.45,
DQN,Đại học Quy Nhơn,7140209,Sư phạm Toán học,A00 | A01,26.5,
DQN,Đại học Quy Nhơn,7340201,Tài chính – Ngân hàng,A00 | A01 | D01,20.25,
DQN,Đại học Quy Nhơn,7310403,Tâm lý học giáo dục,A00 | C00 | C19 | D01,23,
DQN,Đại học Quy Nhơn,7480107,Trí tuệ nhân tạo,A00 | A01 | D07 | D90,15,
DQN,Đại học Quy Nhơn,7229030,Văn học,C00 | C19 | D14 | D15,23.5,
DQN,Đại học Quy Nhơn,7310630,Việt Nam học,C00 | C19 | D01 | D15,18,
HBT,Học viện Báo chí và Tuyên truyền,607,Báo mạng điện tử,D01,35.65,
HBT,Học viện Báo chí và Tuyên truyền,605,Báo truyền hình,D01,35.96,
HBT,Học viện Báo chí và Tuyên truyền,602,Báo in,D78,36.48,
HBT,Học viện Báo chí và Tuyên truyền,604,Báo phát thanh,D01,35.75,
HBT,Học viện Báo chí và Tuyên truyền,602,Báo in,D72,34.98,
HBT,Học viện Báo chí và Tuyên truyền,604,Báo phát thanh,D78,36.75,
HBT,Học viện Báo chí và Tuyên truyền,605,Báo truyền hình,D78,37.21,
HBT,Học viện Báo chí và Tuyên truyền,607,Báo mạng điện tử,D78,36.9,
HBT,Học viện Báo chí và Tuyên truyền,607,Báo mạng điện tử,D72,35.15,
HBT,Học viện Báo chí và Tuyên truyền,605,Báo truyền hình,D72,35.46,
HBT,Học viện Báo chí và Tuyên truyền,604,Báo phát thanh,D72,35.25,
HBT,Học viện Báo chí và Tuyên truyền,602,Báo in,D01,35.48,
HBT,Học viện Báo chí và Tuyên truyền,7229008,Chủ nghĩa xã hội khoa học,A01 | A16 | C15 | D01,25.25,
HBT,Học viện Báo chí và Tuyên truyền,7760101,Công tác xã hội,C15,26.2,
HBT,Học viện Báo chí và Tuyên truyền,7760101,Công tác xã hội,A01 | D01,25.7,
HBT,Học viện Báo chí và Tuyên truyền,7760101,Công tác xã hội,A16,25.2,
HBT,Học viện Báo chí và Tuyên truyền,7310102,Kinh tế chính trị,A01 | A16 | D01,25.89,
HBT,Học viện Báo chí và Tuyên truyền,7310102,Kinh tế chính trị,C15,26.39,
HBT,Học viện Báo chí và Tuyên truyền,7229010,Lịch sử,C00 | C19,38.12,
HBT,Học viện Báo chí và Tuyên truyền,7229010,Lịch sử,C03 | D14,36.12,
HBT,Học viện Báo chí và Tuyên truyền,801,"Ngành Xuất bản, chuyên ngành Biên tập xuất bản",C15,26.7,
HBT,Học viện Báo chí và Tuyên truyền,616,"Ngành Quan hệ công chúng, chuyên ngành Truyền thông marketing (chất lượng cao)",D72,35.63,
HBT,Học viện Báo chí và Tuyên truyền,532,"Ngành Chính trị học, chuyên ngành Quản lý xã hội",A01 | A16 | C15 | D01,25.88,Quản lý nhà nước
HBT,Học viện Báo chí và Tuyên truyền,538,"Ngành Chính trị học, chuyên ngành Truyền thông chính sách",D01,25.85,
HBT,Học viện Báo chí và Tuyên truyền,527,"Ngành Kinh tế, chuyên ngành Quản lý kinh tế",A01,25.76,
HBT,Học viện Báo chí và Tuyên truyền,615,"Ngành Quan hệ công chúng, chuyên ngành Quan hệ công chúng chuyên nghiệp",D72,35.95,
HBT,Học viện Báo chí và Tuyên truyền,611,"Ngành Quan hệ quốc tế, chuyên ngành Quan hệ chính trị và truyền thông quốc tế",D78,36.2,
HBT,Học viện Báo chí và Tuyên truyền,801,"Ngành Xuất bản, chuyên ngành Biên tập xuất bản",A16,25.7,
HBT,Học viện Báo chí và Tuyên truyền,616,"Ngành Quan hệ công chúng, chuyên ngành Truyền thông marketing (chất lượng cao)",A01 | D01,36.13,
HBT,Học viện Báo chí và Tuyên truyền,606,"Ngành Báo chí, chuyên ngành Quay phim truyền hình",D72,35.48,
HBT,Học viện Báo chí và Tuyên truyền,527,"Ngành Kinh tế, chuyên ngành Quản lý kinh tế",D01,26.26,
HBT,Học viện Báo chí và Tuyên truyền,615,"Ngành Quan hệ công chúng, chuyên ngành Quan hệ công chúng chuyên nghiệp",A01 | D01,36.45,
HBT,Học viện Báo chí và Tuyên truyền,531,"Ngành Chính trị học, chuyên ngành Chính trị học phát triển",A01 | A15 | C15 | D01,25.6,
HBT,Học viện Báo chí và Tuyên truyền,611,"Ngành Quan hệ quốc tế, chuyên ngành Quan hệ chính trị và truyền thông quốc tế",D72,34.7,
HBT,Học viện Báo chí và Tuyên truyền,538,"Ngành Chính trị học, chuyên ngành Truyền thông chính sách",C15,26.35,
HBT,Học viện Báo chí và Tuyên truyền,527,"Ngành Kinh tế, chuyên ngành Quản lý kinh tế",C15,26.76,
HBT,Học viện Báo chí và Tuyên truyền,610,"Ngành Quan hệ quốc tế, chuyên ngành Thông tin đối ngoại",D78,36,
HBT,Học viện Báo chí và Tuyên truyền,802,"Ngành Xuất bản, chuyên ngành Xuất bản điện tử",A16,25.77,
HBT,Học viện Báo chí và Tuyên truyền,614,"Ngành Quan hệ quốc tế, chuyên ngành Quan hệ quốc tế và truyền thông toàn cầu (chất lượng cao)",D72,35.07,
HBT,Học viện Báo chí và Tuyên truyền,603,"Ngành Báo chí, chuyên ngành Ảnh báo chí",D72,35.13,
HBT,Học viện Báo chí và Tuyên truyền,610,"Ngành Quan hệ quốc tế, chuyên ngành Thông tin đối ngoại",D72,34.5,
HBT,Học viện Báo chí và Tuyên truyền,802,"Ngành Xuất bản, chuyên ngành Xuất bản điện tử",A01 | D01,26.27,
HBT,Học viện Báo chí và Tuyên truyền,616,"Ngành Quan hệ công chúng, chuyên ngành Truyền thông marketing (chất lượng cao)",D78,37.38,
HBT,Học viện Báo chí và Tuyên truyền,614,"Ngành Quan hệ quốc tế, chuyên ngành Quan hệ quốc tế và truyền thông toàn cầu (chất lượng cao)",A01 | D01,35.57,
HBT,Học viện Báo chí và Tuyên truyền,603,"Ngành Báo chí, chuyên ngành Ảnh báo chí",D01,35.63,
HBT,Học viện Báo chí và Tuyên truyền,533,"Ngành Chính trị học, chuyên ngành Tư tưởng Hồ Chí Minh",A01 | A16 | C15 | D01,25.45,
HBT,Học viện Báo chí và Tuyên truyền,538,"Ngành Chính trị học, chuyên ngành Truyền thông chính sách",A01 | A16,25.6,
HBT,Học viện Báo chí và Tuyên truyền,527,"Ngành Kinh tế, chuyên ngành Quản lý kinh tế",A16,25.51,
HBT,Học viện Báo chí và Tuyên truyền,615,"Ngành Quan hệ công chúng, chuyên ngành Quan hệ công chúng chuyên nghiệp",D78,37.7,
HBT,Học viện Báo chí và Tuyên truyền,610,"Ngành Quan hệ quốc tế, chuyên ngành Thông tin đối ngoại",A01 | D01,35,
HBT,Học viện Báo chí và Tuyên truyền,802,"Ngành Xuất bản, chuyên ngành Xuất bản điện tử",C15,26.77,
HBT,Học viện Báo chí và Tuyên truyền,801,"Ngành Xuất bản, chuyên ngành Biên tập xuất bản",A01 | D01,26.2,
HBT,Học viện Báo chí và Tuyên truyền,614,"Ngành Quan hệ quốc tế, chuyên ngành Quan hệ quốc tế và truyền thông toàn cầu (chất lượng cao)",D78,36.57,
HBT,Học viện Báo chí và Tuyên truyền,530,"Ngành Chính trị học, chuyên ngành Quản lý hoạt động tư tưởng - văn hóa",A01 | A16 | C15 | D01,25.52,
HBT,Học viện Báo chí và Tuyên truyền,611,"Ngành Quan hệ quốc tế, chuyên ngành Quan hệ chính trị và truyền thông quốc tế",A01 | D01,35.2,
HBT,Học viện Báo chí và Tuyên truyền,603,"Ngành Báo chí, chuyên ngành Ảnh báo chí",D78,36.13,
HBT,Học viện Báo chí và Tuyên truyền,606,"Ngành Báo chí, chuyên ngành Quay phim truyền hình",D01 | D78,35.73,
HBT,Học viện Báo chí và Tuyên truyền,7220201,Ngôn ngữ Anh,D78,35.95,
HBT,Học viện Báo chí và Tuyên truyền,7220201,Ngôn ngữ Anh,A01 | D01,35.2,
HBT,Học viện Báo chí và Tuyên truyền,7220201,Ngôn ngữ Anh,D72,34.7,
HBT,Học viện Báo chí và Tuyên truyền,7340403,Quản lý công,A01 | A16 | C15 | D01,25.61,
HBT,Học viện Báo chí và Tuyên truyền,7320110,Quảng cáo,D72,35.08,
HBT,Học viện Báo chí và Tuyên truyền,7320110,Quảng cáo,A01 | D01,35.58,
HBT,Học viện Báo chí và Tuyên truyền,7320110,Quảng cáo,D78,36.08,
HBT,Học viện Báo chí và Tuyên truyền,7229001,Triết học,A01 | A16 | C15 | D01,25.38,
HBT,Học viện Báo chí và Tuyên truyền,7320105,Truyền thông đại chúng,C15,28.05,
HBT,Học viện Báo chí và Tuyên truyền,7320107,Truyền thông quốc tế,A01 | D01,35.9,
HBT,Học viện Báo chí và Tuyên truyền,7320104,Truyền thông đa phương tiện,A01 | D01,27,
HBT,Học viện Báo chí và Tuyên truyền,7320104,Truyền thông đa phương tiện,C15,28.25,
HBT,Học viện Báo chí và Tuyên truyền,7320105,Truyền thông đại chúng,A16,26.3,
HBT,Học viện Báo chí và Tuyên truyền,7320107,Truyền thông quốc tế,D78,37.15,
HBT,Học viện Báo chí và Tuyên truyền,7320107,Truyền thông quốc tế,D72,35.4,
HBT,Học viện Báo chí và Tuyên truyền,7320105,Truyền thông đại chúng,A01 | D01,26.8,
HBT,Học viện Báo chí và Tuyên truyền,7320104,Truyền thông đa phương tiện,A16,26.5,
HBT,Học viện Báo chí và Tuyên truyền,7310301,Xã hội học,A01 | D01,25.8,
HBT,Học viện Báo chí và Tuyên truyền,7310301,Xã hội học,C15,26.3,
HBT,Học viện Báo chí và Tuyên truyền,7310301,Xã hội học,A16,25.3,
HBT,Học viện Báo chí và Tuyên truyền,7310202,Xây dựng Đảng và Chính quyền nhà nước,C15,25.43,
HBT,Học viện Báo chí và Tuyên truyền,7310202,Xây dựng Đảng và Chính quyền nhà nước,A01 | D01,25.18,
HBT,Học viện Báo chí và Tuyên truyền,7310202,Xây dựng Đảng và Chính quyền nhà nước,A16,24.68,
SP2,Đại học Sư phạm Hà Nội 2,7480201,Công nghệ thông tin,A00 | A01 | C01 | D01,21.6,
SP2,Đại học Sư phạm Hà Nội 2,7420201,Công nghệ sinh học,A02 | B00 | B03 | B08,15.35,
SP2,Đại học Sư phạm Hà Nội 2,7140208,Giáo dục Quốc phòng - An ninh,C00 | C19 | D01 | D66,27.63,
SP2,Đại học Sư phạm Hà Nội 2,7140202,Giáo dục Tiểu học,A00 | A01 | C04 | D01,27.39,
SP2,Đại học Sư phạm Hà Nội 2,7140201,Giáo dục Mầm non,M01 | M05 | M09,25.73,
SP2,Đại học Sư phạm Hà Nội 2,7140206,Giáo dục Thể chất,T00 | T01 | T02 | T05,20,
SP2,Đại học Sư phạm Hà Nội 2,7140204,Giáo dục Công dân,C00 | C19 | D01 | D66,27.94,
SP2,Đại học Sư phạm Hà Nội 2,7440122,Khoa học vật liệu,A00 | A01 | C01 | D11,18.85,
SP2,Đại học Sư phạm Hà Nội 2,7220201,Ngôn ngữ Anh,A01 | D01 | D11 | D12,25.94,
SP2,Đại học Sư phạm Hà Nội 2,7220204,Ngôn ngữ Trung Quốc,D01 | D04 | D11 | D14,26.14,
SP2,Đại học Sư phạm Hà Nội 2,7810301,Quản lý thể dục thể thao,T00 | T01 | T02 | T05,18,
SP2,Đại học Sư phạm Hà Nội 2,7140247,Sư phạm khoa học tự nhiên,A00 | A02 | A16 | B00,25.57,
SP2,Đại học Sư phạm Hà Nội 2,7140211,Sư phạm Vật lý,A00 | A01 | C01 | D11,26.81,
SP2,Đại học Sư phạm Hà Nội 2,7140231,Sư phạm Tiếng Anh,A01 | D11 | D12,27.2,
SP2,Đại học Sư phạm Hà Nội 2,7140210,Sư phạm Tin học (Chuyên ngành Tin học – Công nghệ Tiểu học),A00 | A01 | C01 | D01,24.85,
SP2,Đại học Sư phạm Hà Nội 2,7140213,Sư phạm Sinh học,A02 | B00 | B03 | B08,26.33,
SP2,Đại học Sư phạm Hà Nội 2,7140218,Sư phạm Lịch sử,C00 | C03 | C19 | D14,27.2,
SP2,Đại học Sư phạm Hà Nội 2,7140249,Sư phạm Lịch sử - Địa lý,A07 | C00 | C19 | C20,28.42,
SP2,Đại học Sư phạm Hà Nội 2,7140212,Sư phạm Hóa học,A00 | A06 | B00 | D07,26.54,
SP2,Đại học Sư phạm Hà Nội 2,7140217,Sư phạm Ngữ văn,C00 | C14 | D01 | D15,28.83,
SP2,Đại học Sư phạm Hà Nội 2,7140209,Sư phạm Toán học,A00 | A01 | D01 | D84,26.83,
SP2,Đại học Sư phạm Hà Nội 2,7310403,Tâm lý học giáo dục,B00 | C00 | C19 | D01,26.68,
SP2,Đại học Sư phạm Hà Nội 2,7310630,Việt Nam học,C00 | C14 | D01 | D15,25.07,
QHX,Đại học Khoa học Xã hội và Nhân văn - Đại học Quốc gia Hà Nội,QHX01,Báo chí,C00,29.03,
QHX,Đại học Khoa học Xã hội và Nhân văn - Đại học Quốc gia Hà Nội,QHX01,Báo chí,A01,25.51,
QHX,Đại học Khoa học Xã hội và Nhân văn - Đại học Quốc gia Hà Nội,QHX01,Báo chí,D01 | D78,26.07,
QHX,Đại học Khoa học Xã hội và Nhân văn - Đại học Quốc gia Hà Nội,QHX02,Chính trị hoc,C00,27.98,
QHX,Đại học Khoa học Xã hội và Nhân văn - Đại học Quốc gia Hà Nội,QHX02,Chính trị hoc,D04,25.95,
QHX,Đại học Khoa học Xã hội và Nhân văn - Đại học Quốc gia Hà Nội,QHX02,Chính trị hoc,A01,24.6,
QHX,Đại học Khoa học Xã hội và Nhân văn - Đại học Quốc gia Hà Nội,QHX02,Chính trị hoc,D01,25.35,
QHX,Đại học Khoa học Xã hội và Nhân văn - Đại học Quốc gia Hà Nội,QHX02,Chính trị hoc,D78,26.28,
QHX,Đại học Khoa học Xã hội và Nhân văn - Đại học Quốc gia Hà Nội,QHX03,Công tác xã hội,D78,26.01,
QHX,Đại học Khoa học Xã hội và Nhân văn - Đại học Quốc gia Hà Nội,QHX03,Công tác xã hội,D01,25.3,
QHX,Đại học Khoa học Xã hội và Nhân văn - Đại học Quốc gia Hà Nội,QHX03,Công tác xã hội,A01,24.39,
QHX,Đại học Khoa học Xã hội và Nhân văn - Đại học Quốc gia Hà Nội,QHX03,Công tác xã hội,C00,27.94,
QHX,Đại học Khoa học Xã hội và Nhân văn - Đại học Quốc gia Hà Nội,QHX28,Điện ảnh và Nghệ thuật đại chúng,D78,26.45,
QHX,Đại học Khoa học Xã hội và Nhân văn - Đại học Quốc gia Hà Nội,QHX28,Điện ảnh và Nghệ thuật đại chúng,D01,25.77,
QHX,Đại học Khoa học Xã hội và Nhân văn - Đại học Quốc gia Hà Nội,QHX28,Điện ảnh và Nghệ thuật đại chúng,C00,27.98,
QHX,Đại học Khoa học Xã hội và Nhân văn - Đại học Quốc gia Hà Nội,QHX28,Điện ảnh và Nghệ thuật đại chúng,D04,25.17,
QHX,Đại học Khoa học Xã hội và Nhân văn - Đại học Quốc gia Hà Nội,QHX05,Đông phương học,D04,25.8,
QHX,Đại học Khoa học Xã hội và Nhân văn - Đại học Quốc gia Hà Nội,QHX04,Đông Nam Á học,A01,23.48,
QHX,Đại học Khoa học Xã hội và Nhân văn - Đại học Quốc gia Hà Nội,QHX05,Đông phương học,C00,28.83,
QHX,Đại học Khoa học Xã hội và Nhân văn - Đại học Quốc gia Hà Nội,QHX04,Đông Nam Á học,D78,24.75,
QHX,Đại học Khoa học Xã hội và Nhân văn - Đại học Quốc gia Hà Nội,QHX05,Đông phương học,D01,25.99,
QHX,Đại học Khoa học Xã hội và Nhân văn - Đại học Quốc gia Hà Nội,QHX04,Đông Nam Á học,D14,25.29,
QHX,Đại học Khoa học Xã hội và Nhân văn - Đại học Quốc gia Hà Nội,QHX04,Đông Nam Á học,D01,24.64,
QHX,Đại học Khoa học Xã hội và Nhân văn - Đại học Quốc gia Hà Nội,QHX05,Đông phương học,D78,26.71,
QHX,Đại học Khoa học Xã hội và Nhân văn - Đại học Quốc gia Hà Nội,QHX26,Hàn Quốc học,D78,27.13,
QHX,Đại học Khoa học Xã hội và Nhân văn - Đại học Quốc gia Hà Nội,QHX26,Hàn Quốc học,A01,26.2,
QHX,Đại học Khoa học Xã hội và Nhân văn - Đại học Quốc gia Hà Nội,QHX06,Hán Nôm,D01,25.05,
QHX,Đại học Khoa học Xã hội và Nhân văn - Đại học Quốc gia Hà Nội,QHX26,Hàn Quốc học,C00,29.05,
QHX,Đại học Khoa học Xã hội và Nhân văn - Đại học Quốc gia Hà Nội,QHX06,Hán Nôm,C00,28.26,
QHX,Đại học Khoa học Xã hội và Nhân văn - Đại học Quốc gia Hà Nội,QHX06,Hán Nôm,D04,25.8,
QHX,Đại học Khoa học Xã hội và Nhân văn - Đại học Quốc gia Hà Nội,QHX06,Hán Nôm,D78,25.96,
QHX,Đại học Khoa học Xã hội và Nhân văn - Đại học Quốc gia Hà Nội,QHX26,Hàn Quốc học,D01,26.3,
QHX,Đại học Khoa học Xã hội và Nhân văn - Đại học Quốc gia Hà Nội,QHX07,Khoa học quản lý,C00,28.58,
QHX,Đại học Khoa học Xã hội và Nhân văn - Đại học Quốc gia Hà Nội,QHX07,Khoa học quản lý,D78,26.26,
QHX,Đại học Khoa học Xã hội và Nhân văn - Đại học Quốc gia Hà Nội,QHX07,Khoa học quản lý,A01,25.07,
QHX,Đại học Khoa học Xã hội và Nhân văn - Đại học Quốc gia Hà Nội,QHX07,Khoa học quản lý,D01,25.41,
QHX,Đại học Khoa học Xã hội và Nhân văn - Đại học Quốc gia Hà Nội,QHX08,Lich sử,D78,26.38,
QHX,Đại học Khoa học Xã hội và Nhân văn - Đại học Quốc gia Hà Nội,QHX08,Lich sử,D04,25.02,
QHX,Đại học Khoa học Xã hội và Nhân văn - Đại học Quốc gia Hà Nội,QHX08,Lich sử,D14,26.8,
QHX,Đại học Khoa học Xã hội và Nhân văn - Đại học Quốc gia Hà Nội,QHX08,Lich sử,C00,28.37,
QHX,Đại học Khoa học Xã hội và Nhân văn - Đại học Quốc gia Hà Nội,QHX08,Lich sử,D01,25.01,
QHX,Đại học Khoa học Xã hội và Nhân văn - Đại học Quốc gia Hà Nội,QHX09,Lưu trữ học,D04,25.02,
QHX,Đại học Khoa học Xã hội và Nhân văn - Đại học Quốc gia Hà Nội,QHX09,Lưu trữ học,D01,25.22,
QHX,Đại học Khoa học Xã hội và Nhân văn - Đại học Quốc gia Hà Nội,QHX09,Lưu trữ học,A01,24.49,
QHX,Đại học Khoa học Xã hội và Nhân văn - Đại học Quốc gia Hà Nội,QHX09,Lưu trữ học,D78,25.73,
QHX,Đại học Khoa học Xã hội và Nhân văn - Đại học Quốc gia Hà Nội,QHX09,Lưu trữ học,C00,27.58,
QHX,Đại học Khoa học Xã hội và Nhân văn - Đại học Quốc gia Hà Nội,QHX10,Ngôn ngữ học,C00,27.94,
QHX,Đại học Khoa học Xã hội và Nhân văn - Đại học Quốc gia Hà Nội,QHX10,Ngôn ngữ học,D78,26.3,
QHX,Đại học Khoa học Xã hội và Nhân văn - Đại học Quốc gia Hà Nội,QHX10,Ngôn ngữ học,D04,25.69,
QHX,Đại học Khoa học Xã hội và Nhân văn - Đại học Quốc gia Hà Nội,QHX10,Ngôn ngữ học,D01,25.45,
QHX,Đại học Khoa học Xã hội và Nhân văn - Đại học Quốc gia Hà Nội,QHX11,Nhân học,D01,24.93,
QHX,Đại học Khoa học Xã hội và Nhân văn - Đại học Quốc gia Hà Nội,QHX11,Nhân học,A01,23.67,
QHX,Đại học Khoa học Xã hội và Nhân văn - Đại học Quốc gia Hà Nội,QHX11,Nhân học,D04,24.75,
QHX,Đại học Khoa học Xã hội và Nhân văn - Đại học Quốc gia Hà Nội,QHX11,Nhân học,D78,25.39,
QHX,Đại học Khoa học Xã hội và Nhân văn - Đại học Quốc gia Hà Nội,QHX11,Nhân học,C00,27.43,
QHX,Đại học Khoa học Xã hội và Nhân văn - Đại học Quốc gia Hà Nội,QHX12,Nhật Bản học,D01,25.75,
QHX,Đại học Khoa học Xã hội và Nhân văn - Đại học Quốc gia Hà Nội,QHX12,Nhật Bản học,D78,26.43,
QHX,Đại học Khoa học Xã hội và Nhân văn - Đại học Quốc gia Hà Nội,QHX12,Nhật Bản học,D06,25,
QHX,Đại học Khoa học Xã hội và Nhân văn - Đại học Quốc gia Hà Nội,QHX17,Quản tri văn phòng,D01,25.73,
QHX,Đại học Khoa học Xã hội và Nhân văn - Đại học Quốc gia Hà Nội,QHX16,Quản trị khách sạn,D01,25.71,
QHX,Đại học Khoa học Xã hội và Nhân văn - Đại học Quốc gia Hà Nội,QHX14,Quản lý thông tin,A01,25.36,
QHX,Đại học Khoa học Xã hội và Nhân văn - Đại học Quốc gia Hà Nội,QHX13,Quan hệ công chúng,D04,26.4,
QHX,Đại học Khoa học Xã hội và Nhân văn - Đại học Quốc gia Hà Nội,QHX17,Quản tri văn phòng,D78,26.52,
QHX,Đại học Khoa học Xã hội và Nhân văn - Đại học Quốc gia Hà Nội,QHX16,Quản trị khách sạn,C00,28.26,
QHX,Đại học Khoa học Xã hội và Nhân văn - Đại học Quốc gia Hà Nội,QHX14,Quản lý thông tin,D78,26.36,
QHX,Đại học Khoa học Xã hội và Nhân văn - Đại học Quốc gia Hà Nội,QHX15,Quản trị dịch vụ du lịch và lữ hành,D01,25.99,
QHX,Đại học Khoa học Xã hội và Nhân văn - Đại học Quốc gia Hà Nội,QHX17,Quản tri văn phòng,C00,28.6,
QHX,Đại học Khoa học Xã hội và Nhân văn - Đại học Quốc gia Hà Nội,QHX15,Quản trị dịch vụ du lịch và lữ hành,A01,25.61,
QHX,Đại học Khoa học Xã hội và Nhân văn - Đại học Quốc gia Hà Nội,QHX13,Quan hệ công chúng,D78,27.36,
QHX,Đại học Khoa học Xã hội và Nhân văn - Đại học Quốc gia Hà Nội,QHX16,Quản trị khách sạn,D78,26.38,
QHX,Đại học Khoa học Xã hội và Nhân văn - Đại học Quốc gia Hà Nội,QHX17,Quản tri văn phòng,D04,25.57,
QHX,Đại học Khoa học Xã hội và Nhân văn - Đại học Quốc gia Hà Nội,QHX16,Quản trị khách sạn,A01,25.46,
QHX,Đại học Khoa học Xã hội và Nhân văn - Đại học Quốc gia Hà Nội,QHX14,Quản lý thông tin,D01,25.83,
QHX,Đại học Khoa học Xã hội và Nhân văn - Đại học Quốc gia Hà Nội,QHX13,Quan hệ công chúng,D01,26.45,
QHX,Đại học Khoa học Xã hội và Nhân văn - Đại học Quốc gia Hà Nội,QHX13,Quan hệ công chúng,C00,29.1,
QHX,Đại học Khoa học Xã hội và Nhân văn - Đại học Quốc gia Hà Nội,QHX15,Quản trị dịch vụ du lịch và lữ hành,D78,26.74,
QHX,Đại học Khoa học Xã hội và Nhân văn - Đại học Quốc gia Hà Nội,QHX17,Quản tri văn phòng,A01,25.5,
QHX,Đại học Khoa học Xã hội và Nhân văn - Đại học Quốc gia Hà Nội,QHX14,Quản lý thông tin,C00,28.37,
QHX,Đại học Khoa học Xã hội và Nhân văn - Đại học Quốc gia Hà Nội,QHX15,Quản trị dịch vụ du lịch và lữ hành,C00,28.58,
QHX,Đại học Khoa học Xã hội và Nhân văn - Đại học Quốc gia Hà Nội,QHX18,Quốc tế học,A01,24.68,
QHX,Đại học Khoa học Xã hội và Nhân văn - Đại học Quốc gia Hà Nội,QHX18,Quốc tế học,C00,28.55,
QHX,Đại học Khoa học Xã hội và Nhân văn - Đại học Quốc gia Hà Nội,QHX18,Quốc tế học,D78,26.18,
QHX,Đại học Khoa học Xã hội và Nhân văn - Đại học Quốc gia Hà Nội,QHX18,Quốc tế học,D01,25.33,
QHX,Đại học Khoa học Xã hội và Nhân văn - Đại học Quốc gia Hà Nội,QHX19,Tâm lý học,A01,26.47,
QHX,Đại học Khoa học Xã hội và Nhân văn - Đại học Quốc gia Hà Nội,QHX19,Tâm lý học,D01,26.18,
QHX,Đại học Khoa học Xã hội và Nhân văn - Đại học Quốc gia Hà Nội,QHX19,Tâm lý học,C00,28.6,
QHX,Đại học Khoa học Xã hội và Nhân văn - Đại học Quốc gia Hà Nội,QHX19,Tâm lý học,D78,26.71,
QHX,Đại học Khoa học Xã hội và Nhân văn - Đại học Quốc gia Hà Nội,QHX20,Thông tin - thư viện,C00,27.38,
QHX,Đại học Khoa học Xã hội và Nhân văn - Đại học Quốc gia Hà Nội,QHX20,Thông tin - thư viện,D78,25.55,
QHX,Đại học Khoa học Xã hội và Nhân văn - Đại học Quốc gia Hà Nội,QHX20,Thông tin - thư viện,D14,26.23,
QHX,Đại học Khoa học Xã hội và Nhân văn - Đại học Quốc gia Hà Nội,QHX20,Thông tin - thư viện,D01,24.82,
QHX,Đại học Khoa học Xã hội và Nhân văn - Đại học Quốc gia Hà Nội,QHX21,Tôn giáo học,C00,26.73,
QHX,Đại học Khoa học Xã hội và Nhân văn - Đại học Quốc gia Hà Nội,QHX21,Tôn giáo học,D04,24.75,
QHX,Đại học Khoa học Xã hội và Nhân văn - Đại học Quốc gia Hà Nội,QHX21,Tôn giáo học,D01,24.49,
QHX,Đại học Khoa học Xã hội và Nhân văn - Đại học Quốc gia Hà Nội,QHX21,Tôn giáo học,D78,24.78,
QHX,Đại học Khoa học Xã hội và Nhân văn - Đại học Quốc gia Hà Nội,QHX21,Tôn giáo học,A01,22.95,
QHX,Đại học Khoa học Xã hội và Nhân văn - Đại học Quốc gia Hà Nội,QHX22,Triết học,D01,25.02,
QHX,Đại học Khoa học Xã hội và Nhân văn - Đại học Quốc gia Hà Nội,QHX22,Triết học,D78,25.54,
QHX,Đại học Khoa học Xã hội và Nhân văn - Đại học Quốc gia Hà Nội,QHX22,Triết học,D04,24.3,
QHX,Đại học Khoa học Xã hội và Nhân văn - Đại học Quốc gia Hà Nội,QHX22,Triết học,C00,27.58,
QHX,Đại học Khoa học Xã hội và Nhân văn - Đại học Quốc gia Hà Nội,QHX23,Văn học,D04,25.3,
QHX,Đại học Khoa học Xã hội và Nhân văn - Đại học Quốc gia Hà Nội,QHX27,Văn hóa học,D01,25.26,
QHX,Đại học Khoa học Xã hội và Nhân văn - Đại học Quốc gia Hà Nội,QHX23,Văn học,D01,25.99,
QHX,Đại học Khoa học Xã hội và Nhân văn - Đại học Quốc gia Hà Nội,QHX27,Văn hóa học,D04,25.31,
QHX,Đại học Khoa học Xã hội và Nhân văn - Đại học Quốc gia Hà Nội,QHX23,Văn học,D78,26.82,
QHX,Đại học Khoa học Xã hội và Nhân văn - Đại học Quốc gia Hà Nội,QHX27,Văn hóa học,C00,27.9,
QHX,Đại học Khoa học Xã hội và Nhân văn - Đại học Quốc gia Hà Nội,QHX27,Văn hóa học,D14,26.05,
QHX,Đại học Khoa học Xã hội và Nhân văn - Đại học Quốc gia Hà Nội,QHX23,Văn học,C00,28.31,
QHX,Đại học Khoa học Xã hội và Nhân văn - Đại học Quốc gia Hà Nội,QHX27,Văn hóa học,D78,26.13,
QHX,Đại học Khoa học Xã hội và Nhân văn - Đại học Quốc gia Hà Nội,QHX24,Việt Nam học,D01,24.97,
QHX,Đại học Khoa học Xã hội và Nhân văn - Đại học Quốc gia Hà Nội,QHX24,Việt Nam học,C00,27.75,
QHX,Đại học Khoa học Xã hội và Nhân văn - Đại học Quốc gia Hà Nội,QHX24,Việt Nam học,D78,25.68,
QHX,Đại học Khoa học Xã hội và Nhân văn - Đại học Quốc gia Hà Nội,QHX24,Việt Nam học,D04,25.29,
QHX,Đại học Khoa học Xã hội và Nhân văn - Đại học Quốc gia Hà Nội,QHX25,Xã hội học,D01,25.65,
QHX,Đại học Khoa học Xã hội và Nhân văn - Đại học Quốc gia Hà Nội,QHX25,Xã hội học,D78,26.34,
QHX,Đại học Khoa học Xã hội và Nhân văn - Đại học Quốc gia Hà Nội,QHX25,Xã hội học,A01,25.2,
QHX,Đại học Khoa học Xã hội và Nhân văn - Đại học Quốc gia Hà Nội,QHX25,Xã hội học,C00,28.25,
VHH,Đại học Văn hóa Hà Nội,7320101,Báo chí,C00 | C19 | D01 | D09 | D14 | D15,27.9,
VHH,Đại học Văn hóa Hà Nội,7320101,Báo chí,C00,28.9,
VHH,Đại học Văn hóa Hà Nội,7320305,Bảo tàng học,C00 | C19 | D01 | D09 | D14 | D15,25.5,
VHH,Đại học Văn hóa Hà Nội,7320305,Bảo tàng học,C00,26.5,
VHH,Đại học Văn hóa Hà Nội,7810101B,"Du lịch - Lữ hành, Hướng dẫn du lịch",C00,27.67,
VHH,Đại học Văn hóa Hà Nội,7810101B,"Du lịch - Lữ hành, Hướng dẫn du lịch",C00 | C19 | D01 | D09 | D14 | D15,26.67,
VHH,Đại học Văn hóa Hà Nội,7810101A,Du lịch - Văn hóa du lịch,C00,27.15,
VHH,Đại học Văn hóa Hà Nội,7810101C,Du lịch - Hướng dẫn du lịch quốc tế,C19 | D01 | D09 | D14 | D15,33.33,
VHH,Đại học Văn hóa Hà Nội,7810101A,Du lịch - Văn hóa du lịch,C00 | C19 | D01 | D09 | D14 | D15,26.15,
VHH,Đại học Văn hóa Hà Nội,7320402,Kinh doanh xuất bản phẩm,C00,25.8,
VHH,Đại học Văn hóa Hà Nội,7320402,Kinh doanh xuất bản phẩm,C00 | C19 | D01 | D09 | D14 | D15,24.8,
VHH,Đại học Văn hóa Hà Nội,7380101,Ngành Luật,C00 | C19 | D01 | D09 | D14 | D15,27.8,
VHH,Đại học Văn hóa Hà Nội,7380101,Ngành Luật,C00,28.8,
VHH,Đại học Văn hóa Hà Nội,7220201,Ngôn ngữ Anh,C19 | D01 | D09 | D14 | D15,34.35,
VHH,Đại học Văn hóa Hà Nội,7320205,Quản lý thông tin,C00,27.1,
VHH,Đại học Văn hóa Hà Nội,7810103B,"Quản trị dịch vụ du lịch và lữ hành, chuyên ngành Hướng dẫn du lịch",C00 | C19 | D01 | D09 | D14 | D15,26.43,
VHH,Đại học Văn hóa Hà Nội,7229042A,"Quản lý văn hóa, chuyên ngành (1) Quản lý hoạt động Văn hóa Xã hội",C00 | C19 | D01 | D09 | D14 | D15,26.97,
VHH,Đại học Văn hóa Hà Nội,7810103A,"Quản trị dịch vụ du lịch và lữ hành, chuyên ngành Quản trị lữ hành",C00 | C19 | D01 | D09 | D14 | D15,26.94,
VHH,Đại học Văn hóa Hà Nội,7229042A,"Quản lý văn hóa, chuyên ngành (1) Quản lý hoạt động Văn hóa Xã hội",C00,27.97,
VHH,Đại học Văn hóa Hà Nội,7810103B,"Quản trị dịch vụ du lịch và lữ hành, chuyên ngành Hướng dẫn du lịch",C00,27.43,
VHH,Đại học Văn hóa Hà Nội,7229042D,Quản lý văn hoá - Biểu diễn nghệ thuật,C00 | C19 | D01 | D09 | D14 | D15,27,
VHH,Đại học Văn hóa Hà Nội,7229042B,Quản lý nhà nước về gia đình,C00 | C19 | D01 | D09 | D14 | D15,26.83,
VHH,Đại học Văn hóa Hà Nội,7810103A,"Quản trị dịch vụ du lịch và lữ hành, chuyên ngành Quản trị lữ hành",C00,27.94,
VHH,Đại học Văn hóa Hà Nội,7320205,Quản lý thông tin,C00 | C19 | D01 | D09 | D14 | D15,26.1,
VHH,Đại học Văn hóa Hà Nội,7229042B,Quản lý nhà nước về gia đình,C00,27.83,
VHH,Đại học Văn hóa Hà Nội,7229042D,Quản lý văn hoá - Biểu diễn nghệ thuật,C00,28,
VHH,Đại học Văn hóa Hà Nội,7320201B,Thông tin thư viện - Thư viện và thiết bị trường học,C19 | D01 | D09 | D14 | D15,22.85,
VHH,Đại học Văn hóa Hà Nội,7320201B,Thông tin thư viện - Thư viện và thiết bị trường học,C00,23.85,
VHH,Đại học Văn hóa Hà Nội,7320201A,Thông tin thư viện - Quản trị thư viện,C00,25.5,
VHH,Đại học Văn hóa Hà Nội,7320201A,Thông tin thư viện - Quản trị thư viện,C19 | D01 | D09 | D14 | D15,24.5,
VHH,Đại học Văn hóa Hà Nội,7229040C,"Văn hóa học, chuyên ngành Truyền thông Văn hóa",C00 | C19 | D01 | D09 | D14 | D15,26.43,
VHH,Đại học Văn hóa Hà Nội,7229040B,Văn hoá học - Văn hoá truyền thông,C00,27.83,
VHH,Đại học Văn hóa Hà Nội,7229040A,"Văn hóa học, chuyên ngành Văn hóa Việt Nam",C00 | C19 | D01 | D09 | D14 | D15,25.52,
VHH,Đại học Văn hóa Hà Nội,7229040A,"Văn hóa học, chuyên ngành Văn hóa Việt Nam",C00,26.52,
VHH,Đại học Văn hóa Hà Nội,7229040C,"Văn hóa học, chuyên ngành Truyền thông Văn hóa",C00,27.43,
VHH,Đại học Văn hóa Hà Nội,7229040B,Văn hoá học - Văn hoá truyền thông,C00 | C19 | D01 | D09 | D14 | D15,26.83,
LCH,Trường Sĩ Quan Chính Trị - Đại học Chính Trị,7310202|21C00,Ngành Xây dựng Đảng và chính quyền Nhà nước (Nam - Phía Bắc),C00,28.55,
LCH,Trường Sĩ Quan Chính Trị - Đại học Chính Trị,7310202|21D01,Ngành Xây dựng Đảng và chính quyền Nhà nước (Nam - Phía Bắc),D01,25.41,
LCH,Trường Sĩ Quan Chính Trị - Đại học Chính Trị,7310202|21A00,Ngành Xây dựng Đảng và chính quyền Nhà nước (Nam - Phía Bắc),A00,26.22,
LCH,Trường Sĩ Quan Chính Trị - Đại học Chính Trị,7310202|22C00,Ngành Xây dựng Đảng và chính quyền Nhà nước (Nam - Phía Nam),C00,27.2,
LCH,Trường Sĩ Quan Chính Trị - Đại học Chính Trị,7310202|22A00,Ngành Xây dựng Đảng và chính quyền Nhà nước (Nam - Phía Nam),A00,24.92,
LCH,Trường Sĩ Quan Chính Trị - Đại học Chính Trị,7310202|21D01,Ngành Xây dựng Đảng và chính quyền Nhà nước (Nam - Phía Bắc),D01,23.2,
HCH,Học Viện Hành Chính Quốc Gia ( phía Bắc ),7310201,Chính trị học,C00,26.05,
HCH,Học Viện Hành Chính Quốc Gia ( phía Bắc ),7310201,Chính trị học,D01,24.05,
HCH,Học Viện Hành Chính Quốc Gia ( phía Bắc ),7310201,Chính trị học,C14 | C20,27.05,
HCH,Học Viện Hành Chính Quốc Gia ( phía Bắc ),7480104,Hệ thống thông tin,A00 | A01 | D01 | D10,23.9,
HCH,Học Viện Hành Chính Quốc Gia ( phía Bắc ),7310101,Kinh tế,A00 | A01 | A07 | D01,24.6,
HCH,Học Viện Hành Chính Quốc Gia ( phía Bắc ),7320303,Lưu trữ học,C00 | D01,23.25,
HCH,Học Viện Hành Chính Quốc Gia ( phía Bắc ),7320303,Lưu trữ học,C19 | C20,26.25,
HCH,Học Viện Hành Chính Quốc Gia ( phía Bắc ),7380101,Ngành Luật,C00,27.8,
HCH,Học Viện Hành Chính Quốc Gia ( phía Bắc ),7380101,Ngành Luật,A00 | A01 | D01,24.8,
HCH,Học Viện Hành Chính Quốc Gia ( phía Bắc ),7220201,Ngôn ngữ Anh,D01 | D14 | D15,25.5,
HCH,Học Viện Hành Chính Quốc Gia ( phía Bắc ),7229042,Quản lý văn hoá,D01 | D14 | D15,24.3,
HCH,Học Viện Hành Chính Quốc Gia ( phía Bắc ),7340404,Quản trị nhân lực,C00,27.8,
HCH,Học Viện Hành Chính Quốc Gia ( phía Bắc ),7810103,Quản trị dịch vụ du lịch và lữ hành,C00,27.2,
HCH,Học Viện Hành Chính Quốc Gia ( phía Bắc ),7340404,Quản trị nhân lực,A00 | A01 | D01,24.8,
HCH,Học Viện Hành Chính Quốc Gia ( phía Bắc ),7310205,Quản lý nhà nước,A01 | D01 | D15,24.4,
HCH,Học Viện Hành Chính Quốc Gia ( phía Bắc ),7340406,Quản trị văn phòng,C00,27.1,
HCH,Học Viện Hành Chính Quốc Gia ( phía Bắc ),7229042,Quản lý văn hoá,C00,26.3,
HCH,Học Viện Hành Chính Quốc Gia ( phía Bắc ),7340406,Quản trị văn phòng,A01 | D01 | D14,25.1,
HCH,Học Viện Hành Chính Quốc Gia ( phía Bắc ),7810103,Quản trị dịch vụ du lịch và lữ hành,D14 | D15,25.2,
HCH,Học Viện Hành Chính Quốc Gia ( phía Bắc ),7310205,Quản lý nhà nước,C00,26.4,
HCH,Học Viện Hành Chính Quốc Gia ( phía Bắc ),7320201,Thông tin - thư viện,A01 | D01,23.6,
HCH,Học Viện Hành Chính Quốc Gia ( phía Bắc ),7320201,Thông tin - thư viện,C00 | C20,25.6,
HCH,Học Viện Hành Chính Quốc Gia ( phía Bắc ),7229040,Văn hoá học,D01 | D14 | D15,24.8,
HCH,Học Viện Hành Chính Quốc Gia ( phía Bắc ),7229040,Văn hoá học,C00,26.8,
HCH,Học Viện Hành Chính Quốc Gia ( phía Bắc ),7310202,Xây dựng Đảng và Chính quyền nhà nước,D01 | D14,24.9,
HCH,Học Viện Hành Chính Quốc Gia ( phía Bắc ),7310202,Xây dựng Đảng và Chính quyền nhà nước,C00,26.9,
HCH,Học Viện Hành Chính Quốc Gia ( phía Bắc ),7310202,Xây dựng Đảng và Chính quyền nhà nước,C19,27.9,
QSB,Đại học Bách khoa - Đại học Quốc gia TP HCM,141,Bảo dưỡng Công nghiệp,A00 | A01,65.44,
QSB,Đại học Bách khoa - Đại học Quốc gia TP HCM,138,Cơ Kỹ thuật,A00 | A01,74.7,
QSB,Đại học Bách khoa - Đại học Quốc gia TP HCM,268,Cơ Kỹ thuật - CLC Tăng cường Tiếng Nhật,A00 | A01,68.75,
QSB,Đại học Bách khoa - Đại học Quốc gia TP HCM,219,"Công nghệ Thực phẩm (CT Chất lượng cao, giảng dạy bằng tiếng Anh, học phí tương ứng)",A00 | B00 | D07,60.11,
QSB,Đại học Bách khoa - Đại học Quốc gia TP HCM,218,Công nghệ sinh học,A00 | B00 | B08 | D07,70.91,
QSB,Đại học Bách khoa - Đại học Quốc gia TP HCM,147,Địa Kỹ thuật xây dựng,A00 | A01 | D07,55.38,
QSB,Đại học Bách khoa - Đại học Quốc gia TP HCM,146,Khoa học dữ liệu,A00 | A01,82.14,
QSB,Đại học Bách khoa - Đại học Quốc gia TP HCM,266,"Khoa học Máy tính - (CLC tăng cường tiếng Nhật) (CT Chất lượng cao, tiên tiến)",A00 | A01,79.63,
QSB,Đại học Bách khoa - Đại học Quốc gia TP HCM,206,"Khoa học Máy tính (CT Chất lượng cao, giảng dạy bằng tiếng Anh, học phí tương ứng)",A00 | A01,83.63,
QSB,Đại học Bách khoa - Đại học Quốc gia TP HCM,106,Khoa học Máy tính; Kỹ thuật Máy tính; (Nhóm ngành),A00 | A01,84.16,
QSB,Đại học Bách khoa - Đại học Quốc gia TP HCM,229,Kĩ thuật vật liệu (chuyên ngành Kỹ thuật Vật liệu công nghệ cao),A00 | A01 | D07,57.96,
QSB,Đại học Bách khoa - Đại học Quốc gia TP HCM,117,Kiến trúc,A00 | A01,70.85,
QSB,Đại học Bách khoa - Đại học Quốc gia TP HCM,217,Kiến trúc (Kiến Trúc Cảnh Quan),A00 | A01,61.08,
QSB,Đại học Bách khoa - Đại học Quốc gia TP HCM,148,Kinh tế xây dựng,A00 | A01,58.59,
QSB,Đại học Bách khoa - Đại học Quốc gia TP HCM,242,"Kỹ thuật Ô tô (CT Chất lượng cao, giảng dạy bằng tiếng Anh, học phí tương ứng)",A00 | A01,65.87,
QSB,Đại học Bách khoa - Đại học Quốc gia TP HCM,211,"Kỹ thuật Cơ điện tử; Chuyên ngành Kỹ thuật Robot (CT chất lượng cao, tiên tiến)",A00 | A01,73.1,
QSB,Đại học Bách khoa - Đại học Quốc gia TP HCM,209,"Kỹ thuật Cơ khí (CLC, giảng dạy bằng tiếng Anh, học phí tương ứng)",A00 | A01,65.77,
QSB,Đại học Bách khoa - Đại học Quốc gia TP HCM,142,Kỹ thuật Ô tô,A00 | A01,78.22,
QSB,Đại học Bách khoa - Đại học Quốc gia TP HCM,114,Kỹ thuật Hóa học; Công nghệ Thực phẩm; Công nghệ Sinh học; (Nhóm ngành),A00 | B00 | D07,77.36,
QSB,Đại học Bách khoa - Đại học Quốc gia TP HCM,125,Kỹ thuật Môi trường; Quản lý Tài nguyên và Môi trường; (Nhóm ngành),A00 | A01 | B00 | D07,61.98,
QSB,Đại học Bách khoa - Đại học Quốc gia TP HCM,210,"Kỹ thuật Cơ điện tử (CT Chất lượng cao, giảng dạy bằng tiếng Anh, học phí tương ứng)",A00 | A01,78,
QSB,Đại học Bách khoa - Đại học Quốc gia TP HCM,208,"Kỹ thuật Điện - Điện tử (CT Tiên tiến, giảng dạy bằng tiếng Anh, học phí tương ứng)",A00 | A01,76.71,
QSB,Đại học Bách khoa - Đại học Quốc gia TP HCM,109,Kỹ thuật Cơ khí; Kỹ thuật Cơ điện tử; (Nhóm ngành),A00 | A01,73.89,
QSB,Đại học Bách khoa - Đại học Quốc gia TP HCM,112,Kỹ thuật Dệt; Công nghệ Dệt may; (Nhóm ngành),A00 | A01,55.51,
QSB,Đại học Bách khoa - Đại học Quốc gia TP HCM,215,"Kỹ thuật Xây dựng (CT Chất lượng cao, giảng dạy bằng tiếng Anh, học phí tương ứng)",A00 | A01,58.59,
QSB,Đại học Bách khoa - Đại học Quốc gia TP HCM,129,Kỹ thuật Vật liệu,A00 | A01 | D07,68.5,
QSB,Đại học Bách khoa - Đại học Quốc gia TP HCM,107,Kỹ thuật máy tính,A00 | A01,82.87,
QSB,Đại học Bách khoa - Đại học Quốc gia TP HCM,245,"Kỹ thuật Xây dựng Công trình Giao thông (CT Chất lượng cao, giảng dạy bằng tiếng Anh, học phí tương ứng)",A00 | A01,73.5,
QSB,Đại học Bách khoa - Đại học Quốc gia TP HCM,220,"Kỹ thuật Dầu khí (CT Chất lượng cao, giảng dạy bằng tiếng Anh, học phí tương ứng)",A00 | A01 | D07,57.88,
QSB,Đại học Bách khoa - Đại học Quốc gia TP HCM,214,"Kỹ thuật Hóa học (CT Chất lượng cao, giảng dạy bằng tiếng Anh, học phí tương ứng)",A00 | B00 | D07,64.68,
QSB,Đại học Bách khoa - Đại học Quốc gia TP HCM,145,Kỹ thuật Tàu thủy; Kỹ thuật Hàng không (Song ngành từ 2020),A00 | A01,75.38,
QSB,Đại học Bách khoa - Đại học Quốc gia TP HCM,115,Kỹ thuật Xây dựng; Kỹ thuật Xây dựng Công trình giao thông; Kỹ thuật  Xây dựng Công trình thủy; Kỹ thuật  Xây dựng Công trình biển; Kỹ thuật Cơ sở hạ tầng; (Nhóm ngành),A00 | A01,62.01,
QSB,Đại học Bách khoa - Đại học Quốc gia TP HCM,128,Kỹ thuật Hệ thống Công nghiệp; Logistics và Quản lý chuỗi Cung ứng,A00 | A01,80.1,
QSB,Đại học Bách khoa - Đại học Quốc gia TP HCM,207,"Kỹ thuật Máy tính (CT Chất lượng cao, giảng dạy bằng tiếng Anh, học phí tương ứng)",A00 | A01,80.41,
QSB,Đại học Bách khoa - Đại học Quốc gia TP HCM,120,Kỹ thuật Địa chất; Kỹ thuật Dầu khí; (Nhóm ngành),A00 | A01 | D07,66.11,
QSB,Đại học Bách khoa - Đại học Quốc gia TP HCM,108,Kỹ thuật Điện; Kỹ thuật Điện tử - Viễn thông; Kỹ thuật Điều khiển và tự động hóa; (Nhóm ngành),A00 | A01,80.03,
QSB,Đại học Bách khoa - Đại học Quốc gia TP HCM,110,Kỹ thuật Cơ điện tử,A00 | A01,81.33,
QSB,Đại học Bách khoa - Đại học Quốc gia TP HCM,140,Kỹ thuật Nhiệt (Nhiệt lạnh),A00 | A01,72.01,
QSB,Đại học Bách khoa - Đại học Quốc gia TP HCM,228,"Logistics và Quản lý chuỗi cung ứng (CT Chất lượng cao, tiên tiến)",A00 | A01,74.47,
QSB,Đại học Bách khoa - Đại học Quốc gia TP HCM,123,Quản lý Công nghiệp,A00 | A01 | D01 | D07,77.28,
QSB,Đại học Bách khoa - Đại học Quốc gia TP HCM,223,"Quản lý Công nghiệp (CT Chất lượng cao, giảng dạy bằng tiếng Anh, học phí tương ứng)",A00 | A01 | D01 | D07,65.03,
QSB,Đại học Bách khoa - Đại học Quốc gia TP HCM,225,"Quản lý Tài nguyên và Môi trường (CT Chất lượng cao, giảng dạy bằng tiếng Anh, học phí tương ứng)",A00 | A01 | B00 | D07,61.59,
QSB,Đại học Bách khoa - Đại học Quốc gia TP HCM,237,"Vật lý Kỹ thuật_Chuyên ngành Kỹ thuật Y sinh (CT Chất lượng cao, tiên tiến)",A00 | A01,57.23,
QSB,Đại học Bách khoa - Đại học Quốc gia TP HCM,137,Vật lý Kỹ thuật,A00 | A01,73.86,
DDP,Phân Hiệu Đại học Đà Nẵng tại Kon Tum,7480201,Công nghệ thông tin,A00 | A01 | D01 | D07,25,
DDP,Phân Hiệu Đại học Đà Nẵng tại Kon Tum,7140201,Giáo dục Mầm non,M01 | M09,25.25,
DDP,Phân Hiệu Đại học Đà Nẵng tại Kon Tum,7140202,Giáo dục Tiểu học,A00 | B03 | C00 | D01,25.73,
DDP,Phân Hiệu Đại học Đà Nẵng tại Kon Tum,7340301,Kế toán,A00 | A09 | C00 | D01,25,
DDP,Phân Hiệu Đại học Đà Nẵng tại Kon Tum,7380107,Luật kinh tế,A00 | A09 | C00 | D01,28.75,
DDP,Phân Hiệu Đại học Đà Nẵng tại Kon Tum,7310205,Quản lý nhà nước,A00 | A09 | C00 | D01,22.7,
DDP,Phân Hiệu Đại học Đà Nẵng tại Kon Tum,7340101,Quản trị Kinh doanh,A00 | A09 | C00 | D01,25,
TTN,Đại học Tây Nguyên,7620112,Bảo vệ thực vật,A00,15,
TTN,Đại học Tây Nguyên,7620105,Chăn nuôi,A00,15,
TTN,Đại học Tây Nguyên,7480201,Công nghệ thông tin,A00,16.85,
TTN,Đại học Tây Nguyên,7420201YD,Công nghệ sinh học Y Dược,A00,15,
TTN,Đại học Tây Nguyên,7340205,Công nghệ tài chính,A00,15,
TTN,Đại học Tây Nguyên,7540101,Công nghệ thực phẩm,A00,15,
TTN,Đại học Tây Nguyên,7420201,Công nghệ sinh học,A00,15,
TTN,Đại học Tây Nguyên,7720301,Điều dưỡng,B00,20.85,
TTN,Đại học Tây Nguyên,7140206,Giáo dục Thể chất,T01,25.31,
TTN,Đại học Tây Nguyên,7140201,Giáo dục Mầm non,M01,21.25,
TTN,Đại học Tây Nguyên,7140202,Giáo dục Tiểu học,A00,26.4,
TTN,Đại học Tây Nguyên,7140205,Giáo dục Chính trị,C00,26.36,
TTN,Đại học Tây Nguyên,7140202JR,Giáo dục Tiểu học - Tiếng J'rai,A00,25.21,
TTN,Đại học Tây Nguyên,7340301,Kế toán,A00,18.55,
TTN,Đại học Tây Nguyên,7620110,Khoa học cây trồng,A00,15,
TTN,Đại học Tây Nguyên,7620115,Kinh tế nông nghiệp,A00,15,
TTN,Đại học Tây Nguyên,7310105,Kinh tế phát triển,A00,15.65,
TTN,Đại học Tây Nguyên,7340121,Kinh doanh thương mại,A00,20.35,
TTN,Đại học Tây Nguyên,7310101,Kinh tế,A00,17.55,
TTN,Đại học Tây Nguyên,7720601,Kỹ thuật xét nghiệm y học,B00,21.55,
TTN,Đại học Tây Nguyên,7620205,Lâm sinh,A00,15,
TTN,Đại học Tây Nguyên,7220201,Ngôn ngữ Anh,D01,20.1,
TTN,Đại học Tây Nguyên,7850103,Quản lý đất đai,A00,15,
TTN,Đại học Tây Nguyên,7340101,Quản trị Kinh doanh,A00,18.35,
TTN,Đại học Tây Nguyên,7140231,Sư phạm Tiếng Anh,D01,26.62,
TTN,Đại học Tây Nguyên,7140209,Sư phạm Toán học,A00,25.91,
TTN,Đại học Tây Nguyên,7140217,Sư phạm Ngữ văn,C00,27.58,
TTN,Đại học Tây Nguyên,7140212,Sư phạm Hóa học,A00,25.32,
TTN,Đại học Tây Nguyên,7140247,Sư phạm khoa học tự nhiên,A00,24.34,
TTN,Đại học Tây Nguyên,7140211,Sư phạm Vật lý,A00,25.45,
TTN,Đại học Tây Nguyên,7140213,Sư phạm Sinh học,A02,24.05,
TTN,Đại học Tây Nguyên,7340201,Tài chính – Ngân hàng,A00,20.55,
TTN,Đại học Tây Nguyên,7310403,Tâm lý học giáo dục,C00,23.25,
TTN,Đại học Tây Nguyên,7640101,Thú y,A00,18.15,
TTN,Đại học Tây Nguyên,7229001,Triết học,C00,15,
TTN,Đại học Tây Nguyên,7229030,Văn học,C00,23.48,
TTN,Đại học Tây Nguyên,7720101,Y khoa,B00,25.01,
MDA,Đại học Mỏ - Địa chất,7850202,"An toàn, Vệ sinh lao động",A00 | A01 | B00 | D01,18,
MDA,Đại học Mỏ - Địa chất,7480201,Công nghệ thông tin,A00 | A01 | D01 | D07,23.75,
MDA,Đại học Mỏ - Địa chất,7510301,"Công nghệ kỹ thuật điện, điện tử",A00 | A01 | C01 | D01,23.75,
MDA,Đại học Mỏ - Địa chất,7510401,Công nghệ kỹ thuật hoá học,A00 | A06 | B00 | D07,19,
MDA,Đại học Mỏ - Địa chất,7520606,Công nghệ số trong thăm dò và khai thác tài nguyên thiên nhiên,A00 | A01 | D01 | D07,16,
MDA,Đại học Mỏ - Địa chất,7520505,Đá quý Đá mỹ nghệ,A00 | C04 | D01 | D10,15,
MDA,Đại học Mỏ - Địa chất,7440201,Địa chất học,A00 | C04 | D01 | D07,16,
MDA,Đại học Mỏ - Địa chất,7480206,Địa tin học,A00 | C04 | D01 | D10,17.5,
MDA,Đại học Mỏ - Địa chất,7810105,Du lịch địa chất,C04 | D01 | D07 | D10,20,
MDA,Đại học Mỏ - Địa chất,7720203,Hoá dược,A00 | A06 | B00 | D07,19,
MDA,Đại học Mỏ - Địa chất,7340301,Kế toán,A00 | A01 | D01 | D07,23.75,
MDA,Đại học Mỏ - Địa chất,7460108,Khoa học dữ liệu (Data Science),A00 | A01 | D01 | D07,21.75,
MDA,Đại học Mỏ - Địa chất,7520218,Kỹ thuật Robot và trí tuệ nhân tạo,A00 | A01 | C01 | D01,23.25,
MDA,Đại học Mỏ - Địa chất,7520103,Kỹ thuật cơ khí,A00 | A01 | C01 | D01,24,
MDA,Đại học Mỏ - Địa chất,7520501,Kỹ thuật địa chất,A00 | A01 | C04 | D01,15,
MDA,Đại học Mỏ - Địa chất,7580211,Kỹ thuật cơ sở hạ tầng,A00 | A01 | C04 | D01,16,
MDA,Đại học Mỏ - Địa chất,7520502,Kỹ thuật địa vật lý,A00 | A01 | A04 | D07,16,
MDA,Đại học Mỏ - Địa chất,7520201,Kỹ thuật điện,A00 | A01 | C01 | D01,22.25,
MDA,Đại học Mỏ - Địa chất,7520301,Kỹ thuật hóa học,A00 | A01 | B00 | D07,19,
MDA,Đại học Mỏ - Địa chất,7520116,Kỹ thuật cơ khí động lực,A00 | A01 | C01 | D01,24,
MDA,Đại học Mỏ - Địa chất,7520607,Kỹ thuật tuyển khoáng,A00 | A06 | B00 | D07,18,
MDA,Đại học Mỏ - Địa chất,7520605,Kỹ thuật khí thiên nhiên,A00 | A01 | D01 | D07,16,
MDA,Đại học Mỏ - Địa chất,7580201,Kỹ thuật xây dựng,A00 | A01 | C04 | D01,20.5,
MDA,Đại học Mỏ - Địa chất,7520114,Kỹ thuật cơ điện tử,A00 | A01 | C01 | D01,24,
MDA,Đại học Mỏ - Địa chất,7520601,Kỹ thuật mỏ,A00 | A01 | C01 | D01,17,
MDA,Đại học Mỏ - Địa chất,7580212,Kỹ thuật tài nguyên nước,A00 | A01 | C04 | D01,15,
MDA,Đại học Mỏ - Địa chất,7520604,Kỹ thuật dầu khí,A00 | A01 | D01 | D07,19,
MDA,Đại học Mỏ - Địa chất,7520503,Kỹ thuật trắc địa – bản đồ,A00 | C04 | D01 | D10,15.5,
MDA,Đại học Mỏ - Địa chất,7580205,Kỹ thuật xây dựng công trình giao thông,A00 | A01 | C04 | D01,17,
MDA,Đại học Mỏ - Địa chất,7520130,Kỹ thuật ô tô,A00 | A01 | C01 | D01,24,
MDA,Đại học Mỏ - Địa chất,7520320,Ngành Kỹ thuật môi trường,A00 | B00 | C04 | D01,16,
MDA,Đại học Mỏ - Địa chất,7520216,Ngành Kỹ thuật điều khiển & Tự động hóa,A00 | A01 | C01 | D01,24.5,
MDA,Đại học Mỏ - Địa chất,7850103,Quản lý đất đai,A00 | A01 | C04 | D01,23.1,
MDA,Đại học Mỏ - Địa chất,7580302,Quản lý xây dựng,A00 | A01 | C04 | D01,19.5,
MDA,Đại học Mỏ - Địa chất,7580109,Quản lý phát triển đô thị và bất động sản,A00 | C04 | D01 | D10,24.1,
MDA,Đại học Mỏ - Địa chất,7340101,Quản trị Kinh doanh,A00 | A01 | D01 | D07,23.75,
MDA,Đại học Mỏ - Địa chất,7440229,Quản lý và phân tích dữ liệu khoa học trái đất,A00 | A01 | A04 | D07,18,
MDA,Đại học Mỏ - Địa chất,7850101,Quản lý tài nguyên và môi trường,A00 | B00 | C04 | D01,21.5,
MDA,Đại học Mỏ - Địa chất,7510601,Quản lý công nghiệp,A00 | A01 | D01 | D07,21.25,
MDA,Đại học Mỏ - Địa chất,7340201,Tài chính – Ngân hàng,A00 | A01 | D01 | D07,23.75,
MDA,Đại học Mỏ - Địa chất,7580204,Xây dựng công trình ngầm thành phố và Hệ thống tàu điện ngầm,A00 | A01 | C04 | D01,16,
DNU,Đại học Đồng Nai,7510301,"Công nghệ kỹ thuật điện, điện tử",A00,17,
DNU,Đại học Đồng Nai,7140202,Giáo dục Tiểu học,A00,24.25,
DNU,Đại học Đồng Nai,7140201,Giáo dục Mầm non,M05,22.25,
DNU,Đại học Đồng Nai,51140201,Giáo dục Mầm non,M05,20.5,
DNU,Đại học Đồng Nai,7340301,Kế toán,A00,19.75,
DNU,Đại học Đồng Nai,7520103,Kỹ thuật cơ khí,A00,17,
DNU,Đại học Đồng Nai,7220201,Ngôn ngữ Anh,A01,22.75,
DNU,Đại học Đồng Nai,7340101,Quản trị Kinh doanh,A00,18.5,
DNU,Đại học Đồng Nai,7140231,Sư phạm Tiếng Anh,A01,24.75,
DNU,Đại học Đồng Nai,7140209,Sư phạm Toán học,A00,25.25,
DNU,Đại học Đồng Nai,7140217,Sư phạm Ngữ văn,C00,25.5,
TTB,Đại học Tây Bắc,7620112,Bảo vệ thực vật,A02 | B00 | B04 | D08,15,
TTB,Đại học Tây Bắc,7620105,Chăn nuôi,A02 | B00 | B04 | D08,15,
TTB,Đại học Tây Bắc,7480201,Công nghệ thông tin,A00 | A01 | A02 | D01,18.5,
TTB,Đại học Tây Bắc,7720401,Dinh dưỡng,A11 | B00 | B04,15,
TTB,Đại học Tây Bắc,7140205,Giáo dục Chính trị,C00 | C10 | C20 | D01,27.78,
TTB,Đại học Tây Bắc,7140202,Giáo dục Tiểu học,A00 | A01 | C00 | D01,27.5,
TTB,Đại học Tây Bắc,7140206,Giáo dục Thể chất,T00 | T03 | T04 | T05,25.57,
TTB,Đại học Tây Bắc,7140201,Giáo dục Mầm non,M01 | M05 | M07 | M13,23.3,
TTB,Đại học Tây Bắc,7340301,Kế toán,A00 | A01 | A02 | D01,15,
TTB,Đại học Tây Bắc,7620205,Lâm sinh,A02 | B00 | B04 | D08,15,
TTB,Đại học Tây Bắc,7620109,Nông học,A02 | B00 | B04 | D08,15,
TTB,Đại học Tây Bắc,7620211,Quản lý tài nguyên rừng,A02 | B00 | B04 | D08,15,
TTB,Đại học Tây Bắc,7850101,Quản lý tài nguyên và môi trường,A00 | A01 | A02 | B00,15,
TTB,Đại học Tây Bắc,7810103,Quản trị dịch vụ du lịch và lữ hành,A00 | A01 | C00 | D01,22,
TTB,Đại học Tây Bắc,7340101,Quản trị Kinh doanh,A00 | A01 | C00 | D01,15,
TTB,Đại học Tây Bắc,7140213,Sư phạm Sinh học,A02 | B00 | B03 | D08,23.95,
TTB,Đại học Tây Bắc,7140218,Sư phạm Lịch sử,C00 | C03 | C19 | D14,28,
TTB,Đại học Tây Bắc,7140212,Sư phạm Hóa học,A00 | A11 | B00 | D07,24.52,
TTB,Đại học Tây Bắc,7140210,Sư phạm Tin học (Chuyên ngành Tin học – Công nghệ Tiểu học),A00 | A01 | A02 | D01,23.16,
TTB,Đại học Tây Bắc,7140231,Sư phạm Tiếng Anh,A01 | D01 | D14 | D15,25.57,
TTB,Đại học Tây Bắc,7140209,Sư phạm Toán học,A00 | A01 | A02 | D01,25.34,
TTB,Đại học Tây Bắc,7140219,Sư phạm Địa lý,C00 | C20 | D10 | D15,27.96,
TTB,Đại học Tây Bắc,7140217,Sư phạm Ngữ văn,C00 | C19 | D01 | D14,28.11,
TTB,Đại học Tây Bắc,7140211,Sư phạm Vật lý,A00 | A01 | A02 | A04,23.96,
TTB,Đại học Tây Bắc,7340201,Tài chính – Ngân hàng,A00 | A01 | A02 | D01,15,
TBD,Đại học Thái Bình Dương,7480201,Công nghệ thông tin,A00 | A01 | D01 | D03 | D06 | D07 | D23 | D24 | D28 | D29,15,
TBD,Đại học Thái Bình Dương,7310608,Đông phương học,C00 | C19 | C20 | D01,15,
TBD,Đại học Thái Bình Dương,7810101,Du lịch,A01 | A07 | D01 | D03 | D06 | D14,15,
TBD,Đại học Thái Bình Dương,7340301,Kế toán,A00 | A01 | A09 | D01,15,
TBD,Đại học Thái Bình Dương,7480103,Kỹ thuật phần mềm,A00 | A01 | D01 | D03 | D06 | D07 | D23 | D24 | D28 | D29,15,
TBD,Đại học Thái Bình Dương,7510605,Logistics và Quản lý chuỗi cung ứng,A00 | A01 | A09 | D01,15,
TBD,Đại học Thái Bình Dương,7340115,Marketing,A00 | A01 | A09 | D01,15,
TBD,Đại học Thái Bình Dương,7380101,Ngành Luật,A00 | A07 | C20 | D01,15,
TBD,Đại học Thái Bình Dương,7220201,Ngôn ngữ Anh,D01 | D14 | D66 | D84,15,
TBD,Đại học Thái Bình Dương,7810201,Quản trị khách sạn,A01 | A07 | D01 | D03 | D06 | D14,15,
TBD,Đại học Thái Bình Dương,7340101,Quản trị Kinh doanh,A00 | A01 | A09 | D01,15,
TBD,Đại học Thái Bình Dương,7340201,Tài chính – Ngân hàng,A00 | A01 | A09 | D01,15,
TBD,Đại học Thái Bình Dương,7210403,Thiết kế đồ họa,A00 | A01 | D01 | H06,15,
TBD,Đại học Thái Bình Dương,7480207,Trí tuệ nhân tạo,A00 | A01 | D01 | D03 | D06 | D07 | D23 | D24 | D28 | D29,15,
TBD,Đại học Thái Bình Dương,7320104,Truyền thông đa phương tiện,A01 | C00 | D01 | D14,15,
HVN,Học viện Nông nghiệp Việt Nam,HVN02,Chăn nuôi thú y - thuỷ sản,A00 | B00 | B08 | D01,17,
HVN,Học viện Nông nghiệp Việt Nam,HVN10,Công nghệ thực phẩm và Chế biến,A00 | B00 | D01 | D07,19,
HVN,Học viện Nông nghiệp Việt Nam,HVN14,Công nghệ thông tin và Kỹ thuật số,A00 | A01 | D01 | D07,19,
HVN,Học viện Nông nghiệp Việt Nam,HVN09,Công nghệ sinh học và Công nghệ dược liệu,A00 | B00 | B08 | D01,18,
HVN,Học viện Nông nghiệp Việt Nam,HVN04,Công nghệ kỹ thuật ô tô và Cơ điện tử,A00 | A01 | A09 | D01,18,
HVN,Học viện Nông nghiệp Việt Nam,HVN16,Khoa học môi trường,A00 | A01 | B00 | D01,17,
HVN,Học viện Nông nghiệp Việt Nam,HVN11,Kinh tế và Quản lý,A00 | C04 | D01 | D07,18,
HVN,Học viện Nông nghiệp Việt Nam,HVN05,Kỹ thuật cơ khí,A00 | A01 | A09 | D01,18,
HVN,Học viện Nông nghiệp Việt Nam,HVN06,"Kỹ thuật điện, Điện tử và Tự động hoá",A00 | A01 | A09 | D01,22.5,
HVN,Học viện Nông nghiệp Việt Nam,HVN07,Logistics và Quản lý chuỗi cung ứng,A00 | A09 | C20 | D01,25.25,
HVN,Học viện Nông nghiệp Việt Nam,HVN13,Luật,A09 | C00 | C20 | D01,24.75,
HVN,Học viện Nông nghiệp Việt Nam,HVN17,Ngôn ngữ Anh,D01 | D07 | D14 | D15,18,
HVN,Học viện Nông nghiệp Việt Nam,HVN03,Nông nghiệp sinh thái và Nông nghiệp đô thị,A00 | A09 | B00 | D01,17,
HVN,Học viện Nông nghiệp Việt Nam,HVN15,"Quản lý đất đai, Bất động sản và Môi trường",A00 | A01 | B00 | D01,16.5,
HVN,Học viện Nông nghiệp Việt Nam,HVN08,"Quản trị kinh doanh, Thương mại và Du lịch",A00 | A09 | C20 | D01,18,
HVN,Học viện Nông nghiệp Việt Nam,HVN18,Sư phạm công nghệ,A00 | A01 | B00 | D01,22.25,
HVN,Học viện Nông nghiệp Việt Nam,HVN01,Thú y,A00 | A01 | B00 | D01,19,
HVN,Học viện Nông nghiệp Việt Nam,HVN12,Xã hội học,A09 | C00 | C20 | D01,18,
QSQ,Đại học Quốc tế - Đại học Quốc gia TP HCM,7480201,Công nghệ thông tin,A00 | A01,24,
QSQ,Đại học Quốc tế - Đại học Quốc gia TP HCM,7540101,Công nghệ thực phẩm,A00 | A01 | B00 | D07,19,
QSQ,Đại học Quốc tế - Đại học Quốc gia TP HCM,7420201,Công nghệ sinh học,A00 | B00 | B08 | D07,20.5,
QSQ,Đại học Quốc tế - Đại học Quốc gia TP HCM,7480101_WE4,Công nghệ thông tin (LK với ĐH West of England) (4+0),A00 | A01,21,
QSQ,Đại học Quốc tế - Đại học Quốc gia TP HCM,7480201_SB,Công nghệ thông tin (LK với ĐH Suny Binghamton) (2+2),A00 | A01,21,
QSQ,Đại học Quốc tế - Đại học Quốc gia TP HCM,7340201_MQ,CTLK Tài chính với ĐH Macquarie,A00 | A01 | D01 | D07,20,
QSQ,Đại học Quốc tế - Đại học Quốc gia TP HCM,7340101_WE,CTLK - Quản trị kinh doanh,A00 | A01 | D01 | D07,18,
QSQ,Đại học Quốc tế - Đại học Quốc gia TP HCM,7220201_WE3,CTLK - Ngôn ngữ Anh,D01 | D09 | D14 | D15,30,tiếng Anh x2
QSQ,Đại học Quốc tế - Đại học Quốc gia TP HCM,7340101_AU,CTLK - Quản trị kinh doanh,A00 | A01 | D01 | D07,18,
QSQ,Đại học Quốc tế - Đại học Quốc gia TP HCM,7420201_WE4,CTLK - Công nghệ sinh học,A00 | B00 | B08 | D07,18,
QSQ,Đại học Quốc tế - Đại học Quốc gia TP HCM,7520118_SB,CTLK - Công nghệ sinh học,A00 | A01 | D01,18,CTLK Kỹ thuật hệ thống công nghiệp
QSQ,Đại học Quốc tế - Đại học Quốc gia TP HCM,7340101_UH,CTLK - Quản trị kinh doanh,A00 | A01 | D01 | D07,18,
QSQ,Đại học Quốc tế - Đại học Quốc gia TP HCM,7220201_WE2,CTLK - Ngôn ngữ Anh,D01 | D09 | D14 | D15,30,tiếng Anh x2
QSQ,Đại học Quốc tế - Đại học Quốc gia TP HCM,7340101_NS,CTLK - Quản trị kinh doanh,A00 | A01 | D01 | D07,18,
QSQ,Đại học Quốc tế - Đại học Quốc gia TP HCM,7520207_WE,CTLK - Điện tử - viễn thông,A00 | A01 | B00 | D01,18,
QSQ,Đại học Quốc tế - Đại học Quốc gia TP HCM,7340101_WE4,CTLK - Quản trị kinh doanh,A00 | A01 | D01 | D07,18,
QSQ,Đại học Quốc tế - Đại học Quốc gia TP HCM,7220201_WE4,CTLK - Ngôn ngữ Anh,D01 | D09 | D14 | D15,30,tiếng Anh x2
QSQ,Đại học Quốc tế - Đại học Quốc gia TP HCM,7340301_MQ,CTLK Kế toán Macquaire,A00 | A01 | D01 | D07,20,
QSQ,Đại học Quốc tế - Đại học Quốc gia TP HCM,7420201_WE2,CTLK - Công nghệ sinh học,A00 | B00 | B08 | D07,18,
QSQ,Đại học Quốc tế - Đại học Quốc gia TP HCM,7460112,ĐH Toán ứng dụng,A00 | A01,20,
QSQ,Đại học Quốc tế - Đại học Quốc gia TP HCM,7440112,Hóa học,A00 | B00 | B08 | D07,19,
QSQ,Đại học Quốc tế - Đại học Quốc gia TP HCM,7340301,Kế toán,A00 | A01 | D01 | D07,22.5,
QSQ,Đại học Quốc tế - Đại học Quốc gia TP HCM,7480101,Khoa học máy tính,A00 | A01,24,
QSQ,Đại học Quốc tế - Đại học Quốc gia TP HCM,7480101_WE2,Khoa học máy tính (CTLK với ĐH West of England) (2+2),A00 | A01,21,
QSQ,Đại học Quốc tế - Đại học Quốc gia TP HCM,7460108,Khoa học dữ liệu (Data Science),A00 | A01,24,
QSQ,Đại học Quốc tế - Đại học Quốc gia TP HCM,7310101,Kinh tế,A00 | A01 | D01 | D07,23.25,
QSQ,Đại học Quốc tế - Đại học Quốc gia TP HCM,7520207_SB,Kỹ thuật điện tử (CTLK với ĐH Suny Binghamton) (2+2),A00 | A01 | B00 | D01,18,
QSQ,Đại học Quốc tế - Đại học Quốc gia TP HCM,7520301,Kỹ thuật hóa học,A00 | A01 | B00 | D07,19.5,
QSQ,Đại học Quốc tế - Đại học Quốc gia TP HCM,7580201,Kỹ thuật xây dựng,A00 | A01 | D07,18,
QSQ,Đại học Quốc tế - Đại học Quốc gia TP HCM,7520212,Kỹ thuật y sinh,A00 | B00 | B08 | D07,21,
QSQ,Đại học Quốc tế - Đại học Quốc gia TP HCM,7520118,Kỹ thuật hệ thống công nghiệp,A00 | A01 | D01,18,
QSQ,Đại học Quốc tế - Đại học Quốc gia TP HCM,7580201_DK,Kỹ thuật Xây dựng (LK với ĐH Deakin) (2+2),A00 | A01 | D07,18,
QSQ,Đại học Quốc tế - Đại học Quốc gia TP HCM,7520121,Kỹ thuật không gian,A00 | A01 | A02 | D90,21,
QSQ,Đại học Quốc tế - Đại học Quốc gia TP HCM,7510605,Logistics và Quản lý chuỗi cung ứng,A00 | A01 | D01,24,
QSQ,Đại học Quốc tế - Đại học Quốc gia TP HCM,7340115,Marketing,A00 | A01 | D01 | D07,23,
QSQ,Đại học Quốc tế - Đại học Quốc gia TP HCM,7520207,Ngành Kỹ thuật điện tử truyền thông,A00 | A01 | B00 | D01,21,
QSQ,Đại học Quốc tế - Đại học Quốc gia TP HCM,7520216,Ngành Kỹ thuật điều khiển & Tự động hóa,A00 | A01 | B00 | D01,21.5,
QSQ,Đại học Quốc tế - Đại học Quốc gia TP HCM,7220201,Ngôn ngữ Anh,D01 | D09 | D14 | D15,34.5,tiếng Anh x2
QSQ,Đại học Quốc tế - Đại học Quốc gia TP HCM,7580302,Quản lý xây dựng,A00 | A01 | D01 | D07,18,
QSQ,Đại học Quốc tế - Đại học Quốc gia TP HCM,7340101_AND,"Quản trị kinh doanh (Đại học Andrews, Hoa Kỳ) (4+0)",A00 | A01 | D01 | D07,18,
QSQ,Đại học Quốc tế - Đại học Quốc gia TP HCM,7340101_LU,Quản trị kinh doanh (Chương trình liên kết với ĐH Lakehead) (2+2),A00 | A01 | D01 | D07,18,
QSQ,Đại học Quốc tế - Đại học Quốc gia TP HCM,7340101,Quản trị Kinh doanh,A00 | A01 | D01 | D07,22.5,
QSQ,Đại học Quốc tế - Đại học Quốc gia TP HCM,7340101_SY,Quản trị kinh doanh (CTLK với ĐH Sydney) (2+2),A00 | A01 | D01 | D07,18,
QSQ,Đại học Quốc tế - Đại học Quốc gia TP HCM,7340201,Tài chính – Ngân hàng,A00 | A01 | D01 | D07,22.5,
QSQ,Đại học Quốc tế - Đại học Quốc gia TP HCM,7460201,Thống kê,A00 | A01,19,
QHY,Đại học Y Dược - Đại học Quốc Gia Hà Nội,7720301,Điều dưỡng,B00,24.49,
QHY,Đại học Y Dược - Đại học Quốc Gia Hà Nội,7720201,Dược học,A00,25.1,
QHY,Đại học Y Dược - Đại học Quốc Gia Hà Nội,7720601,Kỹ thuật xét nghiệm y học,B00,24.83,
QHY,Đại học Y Dược - Đại học Quốc Gia Hà Nội,7720602,Kỹ thuật hình ảnh y học,B00,24.49,
QHY,Đại học Y Dược - Đại học Quốc Gia Hà Nội,7720501,Răng- Hàm -Mặt,B00,27,
QHY,Đại học Y Dược - Đại học Quốc Gia Hà Nội,7720101,Y khoa,B00,27.15,
TDH,Đại Học Sư Phạm Thể Dục Thể Thao Hà Nội,7140208,Giáo dục Quốc phòng - An ninh,C00 | C19 | D66,36.03,
TDH,Đại Học Sư Phạm Thể Dục Thể Thao Hà Nội,7140206,Giáo dục Thể chất,T00 | T02 | T05,33.42,
TDH,Đại Học Sư Phạm Thể Dục Thể Thao Hà Nội,7810302,Golf,T00 | T02 | T05,27.87,
DKC,Đại học Công nghệ TP HCM,7480202,An toàn thông tin,A00 | A01 | C01 | D01,18,
DKC,Đại học Công nghệ TP HCM,7340116,Bất động sản,A00 | A01 | C00 | D01,16,
DKC,Đại học Công nghệ TP HCM,7420207,Công nghệ thẩm mỹ,A00 | B00 | C08 | D07,16,
DKC,Đại học Công nghệ TP HCM,7540101,Công nghệ thực phẩm,A00 | B00 | C08 | D07,17,
DKC,Đại học Công nghệ TP HCM,7480201,Công nghệ thông tin,A00 | A01 | C01 | D01,21,
DKC,Đại học Công nghệ TP HCM,7510205,Công nghệ kỹ thuật ô tô,A00 | A01 | C01 | D01,20,
DKC,Đại học Công nghệ TP HCM,7210302,Công nghệ điện ảnh. truyền hình,A00 | D01 | H01 | V00,17,
DKC,Đại học Công nghệ TP HCM,7520141,Công nghệ Ô tô điện,A00 | A01 | C01 | D01,19,
DKC,Đại học Công nghệ TP HCM,7340205,Công nghệ tài chính,A00 | A01 | C01 | D01,16,
DKC,Đại học Công nghệ TP HCM,7420201,Công nghệ sinh học,A00 | B00 | C08 | D07,16,
DKC,Đại học Công nghệ TP HCM,7720301,Điều dưỡng,A00 | B00 | C08 | D07,19,
DKC,Đại học Công nghệ TP HCM,7310608,Đông phương học,A01 | C00 | D01 | D15,16,
DKC,Đại học Công nghệ TP HCM,7720201,Dược học,A00 | B00 | C08 | D07,21,
DKC,Đại học Công nghệ TP HCM,7340405,Hệ thống thông tin,A00 | A01 | C01 | D01,17,
DKC,Đại học Công nghệ TP HCM,7340301,Kế toán,A00 | A01 | C01 | D01,18,
DKC,Đại học Công nghệ TP HCM,7460108,Khoa học dữ liệu (Data Science),A00 | A01 | C01 | D01,17,
DKC,Đại học Công nghệ TP HCM,7480101,Khoa học máy tính,A00 | A01 | C01 | D01,17,
DKC,Đại học Công nghệ TP HCM,7580101,Kiến trúc,A00 | D01 | H01 | V00,17,
DKC,Đại học Công nghệ TP HCM,7340121,Kinh doanh thương mại,A00 | A01 | C00 | D01,17,
DKC,Đại học Công nghệ TP HCM,7310106,Kinh tế quốc tế,A00 | A01 | C00 | D01,17,
DKC,Đại học Công nghệ TP HCM,7310109,Kinh tế số,A00 | A01 | C00 | D01,16,
DKC,Đại học Công nghệ TP HCM,7520103,Kỹ thuật cơ khí,A00 | A01 | C01 | D01,16,
DKC,Đại học Công nghệ TP HCM,7520201,Kỹ thuật điện,A00 | A01 | C01 | D01,16,
DKC,Đại học Công nghệ TP HCM,7720601,Kỹ thuật xét nghiệm y học,A00 | B00 | C08 | D07,19,
DKC,Đại học Công nghệ TP HCM,7580201,Kỹ thuật xây dựng,A00 | A01 | C01 | D01,16,
DKC,Đại học Công nghệ TP HCM,7480106,Kỹ thuật máy tính,A00 | A01 | C01 | D01,16,
DKC,Đại học Công nghệ TP HCM,7520114,Kỹ thuật cơ điện tử,A00 | A01 | C01 | D01,16,
DKC,Đại học Công nghệ TP HCM,7520115,"Kỹ thuật nhiệt (3 chuyên ngành: Kỹ thuật điện lạnh; Máy lạnh, điều hòa không khí và thông gió; Máy lạnh và thiết bị thực phẩm)",A00 | A01 | C01 | D01,16,
DKC,Đại học Công nghệ TP HCM,7510605,Logistics và Quản lý chuỗi cung ứng,A00 | A01 | C00 | D01,19,
DKC,Đại học Công nghệ TP HCM,7380109,Luật Thương mại Quốc tế,A00 | A01 | C00 | D01,16,
DKC,Đại học Công nghệ TP HCM,7380107,Luật kinh tế,A00 | A01 | C00 | D01,17,
DKC,Đại học Công nghệ TP HCM,7340115,Marketing,A00 | A01 | C00 | D01,20,
DKC,Đại học Công nghệ TP HCM,7340114,Marketing kỹ thuật số,A00 | A01 | C00 | D01,19,
DKC,Đại học Công nghệ TP HCM,7340120,Ngành Kinh doanh quốc tế,A00 | A01 | C00 | D01,17,
DKC,Đại học Công nghệ TP HCM,7520207,Ngành Kỹ thuật điện tử truyền thông,A00 | A01 | C01 | D01,16,
DKC,Đại học Công nghệ TP HCM,7520216,Ngành Kỹ thuật điều khiển & Tự động hóa,A00 | A01 | C01 | D01,16,
DKC,Đại học Công nghệ TP HCM,7380101,Ngành Luật,A00 | A01 | C00 | D01,17,
DKC,Đại học Công nghệ TP HCM,7210408,Nghệ thuật số,A00 | D01 | H01 | V00,17,
DKC,Đại học Công nghệ TP HCM,7220204,Ngôn ngữ Trung Quốc,A01 | C00 | D01 | D15,17,
DKC,Đại học Công nghệ TP HCM,7220210,Ngôn ngữ Hàn Quốc,A01 | C00 | D01 | D15,17,
DKC,Đại học Công nghệ TP HCM,7220201,Ngôn ngữ Anh,A01 | D01 | D14 | D15,17,
DKC,Đại học Công nghệ TP HCM,7220209,Ngôn ngữ Nhật,A01 | D01 | D14 | D15,17,
DKC,Đại học Công nghệ TP HCM,7810103,Quản trị dịch vụ du lịch và lữ hành,A00 | A01 | C00 | D01,17,
DKC,Đại học Công nghệ TP HCM,7340404,Quản trị nhân lực,A00 | A01 | C00 | D01,16,
DKC,Đại học Công nghệ TP HCM,7810202,Quản trị nhà hàng và dịch vụ ăn uống,A00 | A01 | C00 | D01,17,
DKC,Đại học Công nghệ TP HCM,7340412,Quản trị sự kiện,A00 | A01 | C00 | D01,16,
DKC,Đại học Công nghệ TP HCM,7320108,Quan hệ công chúng,A00 | A01 | C00 | D01,18,
DKC,Đại học Công nghệ TP HCM,7810201,Quản trị khách sạn,A00 | A01 | C00 | D01,17,
DKC,Đại học Công nghệ TP HCM,7850101,Quản lý tài nguyên và môi trường,A00 | B00 | C08 | D07,16,
DKC,Đại học Công nghệ TP HCM,7810301,Quản lý thể dục thể thao,A00 | A01 | C00 | D01,16,
DKC,Đại học Công nghệ TP HCM,7580302,Quản lý xây dựng,A00 | A01 | C01 | D01,16,
DKC,Đại học Công nghệ TP HCM,7340101,Quản trị Kinh doanh,A00 | A01 | C00 | D01,20,
DKC,Đại học Công nghệ TP HCM,7510209,Robot và trí tuệ nhân tạo,A00 | A01 | C01 | D01,17,
DKC,Đại học Công nghệ TP HCM,7340201,Tài chính – Ngân hàng,A00 | A01 | C01 | D01,18,
DKC,Đại học Công nghệ TP HCM,7310401,Tâm lý học,A00 | A01 | C00 | D01,16,
DKC,Đại học Công nghệ TP HCM,7210205,Thanh nhạc,N00,16,
DKC,Đại học Công nghệ TP HCM,7210404,Thiết kế thời trang,A00 | D01 | H01 | V00,16,
DKC,Đại học Công nghệ TP HCM,7580108,Thiết kế nội thất,A00 | D01 | H01 | V00,16,
DKC,Đại học Công nghệ TP HCM,7210403,Thiết kế đồ họa,A00 | D01 | H01 | V00,19,
DKC,Đại học Công nghệ TP HCM,7640101,Thú y,A00 | B00 | C08 | D07,18,
DKC,Đại học Công nghệ TP HCM,7340122,Thương mại điện tử,A00 | A01 | C00 | D01,18,
DKC,Đại học Công nghệ TP HCM,7480107,Trí tuệ nhân tạo,A00 | A01 | C01 | D01,16,
DKC,Đại học Công nghệ TP HCM,7320104,Truyền thông đa phương tiện,A01 | C00 | D01 | D15,20,
GNT,Đại Học Sư Phạm Nghệ Thuật Trung Ương,7760101,Công tác xã hội,C00,15,
GNT,Đại Học Sư Phạm Nghệ Thuật Trung Ương,7540204,Công nghệ may,A00,15,
GNT,Đại Học Sư Phạm Nghệ Thuật Trung Ương,7810101,Du lịch,C00,15,
GNT,Đại Học Sư Phạm Nghệ Thuật Trung Ương,7229042,Quản lý văn hoá,C00,15,
UKH,Đại học Khánh Hòa,7810101,Du lịch,C00 | D01 | D14 | D15,15.1,
UKH,Đại học Khánh Hòa,7440112,Hóa học,A00 | A01 | B00 | D07,15,
UKH,Đại học Khánh Hòa,7229020,Ngôn ngữ học,D01 | D04 | D14 | D15,22,
UKH,Đại học Khánh Hòa,7220201,Ngôn ngữ Anh,A01 | D01 | D14 | D15,19.5,
UKH,Đại học Khánh Hòa,7220201A,Ngôn ngữ Anh,A01 | D01 | D14 | D15,16.6,
UKH,Đại học Khánh Hòa,7810103,Quản trị dịch vụ du lịch và lữ hành,A01 | D01 | D14 | D15,17.5,
UKH,Đại học Khánh Hòa,7340101C,Quản trị kinh doanh,A01 | D01 | D14 | D15,16,
UKH,Đại học Khánh Hòa,7340101A,Quản trị kinh doanh,A01 | D01 | D14 | D15,15,
UKH,Đại học Khánh Hòa,7810201,Quản trị khách sạn,A01 | D01 | D14 | D15,17.4,
UKH,Đại học Khánh Hòa,7340101,Quản trị Kinh doanh,A01 | D01 | D14 | D15,16.2,
UKH,Đại học Khánh Hòa,7340101B,Quản trị kinh doanh,A01 | D01 | D14 | D15,17,
UKH,Đại học Khánh Hòa,7420203A,Sinh học ứng dụng - dược liệu,A00 | A01 | B00 | D07,15,
UKH,Đại học Khánh Hòa,7229040,Văn hoá học,C00 | C19 | C20 | D01,20.1,
UKH,Đại học Khánh Hòa,7229030,Văn học,C00 | C19 | C20 | D01,23.7,
UKH,Đại học Khánh Hòa,7310630A,Việt Nam học (Văn hóa Du lịch),C00 | C19 | C20 | D01,20.2,
KTD,Đại học Kiến trúc Đà Nẵng,7510301,"Công nghệ kỹ thuật điện, điện tử",A00 | A01 | B00 | D01,19.5,
KTD,Đại học Kiến trúc Đà Nẵng,7480201,Công nghệ thông tin,A00 | A01 | B00 | D01,23,
KTD,Đại học Kiến trúc Đà Nẵng,7340301,Kế toán,A00 | A01 | B00 | D01,19.5,
KTD,Đại học Kiến trúc Đà Nẵng,7580101,Kiến trúc,A01 | V00 | V01 | V02,21,
KTD,Đại học Kiến trúc Đà Nẵng,7580205,Kỹ thuật xây dựng công trình giao thông,A00 | A01 | B00 | D01,19.5,
KTD,Đại học Kiến trúc Đà Nẵng,7580210,Kỹ thuật cơ sở hạ tầng,A00 | A01 | B00 | D01,19.5,
KTD,Đại học Kiến trúc Đà Nẵng,7580201,Kỹ thuật xây dựng,A00 | A01 | B00 | D01,19.5,
KTD,Đại học Kiến trúc Đà Nẵng,7510605,Logistics và Quản lý chuỗi cung ứng,A00 | A01 | B00 | D01,19.5,
KTD,Đại học Kiến trúc Đà Nẵng,7220201,Ngôn ngữ Anh,A01 | D01 | D14 | D15,19.5,
KTD,Đại học Kiến trúc Đà Nẵng,7220204,Ngôn ngữ Trung Quốc,A01 | D01 | D14 | D15,24,
KTD,Đại học Kiến trúc Đà Nẵng,7810201,Quản trị khách sạn,A00 | A01 | B00 | D01,19.5,
KTD,Đại học Kiến trúc Đà Nẵng,7340101,Quản trị Kinh doanh,A00 | A01 | B00 | D01,19.5,
KTD,Đại học Kiến trúc Đà Nẵng,7810103,Quản trị dịch vụ du lịch và lữ hành,A00 | A01 | B00 | D01,19.5,
KTD,Đại học Kiến trúc Đà Nẵng,7580302,Quản lý xây dựng,A00 | A01 | B00 | D01,19.5,
KTD,Đại học Kiến trúc Đà Nẵng,7580105,Quy hoạch vùng và đô thị,A01 | V00 | V01 | V02,21,
KTD,Đại học Kiến trúc Đà Nẵng,7340201,Tài chính – Ngân hàng,A00 | A01 | B00 | D01,19.5,
KTD,Đại học Kiến trúc Đà Nẵng,7580108,Thiết kế nội thất,A01 | V00 | V01 | V02,21,
KTD,Đại học Kiến trúc Đà Nẵng,7210403,Thiết kế đồ họa,H00 | V00 | V01 | V02,23,
DTS,Đại Học Sư Phạm - Đại học Thái Nguyên,7140206,Giáo dục Thể chất,B03 | C00 | C14 | C20,25.25,
DTS,Đại Học Sư Phạm - Đại học Thái Nguyên,7140205,Giáo dục Chính trị,C00 | C14 | C19 | C20,28.31,
DTS,Đại Học Sư Phạm - Đại học Thái Nguyên,7140201,Giáo dục Mầm non,C14 | C19 | C20 | D66,23.95,
DTS,Đại Học Sư Phạm - Đại học Thái Nguyên,7140202,Giáo dục Tiểu học,D01,25.9,
DTS,Đại Học Sư Phạm - Đại học Thái Nguyên,7140101,Giáo dục học,C00 | C14 | C20 | D66,26.62,
DTS,Đại Học Sư Phạm - Đại học Thái Nguyên,7140210,Sư phạm Tin học (Chuyên ngành Tin học – Công nghệ Tiểu học),A00 | A01 | D01,24.22,
DTS,Đại Học Sư Phạm - Đại học Thái Nguyên,7140217,Sư phạm Ngữ văn,C00 | C14 | D01,28.56,
DTS,Đại Học Sư Phạm - Đại học Thái Nguyên,7140209,Sư phạm Toán học,A00 | A01 | D01,26.37,
DTS,Đại Học Sư Phạm - Đại học Thái Nguyên,7140218,Sư phạm Lịch sử,C00 | C19 | D14,28.6,
DTS,Đại Học Sư Phạm - Đại học Thái Nguyên,7140231,Sư phạm Tiếng Anh,D01 | D09 | D15,26.87,
DTS,Đại Học Sư Phạm - Đại học Thái Nguyên,7140249,Sư phạm Lịch sử - Địa lý,C00 | D14 | D15,28.27,
DTS,Đại Học Sư Phạm - Đại học Thái Nguyên,7140212,Sư phạm Hóa học,A00 | B00 | D01 | D07,26.17,
DTS,Đại Học Sư Phạm - Đại học Thái Nguyên,7140219,Sư phạm Địa lý,C00 | C04 | D01 | D10,28.43,
DTS,Đại Học Sư Phạm - Đại học Thái Nguyên,7140211,Sư phạm Vật lý,A00 | A01 | D01,26.02,
DTS,Đại Học Sư Phạm - Đại học Thái Nguyên,7140247,Sư phạm khoa học tự nhiên,A00 | B00,25.19,
DTS,Đại Học Sư Phạm - Đại học Thái Nguyên,7140213,Sư phạm Sinh học,B00 | B08,25.51,
DTS,Đại Học Sư Phạm - Đại học Thái Nguyên,7310403,Tâm lý học giáo dục,B00 | C00 | C14 | C20,27.08,
DPQ,Đại học Phạm Văn Đồng,7480201,Công nghệ thông tin,A00,15,
DPQ,Đại học Phạm Văn Đồng,7510201,Công nghệ kỹ thuật cơ khí (chuyên ngành Cơ khí chế tạo),A00,15,
DPQ,Đại học Phạm Văn Đồng,7140202,Giáo dục Tiểu học,A00,25.7,
DPQ,Đại học Phạm Văn Đồng,51140201,Giáo dục Mầm non,M01,24,
DPQ,Đại học Phạm Văn Đồng,7310105,Kinh tế phát triển,C04,15,
DPQ,Đại học Phạm Văn Đồng,7520114,Kỹ thuật cơ điện tử,A00,15,
DPQ,Đại học Phạm Văn Đồng,7340115,Marketing,C04,15,
DPQ,Đại học Phạm Văn Đồng,7340101,Quản trị Kinh doanh,C04,15,
DPQ,Đại học Phạm Văn Đồng,7140209,Sư phạm Toán học,A00,24.4,
DPQ,Đại học Phạm Văn Đồng,7140217,Sư phạm Ngữ văn,C00,26.6,
DPQ,Đại học Phạm Văn Đồng,7140210,Sư phạm Tin học (Chuyên ngành Tin học – Công nghệ Tiểu học),A00,22.4,
DPQ,Đại học Phạm Văn Đồng,7140247,Sư phạm khoa học tự nhiên,A00,23.5,
DPQ,Đại học Phạm Văn Đồng,7140231,Sư phạm Tiếng Anh,D01,24.5,
DPQ,Đại học Phạm Văn Đồng,7140211,Sư phạm Vật lý,A00,23.6,
MBS,Đại học Mở TP HCM,7340204,Bảo hiểm,A00 | A01 | D01 | D07,16,
MBS,Đại học Mở TP HCM,7510102C,CNKT công trình xây dựng CLC,A00 | A01 | D01 | D07,16,
MBS,Đại học Mở TP HCM,7340205,Công nghệ tài chính,A00 | A01 | D01 | D07,20,
MBS,Đại học Mở TP HCM,7420201C,Công nghệ sinh học,A01 | B00 | D07 | D08,16,
MBS,Đại học Mở TP HCM,7480201,Công nghệ thông tin,A00 | A01 | D01 | D07,21,
MBS,Đại học Mở TP HCM,7760101,Công tác xã hội,A01 | C00 | D01 | D06 | D22 | D78 | D83,21.6,
MBS,Đại học Mở TP HCM,7540101,Công nghệ thực phẩm,A00 | A01 | B00 | D07,18,
MBS,Đại học Mở TP HCM,7420201,Công nghệ sinh học,A00 | A02 | B00 | D07,16,
MBS,Đại học Mở TP HCM,7510102,Công nghệ kỹ thuật xây dựng dân dụng và công nghiệp,A00 | A01 | D01 | D07,16,
MBS,Đại học Mở TP HCM,7310620,Đông Nam Á học,A01 | C00 | D01 | D06 | D78 | D83,18,
MBS,Đại học Mở TP HCM,7810101,Du lịch,A00 | A01 | C03 | D01,23.4,
MBS,Đại học Mở TP HCM,7340405,Hệ thống thông tin,A00 | A01 | D01 | D07,20,
MBS,Đại học Mở TP HCM,7340301,Kế toán,A00 | A01 | D01 | D07,21,
MBS,Đại học Mở TP HCM,7340301C,Kế toán (CT chất lượng cao),A01 | D01 | D07 | D96 | X26 | X27,18,
MBS,Đại học Mở TP HCM,7460108,Khoa học dữ liệu (Data Science),A00 | A01 | D01 | D07,20,
MBS,Đại học Mở TP HCM,7480101,Khoa học máy tính,A00 | A01 | D01 | D07,20,
MBS,Đại học Mở TP HCM,7480101CLC,Khoa học Máy tính (CLC),A00 | A01 | D01 | D07,20,
MBS,Đại học Mở TP HCM,7340302,Kiểm toán,A00 | A01 | D01 | D07,20,
MBS,Đại học Mở TP HCM,7340302C,Kiểm toán,A01 | D01 | D07 | D96,18,
MBS,Đại học Mở TP HCM,7310101,Kinh tế,A00 | A01 | D01 | D07,20,
MBS,Đại học Mở TP HCM,7310101CL,Kinh tế (chất lượng cao),A01 | D01 | D07 | D96,18,
MBS,Đại học Mở TP HCM,7510605,Logistics và Quản lý chuỗi cung ứng,A00 | A01 | D01 | D07,23.5,
MBS,Đại học Mở TP HCM,7380107C,Luật kinh tế (CT chất lượng cao),A01 | D01 | D14,20.5,
MBS,Đại học Mở TP HCM,7380107,Luật kinh tế,A00 | A01 | C00 | D01 | D03 | D05 | D06,24.75,
MBS,Đại học Mở TP HCM,7340115,Marketing,A00 | A01 | D01 | D07,24.5,
MBS,Đại học Mở TP HCM,7340120,Ngành Kinh doanh quốc tế,A00 | A01 | D01 | D07,23.75,
MBS,Đại học Mở TP HCM,7380101,Ngành Luật,A00 | A01 | C00 | D01 | D03 | D05 | D06,24.75,
MBS,Đại học Mở TP HCM,7220204C,Ngôn ngữ Trung Quốc - CLC,D01 | D06 | D22 | D78 | D83,24,
MBS,Đại học Mở TP HCM,7220204,Ngôn ngữ Trung Quốc,D01 | D06 | D22 | D78 | D83,24,
MBS,Đại học Mở TP HCM,7220201,Ngôn ngữ Anh,A01 | D01 | D14 | D78,24.2,
MBS,Đại học Mở TP HCM,7220209C,Ngôn ngữ Nhật - CLC,D01 | D06 | D22 | D78 | D83,20,
MBS,Đại học Mở TP HCM,7220209,Ngôn ngữ Nhật,D01 | D06 | D22 | D78 | D83,20,
MBS,Đại học Mở TP HCM,7220210,Ngôn ngữ Hàn Quốc,D01 | D06 | D22 | D78 | D83,22.25,
MBS,Đại học Mở TP HCM,7220201C,Ngôn ngữ Anh (CTCLC),A01 | D01 | D14 | D78,20,
MBS,Đại học Mở TP HCM,7580302,Quản lý xây dựng,A00 | A01 | D01 | D07,16,
MBS,Đại học Mở TP HCM,7340404,Quản trị nhân lực,A00 | A01 | C03 | D01,24,
MBS,Đại học Mở TP HCM,7340403,Quản lý công,A00 | A01 | D01 | D07,18,
MBS,Đại học Mở TP HCM,7340101C,Quản trị kinh doanh,A01 | D01 | D07 | D96,20,
MBS,Đại học Mở TP HCM,7340101,Quản trị Kinh doanh,A00 | A01 | D01 | D07,20.75,
MBS,Đại học Mở TP HCM,7340201,Tài chính – Ngân hàng,A00 | A01 | D01 | D07,23.2,
MBS,Đại học Mở TP HCM,7340201C,Tài chính – Ngân hàng (Chương trình chất lượng cao),A01 | D01 | D07 | D96,18,
MBS,Đại học Mở TP HCM,7310401,Tâm lý học,A01 | C00 | D01 | D06 | D22 | D78 | D83,23.8,
MBS,Đại học Mở TP HCM,7480107,Trí tuệ nhân tạo,A00 | A01 | D01 | D07,20,
MBS,Đại học Mở TP HCM,7310301,Xã hội học,A01 | C00 | D01 | D06 | D78 | D83,18,
GSA,Đại học Giao thông Vận tải ( Cơ sở Phía Nam),7480201,Công nghệ thông tin,A00 | A01 | D07,24.73,
GSA,Đại học Giao thông Vận tải ( Cơ sở Phía Nam),7340301,Kế toán,A00 | A01 | C01 | D01,23.95,
GSA,Đại học Giao thông Vận tải ( Cơ sở Phía Nam),7840101,Khai thác vận tải,A00 | A01 | C01 | D01,25.33,
GSA,Đại học Giao thông Vận tải ( Cơ sở Phía Nam),7580101,Kiến trúc,A00 | A01 | V00 | V01,22.05,
GSA,Đại học Giao thông Vận tải ( Cơ sở Phía Nam),7580301,Kinh tế xây dựng,A00 | A01 | C01 | D01,22.75,
GSA,Đại học Giao thông Vận tải ( Cơ sở Phía Nam),7520201,Kỹ thuật điện,A00 | A01 | C01 | D01,24.06,
GSA,Đại học Giao thông Vận tải ( Cơ sở Phía Nam),7520130,Kỹ thuật ô tô,A00 | A01 | D01 | D07,24.49,
GSA,Đại học Giao thông Vận tải ( Cơ sở Phía Nam),7580201,Kỹ thuật xây dựng,A00 | A01 | D01 | D07,21.25,
GSA,Đại học Giao thông Vận tải ( Cơ sở Phía Nam),7520114,Kỹ thuật cơ điện tử,A00 | A01 | D01 | D07,24.45,
GSA,Đại học Giao thông Vận tải ( Cơ sở Phía Nam),7580205,Kỹ thuật xây dựng công trình giao thông,A00 | A01 | D01 | D07,20,
GSA,Đại học Giao thông Vận tải ( Cơ sở Phía Nam),7520116,Kỹ thuật cơ khí động lực,A00 | A01 | D01 | D07,23.81,
GSA,Đại học Giao thông Vận tải ( Cơ sở Phía Nam),7510605,Logistics và Quản lý chuỗi cung ứng,A00 | A01 | C01 | D01,25.86,
GSA,Đại học Giao thông Vận tải ( Cơ sở Phía Nam),7340120,Ngành Kinh doanh quốc tế,A00 | A01 | C01 | D01,24.59,
GSA,Đại học Giao thông Vận tải ( Cơ sở Phía Nam),7520216,Ngành Kỹ thuật điều khiển & Tự động hóa,A00 | A01 | C01 | D01,24.87,
GSA,Đại học Giao thông Vận tải ( Cơ sở Phía Nam),7520207,Ngành Kỹ thuật điện tử truyền thông,A00 | A01 | C01 | D01,24.35,
GSA,Đại học Giao thông Vận tải ( Cơ sở Phía Nam),7580302,Quản lý xây dựng,A00 | A01 | C01 | D01,22.15,
GSA,Đại học Giao thông Vận tải ( Cơ sở Phía Nam),7810103,Quản trị dịch vụ du lịch và lữ hành,A00 | A01 | C01 | D01,22.85,
GSA,Đại học Giao thông Vận tải ( Cơ sở Phía Nam),7340101,Quản trị Kinh doanh,A00 | A01 | C01 | D01,23.56,
GSA,Đại học Giao thông Vận tải ( Cơ sở Phía Nam),7340201,Tài chính – Ngân hàng,A00 | A01 | C01 | D01,24.07,
DCN,Đại học Công nghiệp Hà Nội,7480202,An toàn thông tin,A00 | A01,24.39,
DCN,Đại học Công nghiệp Hà Nội,7320113,Công nghệ đa phương tiện,A00 | A01,24.91,
DCN,Đại học Công nghiệp Hà Nội,7510406,Công nghệ kỹ thuật Môi trường,A00 | B00 | D07,19,
DCN,Đại học Công nghiệp Hà Nội,7540101,Công nghệ thực phẩm,A00 | B00 | D07,22.65,
DCN,Đại học Công nghiệp Hà Nội,7510206,Công nghệ kỹ thuật nhiệt,A00 | A01,23.57,
DCN,Đại học Công nghiệp Hà Nội,7480108,Công nghệ kỹ thuật máy tính,A00 | A01,24.55,
DCN,Đại học Công nghiệp Hà Nội,7510204,Công nghệ kỹ thuật cơ điện tử ô tô,A00 | A01,24.97,
DCN,Đại học Công nghiệp Hà Nội,7510401,Công nghệ kỹ thuật hoá học,A00 | B00 | D07,19,
DCN,Đại học Công nghiệp Hà Nội,7510205,Công nghệ kỹ thuật ô tô,A00 | A01,24.82,
DCN,Đại học Công nghiệp Hà Nội,7540204,Công nghệ may,A00 | A01 | D01,21.9,
DCN,Đại học Công nghiệp Hà Nội,7519003,Công nghệ kỹ thuật khuôn mẫu,A00 | A01,23.19,
DCN,Đại học Công nghiệp Hà Nội,7510301,"Công nghệ kỹ thuật điện, điện tử",A00 | A01,24.51,
DCN,Đại học Công nghiệp Hà Nội,7510201,Công nghệ kỹ thuật cơ khí (chuyên ngành Cơ khí chế tạo),A00 | A01,24.35,
DCN,Đại học Công nghiệp Hà Nội,7480201,Công nghệ thông tin,A00 | A01,25.22,
DCN,Đại học Công nghiệp Hà Nội,7540203,Công nghệ vật liệu dệt. may,A00 | A01 | D01,20.9,
DCN,Đại học Công nghiệp Hà Nội,75103021,Công nghệ kỹ thuật điện tử y sinh,A00 | A01,21.4,
DCN,Đại học Công nghiệp Hà Nội,7519007,Công nghệ kỹ thuật năng lượng tái tạo,A00 | A01,20.65,
DCN,Đại học Công nghiệp Hà Nội,7510303,Công nghệ kỹ thuật điều khiển và tự động hóa,A00 | A01,26.05,
DCN,Đại học Công nghiệp Hà Nội,7510203,Công nghệ kỹ thuật cơ điện tử,A00 | A01,25.41,
DCN,Đại học Công nghiệp Hà Nội,7510302,Điện tử - viễn thông,A00 | A01,24.4,
DCN,Đại học Công nghiệp Hà Nội,7480104,Hệ thống thông tin,A00 | A01,24.44,
DCN,Đại học Công nghiệp Hà Nội,7720203,Hoá dược,A00 | B00 | D07,21.55,
DCN,Đại học Công nghiệp Hà Nội,7340301,Kế toán,A00 | A01 | D01,24.01,
DCN,Đại học Công nghiệp Hà Nội,7480101,Khoa học máy tính,A00 | A01,25.82,
DCN,Đại học Công nghiệp Hà Nội,7340302,Kiểm toán,A00 | A01 | D01,24.45,
DCN,Đại học Công nghiệp Hà Nội,7310104,Kinh tế đầu tư,A00 | A01 | D01,24.64,
DCN,Đại học Công nghiệp Hà Nội,7520116,Kỹ thuật cơ khí động lực,A00 | A01,23.93,
DCN,Đại học Công nghiệp Hà Nội,75103031,Kỹ thuật sản xuất thông minh,A00 | A01,22.6,
DCN,Đại học Công nghiệp Hà Nội,7520118,Kỹ thuật hệ thống công nghiệp,A00 | A01,23.61,
DCN,Đại học Công nghiệp Hà Nội,7480103,Kỹ thuật phần mềm,A00 | A01,24.68,
DCN,Đại học Công nghiệp Hà Nội,7510605,Logistics và Quản lý chuỗi cung ứng,A00 | A01 | D01,25.89,
DCN,Đại học Công nghiệp Hà Nội,7480102,Mạng máy tính và truyền thông dữ liệu,A00 | A01,24.35,
DCN,Đại học Công nghiệp Hà Nội,7340115,Marketing,A00 | A01 | D01,25.33,
DCN,Đại học Công nghiệp Hà Nội,7220210,Ngôn ngữ Hàn Quốc,D01,24.86,
DCN,Đại học Công nghiệp Hà Nội,7229020,Ngôn ngữ học,C00 | D01 | D14,25.25,
DCN,Đại học Công nghiệp Hà Nội,7220204,Ngôn ngữ Trung Quốc,D01 | D04,25.58,
DCN,Đại học Công nghiệp Hà Nội,7220201,Ngôn ngữ Anh,D01,24.68,
DCN,Đại học Công nghiệp Hà Nội,7220209,Ngôn ngữ Nhật,D01 | D06,24,
DCN,Đại học Công nghiệp Hà Nội,7340125,Phân tích dữ liệu kinh doanh,A00 | A01 | D01,24.25,
DCN,Đại học Công nghiệp Hà Nội,7340404,Quản trị nhân lực,A00 | A01 | D01,24.8,
DCN,Đại học Công nghiệp Hà Nội,7810201,Quản trị khách sạn,A01 | D01 | D14,23.56,
DCN,Đại học Công nghiệp Hà Nội,7340406,Quản trị văn phòng,A00 | A01 | D01,24.01,
DCN,Đại học Công nghiệp Hà Nội,7340101,Quản trị Kinh doanh,A00 | A01,24.31,
DCN,Đại học Công nghiệp Hà Nội,7810103,Quản trị dịch vụ du lịch và lữ hành,A01 | D01 | D14,23.77,
DCN,Đại học Công nghiệp Hà Nội,7810202,Quản trị nhà hàng và dịch vụ ăn uống,A01 | D01 | D14,23.19,
DCN,Đại học Công nghiệp Hà Nội,7510209,Robot và trí tuệ nhân tạo,A00 | A01,22.3,
DCN,Đại học Công nghiệp Hà Nội,7340201,Tài chính – Ngân hàng,A00 | A01 | D01,24.74,
DCN,Đại học Công nghiệp Hà Nội,7210404,Thiết kế thời trang,A00 | A01 | D01 | D14,23.56,
DCN,Đại học Công nghiệp Hà Nội,7510213,Thiết kế cơ khí và kiểu dáng công nghiệp,A00 | A01,23.3,
DCN,Đại học Công nghiệp Hà Nội,7310612,Trung Quốc học,D01 | D04,24.51,
DCN,Đại học Công nghiệp Hà Nội,7310630,Việt Nam học,D01 | D14 | D15,22.4,
DCA,Đại học Chu Văn An,7480201,Công nghệ thông tin,A00 | A01 | C04 | D01,17,
DCA,Đại học Chu Văn An,7340301,Kế toán,A00 | A01 | C04 | D01,15,
DCA,Đại học Chu Văn An,7520201,Kỹ thuật điện,A00 | A01 | C04 | D01,17,
DCA,Đại học Chu Văn An,7380107,Luật kinh tế,A00 | A01 | C00 | D01,15,
DCA,Đại học Chu Văn An,7220201,Ngôn ngữ Anh,A01 | D01 | D10 | D14,15,
DCA,Đại học Chu Văn An,7340101,Quản trị Kinh doanh,A00 | A01 | C04 | D01,15,
DCA,Đại học Chu Văn An,7340201,Tài chính – Ngân hàng,A00 | A01 | C04 | D01,15,
DPC,Đại học Phan Châu Trinh,7720301,Điều dưỡng,A00 | B00 | D08,19,
DPC,Đại học Phan Châu Trinh,7720601,Kỹ thuật xét nghiệm y học,A00 | B00 | D08,19,
DPC,Đại học Phan Châu Trinh,7340101,Quản trị Kinh doanh,A00 | A01 | D01,16,
DPC,Đại học Phan Châu Trinh,7720501,Răng- Hàm -Mặt,A00 | B00 | D08,22.5,
DPC,Đại học Phan Châu Trinh,7720101,Y khoa,A00 | B00 | D08,22.5,
CEA,Đại học Kinh Tế Nghệ An,7480201,Công nghệ thông tin,A00 | A01 | B00 | D01,17,
CEA,Đại học Kinh Tế Nghệ An,7340205,Công nghệ tài chính,A00 | A01 | B00 | D01,20,
CEA,Đại học Kinh Tế Nghệ An,7340301,Kế toán,A00 | A01 | B00 | D01,17,
CEA,Đại học Kinh Tế Nghệ An,7310101,Kinh tế,A00 | A01 | B00 | D01,17,
CEA,Đại học Kinh Tế Nghệ An,7310109,Kinh tế số,A00 | A01 | B00 | D01,18,
CEA,Đại học Kinh Tế Nghệ An,7620201,Lâm học,A00 | A01 | B00 | D01,18,
CEA,Đại học Kinh Tế Nghệ An,7510605,Logistics và Quản lý chuỗi cung ứng,A00 | A01 | B00 | D01,19,
CEA,Đại học Kinh Tế Nghệ An,7340115,Marketing,A00 | A01 | B00 | D01,17,
CEA,Đại học Kinh Tế Nghệ An,7220201,Ngôn ngữ Anh,A01 | D01 | D14 | D15,20,
CEA,Đại học Kinh Tế Nghệ An,7620101,Nông nghiệp,A00 | A01 | B00 | D01,17,
CEA,Đại học Kinh Tế Nghệ An,7850103,Quản lý đất đai,A00 | A01 | B00 | D01,17,
CEA,Đại học Kinh Tế Nghệ An,7340101,Quản trị Kinh doanh,A00 | A01 | B00 | D01,17,
CEA,Đại học Kinh Tế Nghệ An,7340201,Tài chính – Ngân hàng,A00 | A01 | B00 | D01,17,
CEA,Đại học Kinh Tế Nghệ An,7640101,Thú y,A00 | A01 | B00 | D01,17,
CEA,Đại học Kinh Tế Nghệ An,7340122,Thương mại điện tử,A00 | A01 | B00 | D01,19,
HQT,Học viện Ngoại giao,HQT08-01,Hàn Quốc học,A01 | D01 | D07,26.83,
HQT,Học viện Ngoại giao,HQT08-01,Hàn Quốc học,A01 | C00 | D01 | D07,28.83,
HQT,Học viện Ngoại giao,HQT08-02,Hoa Kỳ học,A01 | C00 | D01 | D07,26.55,
HQT,Học viện Ngoại giao,HQT08-02,Hoa Kỳ học,A01 | C00 | D01 | D07,28.55,
HQT,Học viện Ngoại giao,HQT03,Kinh tế quốc tế,A01 | D01 | D07,26.47,
HQT,Học viện Ngoại giao,HQT06,Kinh doanh quốc tế,A00 | A01 | D01 | D03 | D04 | D06 | D07,25.6,
HQT,Học viện Ngoại giao,HQT03,Kinh tế quốc tế,A00 | A01 | D01 | D03 | D04 | D06 | D07,25.47,
HQT,Học viện Ngoại giao,HQT06,Kinh doanh quốc tế,A01 | D01 | D07,26.6,
HQT,Học viện Ngoại giao,HQT04,Luật quốc tế,A00 | A01 | D01 | D06 | D07,28.55,
HQT,Học viện Ngoại giao,HQT04,Luật quốc tế,D06,25.55,
HQT,Học viện Ngoại giao,HQT04,Luật quốc tế,A01 | D01 | D07,27.05,
HQT,Học viện Ngoại giao,HQT02,Ngôn ngữ Anh,A01 | D01 | D07,35.58,
HQT,Học viện Ngoại giao,HQT08-03,Nhật Bản học,A01 | C00 | D01 | D06 | D07,28.73,
HQT,Học viện Ngoại giao,HQT08-03,Nhật Bản học,A01 | D01 | D07,26.73,
HQT,Học viện Ngoại giao,HQT08-03,Nhật Bản học,D06,25.73,
HQT,Học viện Ngoại giao,HQT01,Quan hệ quốc tế,D03 | D04 | D06,25.76,
HQT,Học viện Ngoại giao,HQT01,Quan hệ quốc tế,A01 | D01 | D07,26.76,
HQT,Học viện Ngoại giao,HQT01,Quan hệ quốc tế,A01 | C00 | D01 | D03 | D04 | D06 | D07,28.76,
HQT,Học viện Ngoại giao,HQT08-04,Trung Quốc học,D04,26.2,
HQT,Học viện Ngoại giao,HQT08-04,Trung Quốc học,A01 | C00 | D01 | D04 | D07,29.2,
HQT,Học viện Ngoại giao,HQT08-04,Trung Quốc học,A01 | D01 | D07,27.2,
HQT,Học viện Ngoại giao,HQT05,Truyền thông quốc tế,A01 | C00 | D01 | D07,29.05,
HQT,Học viện Ngoại giao,HQT05,Truyền thông quốc tế,A01 | D01 | D07,26.05,
HQT,Học viện Ngoại giao,HQT05,Truyền thông quốc tế,A01 | D01 | D07,27.05,
DNB,Đại học Hoa Lư,7480201,Công nghệ thông tin,A00 | A01 | D07 | D08,16,
DNB,Đại học Hoa Lư,7810101,Du lịch,C00 | D14 | D15 | D66,16,
DNB,Đại học Hoa Lư,7140201,Giáo dục Mầm non,C00 | C19,26.62,
DNB,Đại học Hoa Lư,7140202,Giáo dục Tiểu học,A00 | C00 | C14 | D01,27.2,
DNB,Đại học Hoa Lư,7340301,Kế toán,A00 | A01 | A10 | D01,16,
DNB,Đại học Hoa Lư,7340101,Quản trị Kinh doanh,A00 | A01 | A10 | D01,16,
DNB,Đại học Hoa Lư,7140209,Sư phạm Toán học,A00 | A01 | D07 | D08,26.03,
QHL,Khoa Luật - Đại học Quốc gia Hà Nội,7380109,Luật Thương mại Quốc tế,A00 | A01 | D01 | D78 | D82,26.5,
QHL,Khoa Luật - Đại học Quốc gia Hà Nội,7380101CLC,Luật chất lượng cao đáp ứng Thông tư 23,D78,26.52,
QHL,Khoa Luật - Đại học Quốc gia Hà Nội,7380101CLC,Luật chất lượng cao đáp ứng Thông tư 23,A01,24.5,
QHL,Khoa Luật - Đại học Quốc gia Hà Nội,7380110,Luật kinh doanh,A00 | A01 | D01 | D78 | D82,25.8,
QHL,Khoa Luật - Đại học Quốc gia Hà Nội,7380101CLC,Luật chất lượng cao đáp ứng Thông tư 23,D01,25.4,
QHL,Khoa Luật - Đại học Quốc gia Hà Nội,7380101,Ngành Luật,C00,28.36,
QHL,Khoa Luật - Đại học Quốc gia Hà Nội,7380101,Ngành Luật,D01,25.4,
QHL,Khoa Luật - Đại học Quốc gia Hà Nội,7380101,Ngành Luật,A01,24.5,
QHL,Khoa Luật - Đại học Quốc gia Hà Nội,7380101,Ngành Luật,D78,26.52,
QHL,Khoa Luật - Đại học Quốc gia Hà Nội,7380101,Ngành Luật,D03 | D82,25,
LBH,Trường Sĩ Quan Lục Quân 2 - Đại học Nguyễn Huệ,7860201|23A01|9,Chỉ huy tham mưu Lục quân (Nam - quân khu 9),A01,25.24,
LBH,Trường Sĩ Quan Lục Quân 2 - Đại học Nguyễn Huệ,7860201|23A01|5,Chỉ huy tham mưu Lục quân (Nam - quân khu 5),A01,23.75,
LBH,Trường Sĩ Quan Lục Quân 2 - Đại học Nguyễn Huệ,7860201|23A00|9,Chỉ huy tham mưu Lục quân (Nam - quân khu 9),A00,25.24,
LBH,Trường Sĩ Quan Lục Quân 2 - Đại học Nguyễn Huệ,7860201|23A01|4,Chỉ huy tham mưu Lục quân (Nam - quân khu 4),A01,24.68,
LBH,Trường Sĩ Quan Lục Quân 2 - Đại học Nguyễn Huệ,7860201|23A00|5,Chỉ huy tham mưu Lục quân (Nam - quân khu 5),A00,23.75,
LBH,Trường Sĩ Quan Lục Quân 2 - Đại học Nguyễn Huệ,7860201|23A01|7,Chỉ huy tham mưu Lục quân (Nam - quân khu 7),A01,23.89,
LBH,Trường Sĩ Quan Lục Quân 2 - Đại học Nguyễn Huệ,7860201|23A00|4,Chỉ huy tham mưu Lục quân (Nam - quân khu 4),A00,24.68,
LBH,Trường Sĩ Quan Lục Quân 2 - Đại học Nguyễn Huệ,7860201|23A00|7,Chỉ huy tham mưu Lục quân (Nam - quân khu 7),A00,23.89,
DCV,Đại học Công nghiệp Vinh,7510303,Công nghệ kỹ thuật điều khiển và tự động hóa,A00 | A01 | D01 | D07,23,
DCV,Đại học Công nghiệp Vinh,7510301,"Công nghệ kỹ thuật điện, điện tử",A00 | A01 | D01 | D07,20,
DCV,Đại học Công nghiệp Vinh,7480201,Công nghệ thông tin,A00 | A01 | D01 | D07,20,
DCV,Đại học Công nghiệp Vinh,7340301,Kế toán,A00 | A01 | D01 | D07,20,
DCV,Đại học Công nghiệp Vinh,7810201,Quản trị khách sạn,A00 | C00 | D01 | D15,25,
DCV,Đại học Công nghiệp Vinh,7810103,Quản trị dịch vụ du lịch và lữ hành,A00 | C00 | D01 | D15,25,
ETU,Đại học Hòa Bình,7329001,Công nghệ đa phương tiện,A00 | A01 | C01 | D01,17,
ETU,Đại học Hòa Bình,7760101,Công tác xã hội,C00 | D01 | D78 | D96,17,
ETU,Đại học Hòa Bình,7480201,Công nghệ thông tin,A00 | A01 | C01 | D01,17,
ETU,Đại học Hòa Bình,7720301,Điều dưỡng,A00 | B00 | D07 | D08,19,
ETU,Đại học Hòa Bình,7720201,Dược học,A00 | B00 | D07 | D08,21,
ETU,Đại học Hòa Bình,7340301,Kế toán,A00 | A01 | D01 | D96,17,
ETU,Đại học Hòa Bình,7520130,Kỹ thuật ô tô,A00 | A01 | C01 | D01,17,
ETU,Đại học Hòa Bình,7510605,Logistics và Quản lý chuỗi cung ứng,A00 | A01 | D01 | D96,17,
ETU,Đại học Hòa Bình,7380107,Luật kinh tế,A00 | C00 | D01 | D78,17,
ETU,Đại học Hòa Bình,7520207,Ngành Kỹ thuật điện tử truyền thông,A00 | A01 | C01 | D01,17,
ETU,Đại học Hòa Bình,7220204,Ngôn ngữ Trung Quốc,A01 | C00 | D01 | D04,17,
ETU,Đại học Hòa Bình,7220201,Ngôn ngữ Anh,D01 | D14 | D15 | D78,17,
ETU,Đại học Hòa Bình,7810201,Quản trị khách sạn,C00 | D01 | D72 | D96,17,
ETU,Đại học Hòa Bình,7340101,Quản trị Kinh doanh,A00 | A01 | D01 | D96,17,
ETU,Đại học Hòa Bình,7810103,Quản trị dịch vụ du lịch và lữ hành,C00 | D01 | D72 | D96,17,
ETU,Đại học Hòa Bình,7320108,Quan hệ công chúng,C00 | D01 | D15 | D78,17,
ETU,Đại học Hòa Bình,7340201,Tài chính – Ngân hàng,A00 | A01 | D01 | D96,17,
ETU,Đại học Hòa Bình,7340122,Thương mại điện tử,A00 | A01 | D01 | D96,17,
ETU,Đại học Hòa Bình,7320104,Truyền thông đa phương tiện,A00 | A01 | C00 | D01,17,
ETU,Đại học Hòa Bình,7720115,Y học cổ truyền,A00 | B00 | D07 | D08,21,
ETU,Đại học Hòa Bình,7720101,Y khoa,A00 | B00 | D07 | D08,22.5,
DNT,Đại học Ngoại ngữ - Tin học TP HCM,7480201,Công nghệ thông tin,A00 | A01 | D01 | D07,15,
DNT,Đại học Ngoại ngữ - Tin học TP HCM,7310608,Đông phương học,D01 | D06 | D14 | D15,15,
DNT,Đại học Ngoại ngữ - Tin học TP HCM,7340301,Kế toán,A01 | D01 | D07 | D11,15,
DNT,Đại học Ngoại ngữ - Tin học TP HCM,7340302,Kiểm toán,A01 | D01 | D07 | D11,15,
DNT,Đại học Ngoại ngữ - Tin học TP HCM,7510605,Logistics và Quản lý chuỗi cung ứng,A01 | D01 | D07 | D11,20,
DNT,Đại học Ngoại ngữ - Tin học TP HCM,7380107,Luật kinh tế,A01 | D01 | D15 | D66,15,
DNT,Đại học Ngoại ngữ - Tin học TP HCM,7380101,Ngành Luật,A01 | D01 | D66,15,
DNT,Đại học Ngoại ngữ - Tin học TP HCM,7340120,Ngành Kinh doanh quốc tế,A01 | D01 | D07 | D11,20,
DNT,Đại học Ngoại ngữ - Tin học TP HCM,7220210,Ngôn ngữ Hàn Quốc,D01 | D10 | D14 | D15,15,
DNT,Đại học Ngoại ngữ - Tin học TP HCM,7220201,Ngôn ngữ Anh,A01 | D01 | D14 | D15,20,
DNT,Đại học Ngoại ngữ - Tin học TP HCM,7220209,Ngôn ngữ Nhật,D01 | D06 | D14 | D15,15,
DNT,Đại học Ngoại ngữ - Tin học TP HCM,7220204,Ngôn ngữ Trung Quốc,A01 | D01 | D04 | D14,16,
DNT,Đại học Ngoại ngữ - Tin học TP HCM,7310206,Quan hệ quốc tế,A01 | D01 | D14 | D15,20,
DNT,Đại học Ngoại ngữ - Tin học TP HCM,7810201,Quản trị khách sạn,A01 | D01 | D14 | D15,20,
DNT,Đại học Ngoại ngữ - Tin học TP HCM,7340101,Quản trị Kinh doanh,A01 | D01 | D07 | D11,20,
DNT,Đại học Ngoại ngữ - Tin học TP HCM,7320108,Quan hệ công chúng,A01 | D01 | D14 | D15,20,
DNT,Đại học Ngoại ngữ - Tin học TP HCM,7810103,Quản trị dịch vụ du lịch và lữ hành,A01 | D01 | D14 | D15,20,
DNT,Đại học Ngoại ngữ - Tin học TP HCM,7340201,Tài chính – Ngân hàng,A01 | D01 | D07 | D11,15,
DNT,Đại học Ngoại ngữ - Tin học TP HCM,7340122,Thương mại điện tử,A00 | A01 | D01 | D07,15,
DNT,Đại học Ngoại ngữ - Tin học TP HCM,7480107,Trí tuệ nhân tạo,A00 | A01 | D01 | D07,15,
VHD,Đại Học Công Nghiệp Việt Hung,7510201,Công nghệ kỹ thuật cơ khí (chuyên ngành Cơ khí chế tạo),A00,15,
VHD,Đại Học Công Nghiệp Việt Hung,7510301,"Công nghệ kỹ thuật điện, điện tử",A00,15,
VHD,Đại Học Công Nghiệp Việt Hung,7510103,Công nghệ kỹ thuật xây dựng (chuyên ngành Xây dựng dân dụng & Công nghiệp),A00,15,
VHD,Đại Học Công Nghiệp Việt Hung,7510205,Công nghệ kỹ thuật ô tô,A00,15,
VHD,Đại Học Công Nghiệp Việt Hung,7480201,Công nghệ thông tin,A00,15,
VHD,Đại Học Công Nghiệp Việt Hung,7310101,Kinh tế,C00,15,
VHD,Đại Học Công Nghiệp Việt Hung,7340101,Quản trị Kinh doanh,C00,15,
VHD,Đại Học Công Nghiệp Việt Hung,7340201,Tài chính – Ngân hàng,C00,15,
DHL,Đại học Nông Lâm - Đại học Huế,7620112,Bảo vệ thực vật,A00 | B00 | B03 | B08,15,
DHL,Đại học Nông Lâm - Đại học Huế,7340116,Bất động sản,A00 | B00 | C00 | C04,15,
DHL,Đại học Nông Lâm - Đại học Huế,7620302,Bệnh học thủy sản,A00 | B00 | B08 | D01,15,
DHL,Đại học Nông Lâm - Đại học Huế,7620105,Chăn nuôi,A00 | A02 | B00 | B08,15,
DHL,Đại học Nông Lâm - Đại học Huế,7510201,Công nghệ kỹ thuật cơ khí (chuyên ngành Cơ khí chế tạo),A00 | A01 | A02 | B00,15,
DHL,Đại học Nông Lâm - Đại học Huế,7540101,Công nghệ thực phẩm,A00 | B00 | B03 | B08,16,
DHL,Đại học Nông Lâm - Đại học Huế,7540106,Đảm bảo chất lượng và an toàn thực phẩm,A00 | B00 | B03 | B08,15,
DHL,Đại học Nông Lâm - Đại học Huế,7620301,ĐH Nuôi trồng thủy sản,A00 | B00 | B08 | D01,15,
DHL,Đại học Nông Lâm - Đại học Huế,7620110,Khoa học cây trồng,A00 | B00 | B03 | B08,15,
DHL,Đại học Nông Lâm - Đại học Huế,7620102,Khuyến nông,A07 | B03 | C00 | C04,15,
DHL,Đại học Nông Lâm - Đại học Huế,7620119,Kinh doanh và khởi nghiệp nông thôn,A07 | C00 | C04 | D10,15,
DHL,Đại học Nông Lâm - Đại học Huế,7520114,Kỹ thuật cơ điện tử,A00 | A01 | A02 | B00,15,
DHL,Đại học Nông Lâm - Đại học Huế,7620210,Lâm nghiệp,A00 | A02 | B00 | B03,15,
DHL,Đại học Nông Lâm - Đại học Huế,7620118,Nông nghiệp công nghệ cao,A00 | B00 | B03 | B08,15,
DHL,Đại học Nông Lâm - Đại học Huế,7620116,Phát triển nông thôn,A07 | B03 | C00 | C04,15,
DHL,Đại học Nông Lâm - Đại học Huế,7620211,Quản lý tài nguyên rừng,A00 | A02 | B00 | B03,15,
DHL,Đại học Nông Lâm - Đại học Huế,7620305,Quản lý thủy sản,A00 | B00 | B08 | D01,15,
DHL,Đại học Nông Lâm - Đại học Huế,7850103,Quản lý đất đai,A00 | B00 | C00 | C04,15,
DHL,Đại học Nông Lâm - Đại học Huế,7640101,Thú y,A00 | A02 | B00 | B08,17.5,
YTC,Đại học Y tế Công cộng,7760101,Công tác xã hội,B00 | C00 | D01 | D66,21.5,
YTC,Đại học Y tế Công cộng,7720401,Dinh dưỡng,B00 | B08 | D07,20.4,
YTC,Đại học Y tế Công cộng,7480109,Khoa học Dữ liệu,A00 | A01 | B00 | D01,16.1,
YTC,Đại học Y tế Công cộng,7720601,Kỹ thuật xét nghiệm y học,A01 | B00 | B08 | D07,20.15,
YTC,Đại học Y tế Công cộng,7720603,Kỹ thuật phục hồi chức năng,A00 | A01 | B00 | D01,22.95,
YTC,Đại học Y tế Công cộng,7720701,Y tế công cộng,B00 | B08 | D01 | D13,17.5,
DHK,Đại học Kinh Tế - Đại học Huế,7340405,Hệ thống thông tin,A00 | A01 | C15 | D01,17,
DHK,Đại học Kinh Tế - Đại học Huế,7340301TA,Kế toán đào tạo bằng tiếng Anh,A00 | A01 | C15 | D01,18,
DHK,Đại học Kinh Tế - Đại học Huế,7340301,Kế toán,A00 | A01 | C15 | D01,19,
DHK,Đại học Kinh Tế - Đại học Huế,7340302,Kiểm toán,A00 | A01 | C15 | D01,17,
DHK,Đại học Kinh Tế - Đại học Huế,7310101TA,Kinh tế (Kế hoạch - Đầu tư) đào tạo bằng tiếng ANh,A00 | A01 | C15 | D01,18,
DHK,Đại học Kinh Tế - Đại học Huế,7310101,Kinh tế,A00 | A01 | C15 | D01,17,
DHK,Đại học Kinh Tế - Đại học Huế,7310102,Kinh tế chính trị,A00 | A01 | C15 | D01,17,
DHK,Đại học Kinh Tế - Đại học Huế,7310109,Kinh tế số,A00 | A01 | C15 | D01,17,Kinh tế số
DHK,Đại học Kinh Tế - Đại học Huế,7310106,Kinh tế quốc tế,A00 | A01 | C15 | D01,17,
DHK,Đại học Kinh Tế - Đại học Huế,7340121,Kinh doanh thương mại,A00 | A01 | C15 | D01,17,
DHK,Đại học Kinh Tế - Đại học Huế,7620115,Kinh tế nông nghiệp,A00 | A01 | C15 | D01,17,
DHK,Đại học Kinh Tế - Đại học Huế,7510605,Logistics và Quản lý chuỗi cung ứng,A00 | A01 | C15 | D01,22,
DHK,Đại học Kinh Tế - Đại học Huế,7340115,Marketing,A00 | A01 | C15 | D01,23,
DHK,Đại học Kinh Tế - Đại học Huế,7340404,Quản trị nhân lực,A00 | A01 | C15 | D01,17,
DHK,Đại học Kinh Tế - Đại học Huế,7340101TA,Quản trị kinh doanh (Đào tạo bằng tiếng Anh),A00 | A01 | C15 | D01,18,
DHK,Đại học Kinh Tế - Đại học Huế,7340101,Quản trị Kinh doanh,A00 | A01 | C15 | D01,19,
DHK,Đại học Kinh Tế - Đại học Huế,7903124,Song ngành Kinh tế - Tài chính,A00 | A01 | C15 | D01,17,
DHK,Đại học Kinh Tế - Đại học Huế,7340201,Tài chính – Ngân hàng,A00 | D01 | D03 | D96,18,
DHK,Đại học Kinh Tế - Đại học Huế,7349001,Tài chính - Ngân hàng (liên kết),A00 | D01 | D03 | D96,17,
DHK,Đại học Kinh Tế - Đại học Huế,7310107,Thống kê kinh tế,A00 | A01 | C15 | D01,17,
DHK,Đại học Kinh Tế - Đại học Huế,7340122,Thương mại điện tử,A00 | A01 | C15 | D01,21,
YCT,Đại học Y Dược Cần Thơ,7720301,Điều dưỡng,B00,23.45,
YCT,Đại học Y Dược Cần Thơ,7720201,Dược học,B00,24.78,
YCT,Đại học Y Dược Cần Thơ,7720302,Hộ sinh,B00,22.35,
YCT,Đại học Y Dược Cần Thơ,7720601,Kỹ thuật xét nghiệm y học,B00,24.38,
YCT,Đại học Y Dược Cần Thơ,7720602,Kỹ thuật hình ảnh y học,B00,23.75,
YCT,Đại học Y Dược Cần Thơ,7720501,Răng- Hàm -Mặt,B00,25.65,
YCT,Đại học Y Dược Cần Thơ,7720701,Y tế công cộng,B00,19.2,
YCT,Đại học Y Dược Cần Thơ,7720101,Y khoa,B00,25.7,
YCT,Đại học Y Dược Cần Thơ,7720110,Y học dự phòng,B00,22.7,
YCT,Đại học Y Dược Cần Thơ,7720115,Y học cổ truyền,B00,24.48,
DHN,Đại học Nghệ Thuật - Đại học Huế,7210105,Điêu khắc,H00,18.5,
DHN,Đại học Nghệ Thuật - Đại học Huế,7210103,Hội hoạ,H00,18.5,
DHN,Đại học Nghệ Thuật - Đại học Huế,7140222,Sư phạm Mỹ thuật,H00,21,
DHN,Đại học Nghệ Thuật - Đại học Huế,7210403,Thiết kế đồ họa,H00,18.5,
DHN,Đại học Nghệ Thuật - Đại học Huế,7580108,Thiết kế nội thất,H00,18.5,
DHN,Đại học Nghệ Thuật - Đại học Huế,7210404,Thiết kế thời trang,H00,18.5,
CCM,Đại học Công Nghiệp Dệt May Hà Nội,7540202,"Công nghệ sợi, dệt",A00 | A01 | B00 | D01,15,
CCM,Đại học Công Nghiệp Dệt May Hà Nội,7510201,Công nghệ kỹ thuật cơ khí (chuyên ngành Cơ khí chế tạo),A00 | A01 | B00 | D01,15,
CCM,Đại học Công Nghiệp Dệt May Hà Nội,7540209,Công nghệ may,A00 | A01 | B00 | D01,15,
CCM,Đại học Công Nghiệp Dệt May Hà Nội,7510301,"Công nghệ kỹ thuật điện, điện tử",A00 | A01 | B00 | D01,15,
CCM,Đại học Công Nghiệp Dệt May Hà Nội,7340301,Kế toán,A00 | A01 | B00 | D01,15,
CCM,Đại học Công Nghiệp Dệt May Hà Nội,7340115,Marketing,A00 | A01 | B00 | D01,15,
CCM,Đại học Công Nghiệp Dệt May Hà Nội,7340101,Quản trị Kinh doanh,A00 | A01 | B00 | D01,15,
CCM,Đại học Công Nghiệp Dệt May Hà Nội,7510601,Quản lý công nghiệp,A00 | A01 | B00 | D01,15,
CCM,Đại học Công Nghiệp Dệt May Hà Nội,7210404,Thiết kế thời trang,D01 | H00 | V00 | V01,18,
CCM,Đại học Công Nghiệp Dệt May Hà Nội,7210403,Thiết kế đồ họa,A00 | D01 | H00 | V01,18,
CCM,Đại học Công Nghiệp Dệt May Hà Nội,7340122,Thương mại điện tử,A00 | A01 | B00 | D01,15,
TTU,Đại học Tân Tạo,7420201,Công nghệ sinh học,A02 | B00 | B03 | B08,15,
TTU,Đại học Tân Tạo,7720301,Điều dưỡng,A02 | B00 | B08,19,
TTU,Đại học Tân Tạo,7340301,Kế toán,A00 | A01 | D01 | D07,15,
TTU,Đại học Tân Tạo,7480101,Khoa học máy tính,A00 | A01 | D01 | D07,15,
TTU,Đại học Tân Tạo,7720601,Kỹ thuật xét nghiệm y học,A02 | B00 | B08,19,
TTU,Đại học Tân Tạo,7340120,Ngành Kinh doanh quốc tế,A00 | A01 | D01 | D07,15,
TTU,Đại học Tân Tạo,7220201,Ngôn ngữ Anh,A01 | D01 | D07 | D08,15,
TTU,Đại học Tân Tạo,7340101,Quản trị Kinh doanh,A00 | A01 | D01 | D07,15,
TTU,Đại học Tân Tạo,7340201,Tài chính – Ngân hàng,A00 | A01 | D01 | D07,15,
TTU,Đại học Tân Tạo,7720101,Y khoa,A02 | B00 | B08,22.5,
DHA,Đại học Luật - Đại học Huế,7380107,Luật kinh tế,A00 | C00 | C20 | D01,21,
DHA,Đại học Luật - Đại học Huế,7380101,Ngành Luật,A00 | C00 | C20 | D66,21,
DTF,Khoa Ngoại Ngữ - Đại học Thái Nguyên,7220201,Ngôn ngữ Anh,A01 | D01 | D15 | D66,23.7,
DTF,Khoa Ngoại Ngữ - Đại học Thái Nguyên,7220204,Ngôn ngữ Trung Quốc,A01 | D01 | D04 | D66,24.5,
DTF,Khoa Ngoại Ngữ - Đại học Thái Nguyên,7220203,Ngôn ngữ Pháp,A01 | D01 | D03 | D66,16,
DTF,Khoa Ngoại Ngữ - Đại học Thái Nguyên,7140231,Sư phạm Tiếng Anh,A01 | D01 | D15 | D66,26.95,
DTF,Khoa Ngoại Ngữ - Đại học Thái Nguyên,7140234,Sư phạm Tiếng Trung Quốc,A01 | D01 | D04 | D66,26.65,
UKB,Đại học Kinh Bắc,7480201,Công nghệ thông tin,A00 | A01 | C04 | D01,15,
UKB,Đại học Kinh Bắc,7720201,Dược học,A00 | A01 | B00 | D90,21,
UKB,Đại học Kinh Bắc,7340301,Kế toán,A00 | A01 | C04 | D01,15,
UKB,Đại học Kinh Bắc,7380107,Luật kinh tế,A00 | A01 | C00 | D01,15,
UKB,Đại học Kinh Bắc,7380101,Ngành Luật,A00 | A01 | C00 | D01,15,
UKB,Đại học Kinh Bắc,7220201,Ngôn ngữ Anh,A01 | D01 | D10 | D14,15,
UKB,Đại học Kinh Bắc,7340101,Quản trị Kinh doanh,A00 | A01 | C04 | D01,15,
UKB,Đại học Kinh Bắc,7810103,Quản trị dịch vụ du lịch và lữ hành,A00 | A01 | C00 | D01,15,
UKB,Đại học Kinh Bắc,7720115,Y học cổ truyền,A00 | A01 | B00 | D90,21,
UKB,Đại học Kinh Bắc,7720101,Y khoa,A00 | A01 | B00 | D90,22.5,
NQH,Học viện Khoa Học Quân Sự - Hệ Quân sự,7860231|21A01,ĐT Trinh sát Kỹ thuật (Nam -Phía Bắc),A01,25.26,
NQH,Học viện Khoa Học Quân Sự - Hệ Quân sự,7860231|21A00,ĐT Trinh sát Kỹ thuật  (Nam - Phía Bắc),A00,25.26,
NQH,Học viện Khoa Học Quân Sự - Hệ Quân sự,7860231|22A01,ĐT Trinh sát Kỹ thuật (Nam - Phía Nam),A01,24.5,
NQH,Học viện Khoa Học Quân Sự - Hệ Quân sự,7860231|22A00,ĐT Trinh sát Kỹ thuật (Nam -Phía Nam),A00,24.5,
NQH,Học viện Khoa Học Quân Sự - Hệ Quân sự,7220204|20D01,Ngôn ngữ Trung Quốc (Nam),D01,26.67,
NQH,Học viện Khoa Học Quân Sự - Hệ Quân sự,7220201|10D01,Ngôn ngữ Anh (Nữ),D01,27.54,
NQH,Học viện Khoa Học Quân Sự - Hệ Quân sự,7220202|10D02,Ngôn ngữ Nga (Nữ),D02,27.17,
NQH,Học viện Khoa Học Quân Sự - Hệ Quân sự,7220201|20D01,Ngôn ngữ Anh (Nam),D01,26.48,
NQH,Học viện Khoa Học Quân Sự - Hệ Quân sự,7220204|10D01,Ngôn ngữ Trung Quốc,D01,28.22,
NQH,Học viện Khoa Học Quân Sự - Hệ Quân sự,7220202|20D02,Ngôn ngữ Nga (Nam),D02,25.88,
NQH,Học viện Khoa Học Quân Sự - Hệ Quân sự,7220202|20D01,Ngôn ngữ Nga (Nam),D01,25.88,
NQH,Học viện Khoa Học Quân Sự - Hệ Quân sự,7220204|20D04,Ngôn ngữ Trung Quốc (Nam),D04,26.67,
NQH,Học viện Khoa Học Quân Sự - Hệ Quân sự,7220204|10D04,Ngôn ngữ Trung Quốc (Nữ),D04,28.22,
NQH,Học viện Khoa Học Quân Sự - Hệ Quân sự,7220202|10D01,Ngôn ngữ Nga (Nữ),D01,27.17,
NQH,Học viện Khoa Học Quân Sự - Hệ Quân sự,7310206|20D01,Quan hệ quốc tế (Nam),D01,25.94,
NQH,Học viện Khoa Học Quân Sự - Hệ Quân sự,7310206|10D01,Quan hệ quốc tếQuan hệ quốc tế (Nữ),D01,27.72,
TYS,Đại học Y khoa Phạm Ngọc Thạch,7720301,Điều dưỡng,B00 | B03,23.57,
TYS,Đại học Y khoa Phạm Ngọc Thạch,7720401,Dinh dưỡng,B00,23.2,
TYS,Đại học Y khoa Phạm Ngọc Thạch,7720201,Dược học,B00,25.51,
TYS,Đại học Y khoa Phạm Ngọc Thạch,7720302,Hộ sinh,B00,22.4,
TYS,Đại học Y khoa Phạm Ngọc Thạch,7720699,Khúc xạ nhãn khoa,A00 | B00,24.06,
TYS,Đại học Y khoa Phạm Ngọc Thạch,7720601,Kỹ thuật xét nghiệm y học,B00,24.9,
TYS,Đại học Y khoa Phạm Ngọc Thạch,7720603,Kỹ thuật phục hồi chức năng,B00,24.01,
TYS,Đại học Y khoa Phạm Ngọc Thạch,7720602,Kỹ thuật hình ảnh y học,A00 | B00,24.1,
TYS,Đại học Y khoa Phạm Ngọc Thạch,7720501,Răng- Hàm -Mặt,B00,26.49,
TYS,Đại học Y khoa Phạm Ngọc Thạch,7720101,Y khoa,B00,26.57,
TYS,Đại học Y khoa Phạm Ngọc Thạch,7720115,Y học cổ truyền,B00,24.6,
TYS,Đại học Y khoa Phạm Ngọc Thạch,7720701,Y tế công cộng,A00 | B00 | B03,21.35,
NHS,Đại học Ngân hàng TP HCM,7340002,Chương trình đại học chính quy quốc tế cấp song bằng ngành Quản trị kinh doanh,A00 | A01 | D01 | D07,24.5,
NHS,Đại học Ngân hàng TP HCM,7340205,Công nghệ tài chính,A00 | A01 | D01 | D07,25.43,
NHS,Đại học Ngân hàng TP HCM,7340405_TABP,Hệ thống thông tin quản lý,A00 | A01 | D01 | D07,24.55,
NHS,Đại học Ngân hàng TP HCM,7340405,Hệ thống thông tin,A00 | A01 | D01 | D07,25.24,
NHS,Đại học Ngân hàng TP HCM,7340301_TABP,Kế toán CLC,A00 | A01 | A04 | A05,23.65,
NHS,Đại học Ngân hàng TP HCM,7340301,Kế toán,A00 | A01 | D01 | D07,25.29,
NHS,Đại học Ngân hàng TP HCM,7460108,Khoa học dữ liệu (Data Science),A00 | A01 | D01 | D07,24.75,
NHS,Đại học Ngân hàng TP HCM,7310106_TABP,Kinh tế quốc tế,A00 | A01 | D01 | D07,25,tiếng Anh bán phần
NHS,Đại học Ngân hàng TP HCM,7310106,Kinh tế quốc tế,A00 | A01 | D01 | D07,25.5,
NHS,Đại học Ngân hàng TP HCM,7510605,Logistics và Quản lý chuỗi cung ứng,A00 | A01 | D01 | D07,25.8,
NHS,Đại học Ngân hàng TP HCM,7380107,Luật kinh tế,A00 | A01 | D01 | D14,24.35,
NHS,Đại học Ngân hàng TP HCM,7340115,Marketing,A00 | A01 | D01 | D07,26.1,
NHS,Đại học Ngân hàng TP HCM,7340120,Ngành Kinh doanh quốc tế,A00 | A01 | D01 | D07,26.36,
NHS,Đại học Ngân hàng TP HCM,7220201,Ngôn ngữ Anh,A01 | D01 | D14 | D15,25.05,
NHS,Đại học Ngân hàng TP HCM,7220201_DB,Ngôn ngữ Anh Chương trình đào tạo đặc biệt,A01 | D01 | D14 | D15,24.05,
NHS,Đại học Ngân hàng TP HCM,7340101,Quản trị Kinh doanh,A00 | A01 | D01 | D07,24.8,
NHS,Đại học Ngân hàng TP HCM,7340101_TABP,Quản trị Kinh doanh CLC,A00 | A01 | D01 | D07,20.45,
NHS,Đại học Ngân hàng TP HCM,7340201_TABP,Tài chính ngân hàng CLC,A00 | A01 | D01 | D07,24.1,
NHS,Đại học Ngân hàng TP HCM,7340201,Tài chính – Ngân hàng,A00 | A01 | D01 | D07,25.47,
DHQ,Phân Hiệu Đại học Huế tại Quảng Trị,7510406,Công nghệ kỹ thuật Môi trường,A09 | B00 | B04 | D07,15,
DHQ,Phân Hiệu Đại học Huế tại Quảng Trị,7580301,Kinh tế xây dựng,A00 | A01 | C01 | D01,15,
DHQ,Phân Hiệu Đại học Huế tại Quảng Trị,7580201,Kỹ thuật xây dựng,A00 | A01 | D01,15,
DHQ,Phân Hiệu Đại học Huế tại Quảng Trị,7520201,Kỹ thuật điện,A00 | A01 | D01,15,
DHQ,Phân Hiệu Đại học Huế tại Quảng Trị,7520216,Ngành Kỹ thuật điều khiển & Tự động hóa,A00 | A01 | D01,15,
NTS,Đại học Ngoại thương (phía Nam),NTS01,Kinh tế quản trị kinh doanh,A00,28,
NTS,Đại học Ngoại thương (phía Nam),NTS02,Tài chính ngân hàng kế toán,A00,28.2,
DPX,Đại học Dân Lập Phú Xuân,7510205,Công nghệ kỹ thuật ô tô,A00,15,
DPX,Đại học Dân Lập Phú Xuân,7480201,Công nghệ thông tin,A00,15,
DPX,Đại học Dân Lập Phú Xuân,7340301,Kế toán,A00,15,
DPX,Đại học Dân Lập Phú Xuân,7220201,Ngôn ngữ Anh,A00,15,
DPX,Đại học Dân Lập Phú Xuân,7220204,Ngôn ngữ Trung Quốc,A01,15,
DPX,Đại học Dân Lập Phú Xuân,7810103,Quản trị dịch vụ du lịch và lữ hành,A01,15,
DPX,Đại học Dân Lập Phú Xuân,7810201,Quản trị khách sạn,A01,15,
DPX,Đại học Dân Lập Phú Xuân,7340101,Quản trị Kinh doanh,A00,15,
DPX,Đại học Dân Lập Phú Xuân,7580108,Thiết kế nội thất,A00,15,
QST,Đại học Khoa học Tự nhiên - Đại học Quốc gia TP HCM,7420201,Công nghệ sinh học,A02 | B00 | B08 | D90,24.9,
QST,Đại học Khoa học Tự nhiên - Đại học Quốc gia TP HCM,7480201_DKD,Công nghệ Thông tin (CT Chất lượng cao),A00 | A01 | B08 | D07,26,
QST,Đại học Khoa học Tự nhiên - Đại học Quốc gia TP HCM,7510402,Công nghệ vật liệu,A00 | A01 | A02 | B00 | B03 | B08 | C01 | C02 | D07 | X06,24,
QST,Đại học Khoa học Tự nhiên - Đại học Quốc gia TP HCM,7420201_DKD,Công nghệ Sinh học (CT Chất lượng cao),A02 | B00 | B08 | D90,24.9,
QST,Đại học Khoa học Tự nhiên - Đại học Quốc gia TP HCM,7510406,Công nghệ kỹ thuật Môi trường,A00 | B00 | B08 | D07,19,
QST,Đại học Khoa học Tự nhiên - Đại học Quốc gia TP HCM,7510401_CLC,Công nghệ kỹ thuật Hoá học (Chất lượng cao),A00 | B00 | D07 | D90,25,
QST,Đại học Khoa học Tự nhiên - Đại học Quốc gia TP HCM,7440228,Hải dương học,A00 | A01 | B00 | D07,20,
QST,Đại học Khoa học Tự nhiên - Đại học Quốc gia TP HCM,7440112_DKD,Hóa học (CT Chất lượng cao),A00 | B00 | D07 | D91,24.65,
QST,Đại học Khoa học Tự nhiên - Đại học Quốc gia TP HCM,7440112,Hóa học,A00 | B00 | D07 | D90,25.42,
QST,Đại học Khoa học Tự nhiên - Đại học Quốc gia TP HCM,7460108,Khoa học dữ liệu (Data Science),A00 | A01 | B08 | D07,26.85,
QST,Đại học Khoa học Tự nhiên - Đại học Quốc gia TP HCM,7480101_TT,Khoa học máy tính (Chương trình Tiên tiến),A00 | A01 | B08 | D07,28.5,
QST,Đại học Khoa học Tự nhiên - Đại học Quốc gia TP HCM,7440122,Khoa học vật liệu,A00 | A01 | B00 | D07,22.3,
QST,Đại học Khoa học Tự nhiên - Đại học Quốc gia TP HCM,7440122_DKD,Khoa học Vật liệu CT Chất lượng cao,A00 | A01 | B00 | D08,22.3,
QST,Đại học Khoa học Tự nhiên - Đại học Quốc gia TP HCM,7440301_DKD,Khoa học Môi trường (CT Chất lượng cao),A00 | B00 | B08 | D08,18.5,
QST,Đại học Khoa học Tự nhiên - Đại học Quốc gia TP HCM,7440301,Khoa học môi trường,A00 | B00 | B08 | D07,19,
QST,Đại học Khoa học Tự nhiên - Đại học Quốc gia TP HCM,7520207_DKD,Kỹ thuật Điện tử - Viễn thông (CT Chất lượng cao),A00 | A01 | D07 | D90,25.4,
QST,Đại học Khoa học Tự nhiên - Đại học Quốc gia TP HCM,7520402,Kỹ thuật hạt nhân,A00 | A01 | A02 | D90,23.6,
QST,Đại học Khoa học Tự nhiên - Đại học Quốc gia TP HCM,7520501,Kỹ thuật địa chất,A00 | A01 | B00 | D07,19.5,
QST,Đại học Khoa học Tự nhiên - Đại học Quốc gia TP HCM,7520207_NN,Kỹ thuật Điện tử - Viễn thông,A00 | A01 | D07 | D90,25.9,
QST,Đại học Khoa học Tự nhiên - Đại học Quốc gia TP HCM,7460101_NN,"Nhóm ngành Toán học, Toán tin, Toán ứng dụng",A00 | A01 | B00 | D01,25.55,
QST,Đại học Khoa học Tự nhiên - Đại học Quốc gia TP HCM,7440201_NN,"Nhóm ngành Địa chất học, Khoa học quản lý và kinh tế đất đai",A00 | B00 | C04 | D07,19.5,
QST,Đại học Khoa học Tự nhiên - Đại học Quốc gia TP HCM,7480201_NN,Nhóm ngành máy tính và Công nghệ thông tin,A00 | A01 | B08 | D10,26.75,
QST,Đại học Khoa học Tự nhiên - Đại học Quốc gia TP HCM,7440102_NN,"Nhóm ngành Vật lý học, công nghệ Vật lý điện tử và tin học",A00 | A01 | A02 | D90,25.1,
QST,Đại học Khoa học Tự nhiên - Đại học Quốc gia TP HCM,7850101,Quản lý tài nguyên và môi trường,A00 | A01 | A02 | A06 | B00 | B02 | B03 | B08 | C02 | D07 | X06,22,
QST,Đại học Khoa học Tự nhiên - Đại học Quốc gia TP HCM,7420101,Sinh hoc,A02 | B00 | B08,23.5,
QST,Đại học Khoa học Tự nhiên - Đại học Quốc gia TP HCM,7420101_DKD,Sinh học (CT Chất lượng cao),A02 | B00 | B08,23.5,
QST,Đại học Khoa học Tự nhiên - Đại học Quốc gia TP HCM,7480107,Trí tuệ nhân tạo,A00 | A01 | B08 | D07,27.7,Trí tuệ nhân tạo
QST,Đại học Khoa học Tự nhiên - Đại học Quốc gia TP HCM,7520403,Vật lý Y khoa,A00 | A01 | A02 | D90,24.6,
QST,Đại học Khoa học Tự nhiên - Đại học Quốc gia TP HCM,7440102_DKD,Vật lý học CT Chất lượng cao,A00 | A01 | A02 | D90,23,
