Mã trường,Tên trường,Mã ngành,Tên ngành,Tổ hợp môn,Điểm thi THPT,Ghi chú
DKH,Đại học Dược Hà Nội,7420201,Công nghệ sinh học,B00,24.21,
DKH,Đại học Dược Hà Nội,7720201,Dược học,A00,25,
DKH,Đại học Dược Hà Nội,7440112,Hóa học,A00,23.81,
DKH,Đại học Dược Hà Nội,7720203,Hoá dược,A00,24.9,
SGD,Đại học Sài Gòn,7510301,"Công nghệ kỹ thuật điện, điện tử",A01,22.15,
SGD,Đại học Sài Gòn,7480201CLC,Công nghệ thông tin (chương trình chất lượng cao),A00 | A01,21.8,
SGD,Đại học Sài Gòn,7510301,"Công nghệ kỹ thuật điện, điện tử",A00,23.15,
SGD,Đại học Sài Gòn,7510406,Công nghệ kỹ thuật Môi trường,B00,19.26,
SGD,Đại học Sài Gòn,7480201,Công nghệ thông tin,A00 | A01,23.68,
SGD,Đại học Sài Gòn,7510406,Công nghệ kỹ thuật Môi trường,A00,18.26,
SGD,Đại học Sài Gòn,7460112,ĐH Toán ứng dụng,A01,22.3,
SGD,Đại học Sài Gòn,7460112,ĐH Toán ứng dụng,A00,23.3,
SGD,Đại học Sài Gòn,7510302,Điện tử - viễn thông,A01,21.8,
SGD,Đại học Sài Gòn,7510302,Điện tử - viễn thông,A00,22.8,
SGD,Đại học Sài Gòn,7810101,Du lịch,C00 | D01,23.01,
SGD,Đại học Sài Gòn,7140205,Giáo dục Chính trị,C00 | C19,25.33,
SGD,Đại học Sài Gòn,7140202,Giáo dục Tiểu học,D01,24.11,
SGD,Đại học Sài Gòn,7140201,Giáo dục Mầm non,M01 | M02,20.8,
SGD,Đại học Sài Gòn,7340301,Kế toán,D01,22.29,
SGD,Đại học Sài Gòn,7340301,Kế toán,C01,23.29,
SGD,Đại học Sài Gòn,7440301,Khoa học môi trường,B00,18.91,
SGD,Đại học Sài Gòn,7440301,Khoa học môi trường,A00,17.91,
SGD,Đại học Sài Gòn,7520201,Kỹ thuật điện,A00,21.61,
SGD,Đại học Sài Gòn,7520201,Kỹ thuật điện,A01,20.61,
SGD,Đại học Sài Gòn,7480103,Kỹ thuật phần mềm,A00 | A01,24.21,
SGD,Đại học Sài Gòn,7520207,Ngành Kỹ thuật điện tử truyền thông,A00,21.66,
SGD,Đại học Sài Gòn,7380101,Ngành Luật,D01,22.87,
SGD,Đại học Sài Gòn,7340120,Ngành Kinh doanh quốc tế,A01,24.98,
SGD,Đại học Sài Gòn,7340120,Ngành Kinh doanh quốc tế,D01,23.98,
SGD,Đại học Sài Gòn,7520207,Ngành Kỹ thuật điện tử truyền thông,A01,20.66,
SGD,Đại học Sài Gòn,7380101,Ngành Luật,C03,23.87,
SGD,Đại học Sài Gòn,7220201,Ngôn ngữ Anh,D01,24.58,
SGD,Đại học Sài Gòn,7340101,Quản trị Kinh doanh,A01,23.85,
SGD,Đại học Sài Gòn,7140114,Quản lý giáo dục,C04,23.39,
SGD,Đại học Sài Gòn,7340101,Quản trị Kinh doanh,D01,22.85,
SGD,Đại học Sài Gòn,7140114,Quản lý giáo dục,D01,22.39,
SGD,Đại học Sài Gòn,7340406,Quản trị văn phòng,D01,23.16,
SGD,Đại học Sài Gòn,7340406,Quản trị văn phòng,C04,24.16,
SGD,Đại học Sài Gòn,7310601,Quốc tế học,D01,22.7,
SGD,Đại học Sài Gòn,7140218,Sư phạm Lịch sử,C00,25.66,
SGD,Đại học Sài Gòn,7140247,Sư phạm khoa học tự nhiên,A00 | B00,24.25,
SGD,Đại học Sài Gòn,7140213,Sư phạm Sinh học,B00,23.82,
SGD,Đại học Sài Gòn,7140231,Sư phạm Tiếng Anh,D01,26.15,
SGD,Đại học Sài Gòn,7140212,Sư phạm Hóa học,A00,25.28,
SGD,Đại học Sài Gòn,7140221,Sư phạm Âm nhạc,N01,23.01,
SGD,Đại học Sài Gòn,7140209,Sư phạm Toán học,A01,25.31,
SGD,Đại học Sài Gòn,7140249,Sư phạm Lịch sử - Địa lý,C00,24.21,
SGD,Đại học Sài Gòn,7140219,Sư phạm Địa lý,C00 | C04,23.45,
SGD,Đại học Sài Gòn,7140209,Sư phạm Toán học,A00,26.31,
SGD,Đại học Sài Gòn,7140217,Sư phạm Ngữ văn,C00,25.81,
SGD,Đại học Sài Gòn,7140222,Sư phạm Mỹ thuật,H00,21.26,
SGD,Đại học Sài Gòn,7140211,Sư phạm Vật lý,A00,24.61,
SGD,Đại học Sài Gòn,7340201,Tài chính – Ngân hàng,C01,23.46,
SGD,Đại học Sài Gòn,7340201,Tài chính – Ngân hàng,D01,22.46,
SGD,Đại học Sài Gòn,7310401,Tâm lý học,D01,23.8,
SGD,Đại học Sài Gòn,7320201,Thông tin - thư viện,C04 | D01,21.36,
SGD,Đại học Sài Gòn,7310630D,Việt Nam học,C00,22.2,
BVS,Học viện Công nghệ Bưu chính Viễn thông (phía Nam),7480202,An toàn thông tin,A00 | A01,24.44,
BVS,Học viện Công nghệ Bưu chính Viễn thông (phía Nam),7329001,Công nghệ đa phương tiện,A00 | A01 | D01,24.05,
BVS,Học viện Công nghệ Bưu chính Viễn thông (phía Nam),7340205,Công nghệ tài chính,A00 | A01 | D01,25.35,
BVS,Học viện Công nghệ Bưu chính Viễn thông (phía Nam),7510301,"Công nghệ kỹ thuật điện, điện tử",A00 | A01,18.15,
BVS,Học viện Công nghệ Bưu chính Viễn thông (phía Nam),7480201,Công nghệ thông tin,A00 | A01,25.1,
BVS,Học viện Công nghệ Bưu chính Viễn thông (phía Nam),7340301,Kế toán,A00 | A01 | D01,20,
BVS,Học viện Công nghệ Bưu chính Viễn thông (phía Nam),7340301,Kế toán,A00 | A01 | D01,25.05,
BVS,Học viện Công nghệ Bưu chính Viễn thông (phía Nam),7520208 (trước 2023),Kỹ thuật điện và công nghệ thông tin,A00 | A01,21.7,
BVS,Học viện Công nghệ Bưu chính Viễn thông (phía Nam),7340115,Marketing,A00 | A01 | D01,24.1,
BVS,Học viện Công nghệ Bưu chính Viễn thông (phía Nam),7340115,Marketing,A00 | A01 | D01,25.8,
BVS,Học viện Công nghệ Bưu chính Viễn thông (phía Nam),7520207,Ngành Kỹ thuật điện tử truyền thông,A00 | A01,21.9,
BVS,Học viện Công nghệ Bưu chính Viễn thông (phía Nam),7520216,Ngành Kỹ thuật điều khiển & Tự động hóa,A00 | A01,18,
BVS,Học viện Công nghệ Bưu chính Viễn thông (phía Nam),7340101,Quản trị Kinh doanh,A00 | A01 | D01,22.8,
BVS,Học viện Công nghệ Bưu chính Viễn thông (phía Nam),7340122,Thương mại điện tử,A00 | A01 | D01,26.2,
TBD,Đại học Thái Bình Dương,7480201,Công nghệ thông tin,A00,15,
TBD,Đại học Thái Bình Dương,7310608,Đông phương học,C00,15,
TBD,Đại học Thái Bình Dương,7810101,Du lịch,A01,15,
TBD,Đại học Thái Bình Dương,7340301,Kế toán,A00,15,
TBD,Đại học Thái Bình Dương,7510605,Logistics và Quản lý chuỗi cung ứng,A00,15,
TBD,Đại học Thái Bình Dương,7340115,Marketing,A00,15,
TBD,Đại học Thái Bình Dương,7340120,Ngành Kinh doanh quốc tế,A00,15,
TBD,Đại học Thái Bình Dương,7380101,Ngành Luật,A00,15,
TBD,Đại học Thái Bình Dương,7220201,Ngôn ngữ Anh,D01,15,
TBD,Đại học Thái Bình Dương,7810201,Quản trị khách sạn,A01,15,
TBD,Đại học Thái Bình Dương,7340101,Quản trị Kinh doanh,A00,15,
TBD,Đại học Thái Bình Dương,7340201,Tài chính – Ngân hàng,A00,15,
TBD,Đại học Thái Bình Dương,7480207,Trí tuệ nhân tạo,A00,15,
QHX,Đại học Khoa học Xã hội và Nhân văn - Đại học Quốc gia Hà Nội,QHX01,Báo chí,D01 | D04,26,
QHX,Đại học Khoa học Xã hội và Nhân văn - Đại học Quốc gia Hà Nội,QHX01,Báo chí,C00,28.5,
QHX,Đại học Khoa học Xã hội và Nhân văn - Đại học Quốc gia Hà Nội,QHX01,Báo chí,D78,26.5,
QHX,Đại học Khoa học Xã hội và Nhân văn - Đại học Quốc gia Hà Nội,QHX01,Báo chí,A01,25.5,
QHX,Đại học Khoa học Xã hội và Nhân văn - Đại học Quốc gia Hà Nội,QHX02,Chính trị hoc,D78,24.6,
QHX,Đại học Khoa học Xã hội và Nhân văn - Đại học Quốc gia Hà Nội,QHX02,Chính trị hoc,A01,23,
QHX,Đại học Khoa học Xã hội và Nhân văn - Đại học Quốc gia Hà Nội,QHX02,Chính trị hoc,D01,24,
QHX,Đại học Khoa học Xã hội và Nhân văn - Đại học Quốc gia Hà Nội,QHX02,Chính trị hoc,C00,26.25,
QHX,Đại học Khoa học Xã hội và Nhân văn - Đại học Quốc gia Hà Nội,QHX02,Chính trị hoc,D04,24.7,
QHX,Đại học Khoa học Xã hội và Nhân văn - Đại học Quốc gia Hà Nội,QHX03,Công tác xã hội,A01,23.75,
QHX,Đại học Khoa học Xã hội và Nhân văn - Đại học Quốc gia Hà Nội,QHX03,Công tác xã hội,D78,25,
QHX,Đại học Khoa học Xã hội và Nhân văn - Đại học Quốc gia Hà Nội,QHX03,Công tác xã hội,D01,24.8,
QHX,Đại học Khoa học Xã hội và Nhân văn - Đại học Quốc gia Hà Nội,QHX03,Công tác xã hội,C00,26.3,
QHX,Đại học Khoa học Xã hội và Nhân văn - Đại học Quốc gia Hà Nội,QHX03,Công tác xã hội,D04,24,
QHX,Đại học Khoa học Xã hội và Nhân văn - Đại học Quốc gia Hà Nội,QHX04,Đông Nam Á học,A01,22.75,
QHX,Đại học Khoa học Xã hội và Nhân văn - Đại học Quốc gia Hà Nội,QHX04,Đông Nam Á học,D78,25.1,
QHX,Đại học Khoa học Xã hội và Nhân văn - Đại học Quốc gia Hà Nội,QHX05,Đông phương học,D78,26.5,
QHX,Đại học Khoa học Xã hội và Nhân văn - Đại học Quốc gia Hà Nội,QHX04,Đông Nam Á học,D01,24.75,
QHX,Đại học Khoa học Xã hội và Nhân văn - Đại học Quốc gia Hà Nội,QHX05,Đông phương học,D01,25.55,
QHX,Đại học Khoa học Xã hội và Nhân văn - Đại học Quốc gia Hà Nội,QHX05,Đông phương học,C00,28.5,
QHX,Đại học Khoa học Xã hội và Nhân văn - Đại học Quốc gia Hà Nội,QHX05,Đông phương học,D04,25.5,
QHX,Đại học Khoa học Xã hội và Nhân văn - Đại học Quốc gia Hà Nội,QHX06,Hán Nôm,D04,25,
QHX,Đại học Khoa học Xã hội và Nhân văn - Đại học Quốc gia Hà Nội,QHX26,Hàn Quốc học,A01,24.75,
QHX,Đại học Khoa học Xã hội và Nhân văn - Đại học Quốc gia Hà Nội,QHX06,Hán Nôm,D01,24.15,
QHX,Đại học Khoa học Xã hội và Nhân văn - Đại học Quốc gia Hà Nội,QHX26,Hàn Quốc học,D78,26.5,
QHX,Đại học Khoa học Xã hội và Nhân văn - Đại học Quốc gia Hà Nội,QHX26,Hàn Quốc học,D01,26.25,
QHX,Đại học Khoa học Xã hội và Nhân văn - Đại học Quốc gia Hà Nội,QHX06,Hán Nôm,D78,24.5,
QHX,Đại học Khoa học Xã hội và Nhân văn - Đại học Quốc gia Hà Nội,QHX26,Hàn Quốc học,C00,28.25,
QHX,Đại học Khoa học Xã hội và Nhân văn - Đại học Quốc gia Hà Nội,QHX06,Hán Nôm,C00,25.75,
QHX,Đại học Khoa học Xã hội và Nhân văn - Đại học Quốc gia Hà Nội,QHX07,Khoa học quản lý,D01 | D04 | D78,25.25,
QHX,Đại học Khoa học Xã hội và Nhân văn - Đại học Quốc gia Hà Nội,QHX07,Khoa học quản lý,A01,23.5,
QHX,Đại học Khoa học Xã hội và Nhân văn - Đại học Quốc gia Hà Nội,QHX07,Khoa học quản lý,C00,27,
QHX,Đại học Khoa học Xã hội và Nhân văn - Đại học Quốc gia Hà Nội,QHX08,Lich sử,C00,27,
QHX,Đại học Khoa học Xã hội và Nhân văn - Đại học Quốc gia Hà Nội,QHX08,Lich sử,D04,23.4,
QHX,Đại học Khoa học Xã hội và Nhân văn - Đại học Quốc gia Hà Nội,QHX08,Lich sử,D01,24.25,
QHX,Đại học Khoa học Xã hội và Nhân văn - Đại học Quốc gia Hà Nội,QHX08,Lich sử,D78,24.47,
QHX,Đại học Khoa học Xã hội và Nhân văn - Đại học Quốc gia Hà Nội,QHX09,Lưu trữ học,D04,22.75,
QHX,Đại học Khoa học Xã hội và Nhân văn - Đại học Quốc gia Hà Nội,QHX09,Lưu trữ học,D01 | D78,24,
QHX,Đại học Khoa học Xã hội và Nhân văn - Đại học Quốc gia Hà Nội,QHX09,Lưu trữ học,A01,22,
QHX,Đại học Khoa học Xã hội và Nhân văn - Đại học Quốc gia Hà Nội,QHX09,Lưu trữ học,C00,23.8,
QHX,Đại học Khoa học Xã hội và Nhân văn - Đại học Quốc gia Hà Nội,QHX10,Ngôn ngữ học,D78,25.75,
QHX,Đại học Khoa học Xã hội và Nhân văn - Đại học Quốc gia Hà Nội,QHX10,Ngôn ngữ học,D01,25.25,
QHX,Đại học Khoa học Xã hội và Nhân văn - Đại học Quốc gia Hà Nội,QHX10,Ngôn ngữ học,C00,26.4,
QHX,Đại học Khoa học Xã hội và Nhân văn - Đại học Quốc gia Hà Nội,QHX10,Ngôn ngữ học,D04,24.75,
QHX,Đại học Khoa học Xã hội và Nhân văn - Đại học Quốc gia Hà Nội,QHX11,Nhân học,D01,24.15,
QHX,Đại học Khoa học Xã hội và Nhân văn - Đại học Quốc gia Hà Nội,QHX11,Nhân học,C00,25.25,
QHX,Đại học Khoa học Xã hội và Nhân văn - Đại học Quốc gia Hà Nội,QHX11,Nhân học,D78,24.2,
QHX,Đại học Khoa học Xã hội và Nhân văn - Đại học Quốc gia Hà Nội,QHX11,Nhân học,A01 | D04,22,
QHX,Đại học Khoa học Xã hội và Nhân văn - Đại học Quốc gia Hà Nội,QHX12,Nhật Bản học,D78,25.75,
QHX,Đại học Khoa học Xã hội và Nhân văn - Đại học Quốc gia Hà Nội,QHX12,Nhật Bản học,D01,25.5,
QHX,Đại học Khoa học Xã hội và Nhân văn - Đại học Quốc gia Hà Nội,QHX12,Nhật Bản học,D06,24,
QHX,Đại học Khoa học Xã hội và Nhân văn - Đại học Quốc gia Hà Nội,QHX17,Quản tri văn phòng,D01,25.25,
QHX,Đại học Khoa học Xã hội và Nhân văn - Đại học Quốc gia Hà Nội,QHX14,Quản lý thông tin,D78,25,
QHX,Đại học Khoa học Xã hội và Nhân văn - Đại học Quốc gia Hà Nội,QHX16,Quản trị khách sạn,D01 | D78,25.5,
QHX,Đại học Khoa học Xã hội và Nhân văn - Đại học Quốc gia Hà Nội,QHX13,Quan hệ công chúng,C00,28.78,
QHX,Đại học Khoa học Xã hội và Nhân văn - Đại học Quốc gia Hà Nội,QHX17,Quản tri văn phòng,C00,27,
QHX,Đại học Khoa học Xã hội và Nhân văn - Đại học Quốc gia Hà Nội,QHX16,Quản trị khách sạn,A01,25,
QHX,Đại học Khoa học Xã hội và Nhân văn - Đại học Quốc gia Hà Nội,QHX14,Quản lý thông tin,D01,25.25,
QHX,Đại học Khoa học Xã hội và Nhân văn - Đại học Quốc gia Hà Nội,QHX17,Quản tri văn phòng,D78,25.75,
QHX,Đại học Khoa học Xã hội và Nhân văn - Đại học Quốc gia Hà Nội,QHX15,Quản trị dịch vụ du lịch và lữ hành,D01,26,
QHX,Đại học Khoa học Xã hội và Nhân văn - Đại học Quốc gia Hà Nội,QHX13,Quan hệ công chúng,D04,26.2,
QHX,Đại học Khoa học Xã hội và Nhân văn - Đại học Quốc gia Hà Nội,QHX14,Quản lý thông tin,A01,24.5,
QHX,Đại học Khoa học Xã hội và Nhân văn - Đại học Quốc gia Hà Nội,QHX17,Quản tri văn phòng,D04,25.5,
QHX,Đại học Khoa học Xã hội và Nhân văn - Đại học Quốc gia Hà Nội,QHX15,Quản trị dịch vụ du lịch và lữ hành,A01,25.5,
QHX,Đại học Khoa học Xã hội và Nhân văn - Đại học Quốc gia Hà Nội,QHX13,Quan hệ công chúng,D01,26.75,
QHX,Đại học Khoa học Xã hội và Nhân văn - Đại học Quốc gia Hà Nội,QHX13,Quan hệ công chúng,D78,27.5,
QHX,Đại học Khoa học Xã hội và Nhân văn - Đại học Quốc gia Hà Nội,QHX15,Quản trị dịch vụ du lịch và lữ hành,D78,26.4,
QHX,Đại học Khoa học Xã hội và Nhân văn - Đại học Quốc gia Hà Nội,QHX17,Quản tri văn phòng,A01,25,
QHX,Đại học Khoa học Xã hội và Nhân văn - Đại học Quốc gia Hà Nội,QHX14,Quản lý thông tin,C00,26.8,
QHX,Đại học Khoa học Xã hội và Nhân văn - Đại học Quốc gia Hà Nội,QHX18,Quốc tế học,D01,25.4,
QHX,Đại học Khoa học Xã hội và Nhân văn - Đại học Quốc gia Hà Nội,QHX18,Quốc tế học,C00,27.7,
QHX,Đại học Khoa học Xã hội và Nhân văn - Đại học Quốc gia Hà Nội,QHX18,Quốc tế học,D78,25.75,
QHX,Đại học Khoa học Xã hội và Nhân văn - Đại học Quốc gia Hà Nội,QHX18,Quốc tế học,D04,25.25,
QHX,Đại học Khoa học Xã hội và Nhân văn - Đại học Quốc gia Hà Nội,QHX18,Quốc tế học,A01,24,
QHX,Đại học Khoa học Xã hội và Nhân văn - Đại học Quốc gia Hà Nội,QHX19,Tâm lý học,D78,27.25,
QHX,Đại học Khoa học Xã hội và Nhân văn - Đại học Quốc gia Hà Nội,QHX19,Tâm lý học,C00,28,
QHX,Đại học Khoa học Xã hội và Nhân văn - Đại học Quốc gia Hà Nội,QHX19,Tâm lý học,A01 | D01,27,
QHX,Đại học Khoa học Xã hội và Nhân văn - Đại học Quốc gia Hà Nội,QHX19,Tâm lý học,D04,25.5,
QHX,Đại học Khoa học Xã hội và Nhân văn - Đại học Quốc gia Hà Nội,QHX20,Thông tin - thư viện,A01,23,
QHX,Đại học Khoa học Xã hội và Nhân văn - Đại học Quốc gia Hà Nội,QHX20,Thông tin - thư viện,D01,23.8,
QHX,Đại học Khoa học Xã hội và Nhân văn - Đại học Quốc gia Hà Nội,QHX20,Thông tin - thư viện,C00,25,
QHX,Đại học Khoa học Xã hội và Nhân văn - Đại học Quốc gia Hà Nội,QHX20,Thông tin - thư viện,D78,24.25,
QHX,Đại học Khoa học Xã hội và Nhân văn - Đại học Quốc gia Hà Nội,QHX21,Tôn giáo học,C00,25,
QHX,Đại học Khoa học Xã hội và Nhân văn - Đại học Quốc gia Hà Nội,QHX21,Tôn giáo học,D04,22.6,
QHX,Đại học Khoa học Xã hội và Nhân văn - Đại học Quốc gia Hà Nội,QHX21,Tôn giáo học,A01,22,
QHX,Đại học Khoa học Xã hội và Nhân văn - Đại học Quốc gia Hà Nội,QHX21,Tôn giáo học,D01 | D78,23.5,
QHX,Đại học Khoa học Xã hội và Nhân văn - Đại học Quốc gia Hà Nội,QHX22,Triết học,D78,24.5,
QHX,Đại học Khoa học Xã hội và Nhân văn - Đại học Quốc gia Hà Nội,QHX22,Triết học,D04,23.4,
QHX,Đại học Khoa học Xã hội và Nhân văn - Đại học Quốc gia Hà Nội,QHX22,Triết học,C00,25.3,
QHX,Đại học Khoa học Xã hội và Nhân văn - Đại học Quốc gia Hà Nội,QHX22,Triết học,A01,22.5,
QHX,Đại học Khoa học Xã hội và Nhân văn - Đại học Quốc gia Hà Nội,QHX22,Triết học,D01,24,
QHX,Đại học Khoa học Xã hội và Nhân văn - Đại học Quốc gia Hà Nội,QHX23,Văn học,D04,24.5,
QHX,Đại học Khoa học Xã hội và Nhân văn - Đại học Quốc gia Hà Nội,QHX27,Văn hóa học,D01 | D78,24.6,
QHX,Đại học Khoa học Xã hội và Nhân văn - Đại học Quốc gia Hà Nội,QHX23,Văn học,C00,26.8,
QHX,Đại học Khoa học Xã hội và Nhân văn - Đại học Quốc gia Hà Nội,QHX27,Văn hóa học,C00,26.3,
QHX,Đại học Khoa học Xã hội và Nhân văn - Đại học Quốc gia Hà Nội,QHX23,Văn học,D01 | D78,25.75,
QHX,Đại học Khoa học Xã hội và Nhân văn - Đại học Quốc gia Hà Nội,QHX27,Văn hóa học,D04,23.5,
QHX,Đại học Khoa học Xã hội và Nhân văn - Đại học Quốc gia Hà Nội,QHX24,Việt Nam học,C00,26,
QHX,Đại học Khoa học Xã hội và Nhân văn - Đại học Quốc gia Hà Nội,QHX24,Việt Nam học,D04,23,
QHX,Đại học Khoa học Xã hội và Nhân văn - Đại học Quốc gia Hà Nội,QHX24,Việt Nam học,D01,24.5,
QHX,Đại học Khoa học Xã hội và Nhân văn - Đại học Quốc gia Hà Nội,QHX24,Việt Nam học,D78,24.75,
QHX,Đại học Khoa học Xã hội và Nhân văn - Đại học Quốc gia Hà Nội,QHX25,Xã hội học,C00,26.5,
QHX,Đại học Khoa học Xã hội và Nhân văn - Đại học Quốc gia Hà Nội,QHX25,Xã hội học,D78,25.7,
QHX,Đại học Khoa học Xã hội và Nhân văn - Đại học Quốc gia Hà Nội,QHX25,Xã hội học,A01 | D04,24,
QHX,Đại học Khoa học Xã hội và Nhân văn - Đại học Quốc gia Hà Nội,QHX25,Xã hội học,D01,25.2,
DTM,Đại học Tài nguyên và Môi trường TP HCM,7340116,Bất động sản,A00 | A01 | B00 | D01,16,
DTM,Đại học Tài nguyên và Môi trường TP HCM,7440298,Biến đổi khí hậu và phát triển bền vững,A00 | A01 | B00 | D01,15,
DTM,Đại học Tài nguyên và Môi trường TP HCM,7510401,Công nghệ kỹ thuật hoá học,A00 | A01 | A02 | B00,15,
DTM,Đại học Tài nguyên và Môi trường TP HCM,7510402,Công nghệ vật liệu,A00 | A01 | A02 | B00,15,
DTM,Đại học Tài nguyên và Môi trường TP HCM,7510406,Công nghệ kỹ thuật Môi trường,A00 | A01 | A02 | B00,15,
DTM,Đại học Tài nguyên và Môi trường TP HCM,7480201,Công nghệ thông tin,A00 | A01 | B00 | D01,17,
DTM,Đại học Tài nguyên và Môi trường TP HCM,7440201,Địa chất học,A00 | A01 | A02 | B00,15,
DTM,Đại học Tài nguyên và Môi trường TP HCM,7480104,Hệ thống thông tin,A00 | A01 | B00 | D01,15,
DTM,Đại học Tài nguyên và Môi trường TP HCM,7440222,Khí tượng và Khí hậu học,A00 | A01 | B00 | D01,15,
DTM,Đại học Tài nguyên và Môi trường TP HCM,7850102,Kinh tế tài nguyên thiên nhiên,A00 | A01 | B00 | D01,15,
DTM,Đại học Tài nguyên và Môi trường TP HCM,7520503,Kỹ thuật trắc địa – bản đồ,A00 | A01 | A02 | B00,15,
DTM,Đại học Tài nguyên và Môi trường TP HCM,7580213,Kỹ thuật cấp thoát nước,A00 | A01 | A02 | B00,15,
DTM,Đại học Tài nguyên và Môi trường TP HCM,7850195,Quản lý tổng hợp tài nguyên nước,A00 | A01 | B00 | D01,15,
DTM,Đại học Tài nguyên và Môi trường TP HCM,7580106,Quản lý đô thị và công trình,A00 | A01 | A02 | B00,16,
DTM,Đại học Tài nguyên và Môi trường TP HCM,7850103,Quản lý đất đai,A00 | A01 | B00 | D01,17,
DTM,Đại học Tài nguyên và Môi trường TP HCM,7850101,Quản lý tài nguyên và môi trường,A00 | A01 | A02 | B00,16,
DTM,Đại học Tài nguyên và Môi trường TP HCM,7850197,Quản lý tài nguyên và môi trường biển đảo*,A00 | A01 | B00 | D01,15,
DTM,Đại học Tài nguyên và Môi trường TP HCM,7340101,Quản trị Kinh doanh,A00 | A01 | B00 | D01,17,
DTM,Đại học Tài nguyên và Môi trường TP HCM,7440224,Thủy văn học,A00 | A01 | B00 | D01,15,
QSQ,Đại học Quốc tế - Đại học Quốc gia TP HCM,7540101,Công nghệ thực phẩm,A00 | A01 | B00 | D07,19,
QSQ,Đại học Quốc tế - Đại học Quốc gia TP HCM,7420201,Công nghệ sinh học,A00 | B00 | B08 | D07,20,
QSQ,Đại học Quốc tế - Đại học Quốc gia TP HCM,7480201,Công nghệ thông tin,A00 | A01,25,
QSQ,Đại học Quốc tế - Đại học Quốc gia TP HCM,7520207_WE,CTLK - Điện tử - viễn thông,A00 | A01 | B00 | D01,18,
QSQ,Đại học Quốc tế - Đại học Quốc gia TP HCM,7480201_DK25,CTLK - Công nghệ thông tin,A00 | A01,21,
QSQ,Đại học Quốc tế - Đại học Quốc gia TP HCM,7340101_WE4,CTLK - Quản trị kinh doanh,A00 | A01 | D01 | D07,18,
QSQ,Đại học Quốc tế - Đại học Quốc gia TP HCM,7220201_WE4,CTLK - Ngôn ngữ Anh,D01 | D09 | D14 | D15,18,
QSQ,Đại học Quốc tế - Đại học Quốc gia TP HCM,7340101_NS,CTLK - Quản trị kinh doanh,A00 | A01 | D01 | D07,18,
QSQ,Đại học Quốc tế - Đại học Quốc gia TP HCM,7520118_SB,CTLK - Công nghệ sinh học,A00 | A01 | D01,18,
QSQ,Đại học Quốc tế - Đại học Quốc gia TP HCM,7520207_UN,CTLK - Điện tử - viễn thông,A00 | A01 | B00 | D01,18,
QSQ,Đại học Quốc tế - Đại học Quốc gia TP HCM,7480201_DK2,CTLK - Công nghệ thông tin,A00 | A01,21,
QSQ,Đại học Quốc tế - Đại học Quốc gia TP HCM,7340101_WE,CTLK - Quản trị kinh doanh,A00 | A01 | D01 | D07,18,
QSQ,Đại học Quốc tế - Đại học Quốc gia TP HCM,7220201_WE3,CTLK - Ngôn ngữ Anh,D01 | D09 | D14 | D15,18,
QSQ,Đại học Quốc tế - Đại học Quốc gia TP HCM,7480201_UN,CTLK - Công nghệ thông tin,A00 | A01,21,
QSQ,Đại học Quốc tế - Đại học Quốc gia TP HCM,7420201_WE2,CTLK - Công nghệ sinh học,A00 | B00 | B08 | D07,18,
QSQ,Đại học Quốc tế - Đại học Quốc gia TP HCM,7340101_UH,CTLK - Quản trị kinh doanh,A00 | A01 | D01 | D07,18,
QSQ,Đại học Quốc tế - Đại học Quốc gia TP HCM,7540101_UN,CTLK - Công nghệ thực phẩm,A00 | A01 | B00 | D07,18,
QSQ,Đại học Quốc tế - Đại học Quốc gia TP HCM,7480201_DK3,CTLK - Công nghệ thông tin,A00 | A01,21,
QSQ,Đại học Quốc tế - Đại học Quốc gia TP HCM,7420201_WE4,CTLK - Công nghệ sinh học,A00 | B00 | B08 | D07,18,
QSQ,Đại học Quốc tế - Đại học Quốc gia TP HCM,7420201_UN,CTLK - Công nghệ sinh học,A00 | B00 | B08 | D07,18,
QSQ,Đại học Quốc tế - Đại học Quốc gia TP HCM,7480201_WE4,CTLK - Công nghệ thông tin,A00 | A01,21,
QSQ,Đại học Quốc tế - Đại học Quốc gia TP HCM,7220201_WE2,CTLK - Ngôn ngữ Anh,D01 | D09 | D14 | D15,18,
QSQ,Đại học Quốc tế - Đại học Quốc gia TP HCM,7460112,ĐH Toán ứng dụng,A00 | A01,19,
QSQ,Đại học Quốc tế - Đại học Quốc gia TP HCM,7440112,Hóa học,A00 | B00 | B08 | D07,19,
QSQ,Đại học Quốc tế - Đại học Quốc gia TP HCM,7340301,Kế toán,A00 | A01 | D01 | D07,23,
QSQ,Đại học Quốc tế - Đại học Quốc gia TP HCM,7460108,Khoa học dữ liệu (Data Science),A00 | A01,25,
QSQ,Đại học Quốc tế - Đại học Quốc gia TP HCM,7480101,Khoa học máy tính,A00 | A01,25,
QSQ,Đại học Quốc tế - Đại học Quốc gia TP HCM,7480101_WE2,Khoa học máy tính (CTLK với ĐH West of England) (2+2),A00 | A01,21,
QSQ,Đại học Quốc tế - Đại học Quốc gia TP HCM,7340120_TH,Kinh doanh quốc tế tích hợp,A00 | A01 | D01 | D07,18,
QSQ,Đại học Quốc tế - Đại học Quốc gia TP HCM,7310101,Kinh tế,A00 | A01 | D01 | D07,23.25,
QSQ,Đại học Quốc tế - Đại học Quốc gia TP HCM,7520207_SB,Kỹ thuật điện tử (CTLK với ĐH Suny Binghamton) (2+2),A00 | A01 | B00 | D01,18,
QSQ,Đại học Quốc tế - Đại học Quốc gia TP HCM,7520212,Kỹ thuật y sinh,A00 | B00 | B08 | D07,22,
QSQ,Đại học Quốc tế - Đại học Quốc gia TP HCM,7580201,Kỹ thuật xây dựng,A00 | A01 | D07,18,
QSQ,Đại học Quốc tế - Đại học Quốc gia TP HCM,7520118,Kỹ thuật hệ thống công nghiệp,A00 | A01 | D01,19,
QSQ,Đại học Quốc tế - Đại học Quốc gia TP HCM,7520301,Kỹ thuật hóa học,A00 | A01 | B00 | D07,20,
QSQ,Đại học Quốc tế - Đại học Quốc gia TP HCM,7480106_SB,Kỹ thuật máy tính (CTLK với ĐH Suny Binghamton) (2+2),A00 | A01,21,
QSQ,Đại học Quốc tế - Đại học Quốc gia TP HCM,7520121,Kỹ thuật không gian,A00 | A01 | A02 | D01,21,
QSQ,Đại học Quốc tế - Đại học Quốc gia TP HCM,7510605,Logistics và Quản lý chuỗi cung ứng,A00 | A01 | D01,25.25,
QSQ,Đại học Quốc tế - Đại học Quốc gia TP HCM,7520216,Ngành Kỹ thuật điều khiển & Tự động hóa,A00 | A01 | B00 | D01,21,
QSQ,Đại học Quốc tế - Đại học Quốc gia TP HCM,7520320,Ngành Kỹ thuật môi trường,A00 | A02 | B00 | D07,18,
QSQ,Đại học Quốc tế - Đại học Quốc gia TP HCM,7520207,Ngành Kỹ thuật điện tử truyền thông,A00 | A01 | B00 | D01,21,
QSQ,Đại học Quốc tế - Đại học Quốc gia TP HCM,7220201,Ngôn ngữ Anh,D01 | D09 | D14 | D15,25,
QSQ,Đại học Quốc tế - Đại học Quốc gia TP HCM,7340101,Quản trị Kinh doanh,A00 | A01 | D01 | D07,23.5,
QSQ,Đại học Quốc tế - Đại học Quốc gia TP HCM,7580302,Quản lý xây dựng,A00 | A01 | D01 | D07,18,
QSQ,Đại học Quốc tế - Đại học Quốc gia TP HCM,7340101_SY,Quản trị kinh doanh (CTLK với ĐH Sydney) (2+2),A00 | A01 | D01 | D07,21,
QSQ,Đại học Quốc tế - Đại học Quốc gia TP HCM,7340101_UN,Quản trị kinh doanh (CTLK với ĐH Nottingham) (2+2),A00 | A01 | D01 | D07,18,
QSQ,Đại học Quốc tế - Đại học Quốc gia TP HCM,7340101_AND,"Quản trị kinh doanh (Đại học Andrews, Hoa Kỳ) (4+0)",A00 | A01 | D01 | D07,18,
QSQ,Đại học Quốc tế - Đại học Quốc gia TP HCM,7340201,Tài chính – Ngân hàng,A00 | A01 | D01 | D07,23,
QSQ,Đại học Quốc tế - Đại học Quốc gia TP HCM,7460201,Thống kê,A00 | A01,18,
QHK,Khoa Các khoa học liên ngành - Đại học Quốc gia Hà Nội,7900205,Quản trị tài nguyên di sản,C00,23.48,
QHK,Khoa Các khoa học liên ngành - Đại học Quốc gia Hà Nội,7349002,Quản trị kinh doanh (liên kết),A01,24.06,
QHK,Khoa Các khoa học liên ngành - Đại học Quốc gia Hà Nội,7900204,Quản trị đô thị thông minh và bền vững,A00,23.05,
QHK,Khoa Các khoa học liên ngành - Đại học Quốc gia Hà Nội,7900205,Quản trị tài nguyên di sản,D78,22.42,
QHK,Khoa Các khoa học liên ngành - Đại học Quốc gia Hà Nội,7900205,Quản trị tài nguyên di sản,A01,22.45,
QHK,Khoa Các khoa học liên ngành - Đại học Quốc gia Hà Nội,7349002,Quản trị kinh doanh (liên kết),A00,24.35,
QHK,Khoa Các khoa học liên ngành - Đại học Quốc gia Hà Nội,7349002,Quản trị kinh doanh (liên kết),D04,24.44,
QHK,Khoa Các khoa học liên ngành - Đại học Quốc gia Hà Nội,7900204,Quản trị đô thị thông minh và bền vững,D01,22,
QHK,Khoa Các khoa học liên ngành - Đại học Quốc gia Hà Nội,7900204,Quản trị đô thị thông minh và bền vững,D04,24.65,
QHK,Khoa Các khoa học liên ngành - Đại học Quốc gia Hà Nội,7900205,Quản trị tài nguyên di sản,D03,22,
QHK,Khoa Các khoa học liên ngành - Đại học Quốc gia Hà Nội,7349002,Quản trị kinh doanh (liên kết),D01,24.3,
QHK,Khoa Các khoa học liên ngành - Đại học Quốc gia Hà Nội,7900204,Quản trị đô thị thông minh và bền vững,D03,24.05,
QHK,Khoa Các khoa học liên ngành - Đại học Quốc gia Hà Nội,7900205,Quản trị tài nguyên di sản,D01,22.2,
QHK,Khoa Các khoa học liên ngành - Đại học Quốc gia Hà Nội,7349002,Quản trị kinh doanh (liên kết),C00,25.73,
QHK,Khoa Các khoa học liên ngành - Đại học Quốc gia Hà Nội,7900204,Quản trị đô thị thông minh và bền vững,A01,23.15,
QHK,Khoa Các khoa học liên ngành - Đại học Quốc gia Hà Nội,7900205,Quản trị tài nguyên di sản,D04,24.4,
QHK,Khoa Các khoa học liên ngành - Đại học Quốc gia Hà Nội,7900204,Quản trị đô thị thông minh và bền vững,D07,22.2,
QHK,Khoa Các khoa học liên ngành - Đại học Quốc gia Hà Nội,7349002,Quản trị kinh doanh (liên kết),D03,22,
QHK,Khoa Các khoa học liên ngành - Đại học Quốc gia Hà Nội,7349001,Tài chính - Ngân hàng (liên kết),A00,24.17,
QHK,Khoa Các khoa học liên ngành - Đại học Quốc gia Hà Nội,7349001,Tài chính - Ngân hàng (liên kết),D03,24.6,
QHK,Khoa Các khoa học liên ngành - Đại học Quốc gia Hà Nội,7349001,Tài chính - Ngân hàng (liên kết),C00,26.13,
QHK,Khoa Các khoa học liên ngành - Đại học Quốc gia Hà Nội,7349001,Tài chính - Ngân hàng (liên kết),A01,24.2,
QHK,Khoa Các khoa học liên ngành - Đại học Quốc gia Hà Nội,7349001,Tài chính - Ngân hàng (liên kết),D01,24.7,
QHK,Khoa Các khoa học liên ngành - Đại học Quốc gia Hà Nội,7349001,Tài chính - Ngân hàng (liên kết),D04,25.2,
DKK,Đại học Kinh tế Kỹ thuật Công nghiệp Hà Nội,7510303DKK (trước 2023),7510303DKK,A00,23.3,
DKK,Đại học Kinh tế Kỹ thuật Công nghiệp Hà Nội,7340204DKK,Bảo hiểm,A00,21,
DKK,Đại học Kinh tế Kỹ thuật Công nghiệp Hà Nội,7540204DKK,"Công nghê dệt, may (Chuyên ngành Công nghệ may; Thiết kế thời trang)",A00,20,
DKK,Đại học Kinh tế Kỹ thuật Công nghiệp Hà Nội,7480201DKK,Công nghệ thông tin (Chuyên ngành Công nghệ thông tin; Hệ thống thông tin; Truyền dữ liệu và mạng máy tính),A00,24,
DKK,Đại học Kinh tế Kỹ thuật Công nghiệp Hà Nội,7480108DKK,Công nghệ kỹ thuật máy tính,A00,22.5,
DKK,Đại học Kinh tế Kỹ thuật Công nghiệp Hà Nội,7540101DKK,Công nghệ thực phẩm (Chuyên ngành Công nghệ đồ uống và đường bánh kẹo; Công nghệ chế biến và bảo quản nông sản),A00,20,
DKK,Đại học Kinh tế Kỹ thuật Công nghiệp Hà Nội,7510302DKK,Công nghệ kỹ thuật điện tử - Viễn thông (Chuyên ngành Kỹ thuật viễn thông; Kỹ thuật điện tử),A00,22.2,
DKK,Đại học Kinh tế Kỹ thuật Công nghiệp Hà Nội,7510203DKK,Công nghệ kỹ thuật cơ điện tử (Chuyên ngành Kỹ thuật Robot; Hệ thống cơ điện tử; Hệ thống cơ điện tử trên ô tô),A00,22.5,
DKK,Đại học Kinh tế Kỹ thuật Công nghiệp Hà Nội,7540202DKK,"Công nghệ sợi , dệt",A00,19,
DKK,Đại học Kinh tế Kỹ thuật Công nghiệp Hà Nội,7510201DKK,Công nghệ kỹ thuật cơ khí (Chuyên ngành Công nghệ chế tạo máy; Máy và cơ sở thiết kế máy),A00,22,
DKK,Đại học Kinh tế Kỹ thuật Công nghiệp Hà Nội,7510301DKK,"Công nghệ kỹ thuật điện, điện tử (Chuyên ngành Điện dân dụng và công nghiệp; Hệ thống cung cấp điện; Thiết bị điện, điện tử",A00,22.2,
DKK,Đại học Kinh tế Kỹ thuật Công nghiệp Hà Nội,7340301DKK,Kế toán (Chuyên ngành Kế toán doanh nghiệp; Kế toán nhà hàng khách sạn; Kế toán công; Kế toán kiểm toán),A00,22.5,
DKK,Đại học Kinh tế Kỹ thuật Công nghiệp Hà Nội,7460108DKK,Khoa học Dữ liệu,A00,22,
DKK,Đại học Kinh tế Kỹ thuật Công nghiệp Hà Nội,7340302DKK,Kiểm toán,A00,22.5,
DKK,Đại học Kinh tế Kỹ thuật Công nghiệp Hà Nội,7340121DKK,Kinh doanh Thương mại (Chuyên ngành Kinh doanh thương mại; Thương mại điện tử),A00,24,
DKK,Đại học Kinh tế Kỹ thuật Công nghiệp Hà Nội,7510605DKK,Logistics và Quản lý chuỗi cung ứng,A00,23.3,
DKK,Đại học Kinh tế Kỹ thuật Công nghiệp Hà Nội,7480102DKK,Mạng máy tính và truyền thông dữ liệu (Chuyên ngành Mạng máy tính và truyền thông dữ liệu; Chuyên ngành an toàn thông tin),A00,22.2,
DKK,Đại học Kinh tế Kỹ thuật Công nghiệp Hà Nội,7340115DKK,Marketing,A00,23.7,
DKK,Đại học Kinh tế Kỹ thuật Công nghiệp Hà Nội,7510205DKK,Ngành công nghệ kỹ thuật ô tô,A00,23,
DKK,Đại học Kinh tế Kỹ thuật Công nghiệp Hà Nội,7810103DKK,Ngành Quản trị dịch vụ du lịch và lữ hành,A00,23,
DKK,Đại học Kinh tế Kỹ thuật Công nghiệp Hà Nội,7220201DKK,Ngôn ngữ Anh (Chuyên ngành Biên phiên dịch; Chuyên ngành giảng dạy),A01,23,
DKK,Đại học Kinh tế Kỹ thuật Công nghiệp Hà Nội,7810201DKK,Quản trị khách sạn,A00,23.3,
DKK,Đại học Kinh tế Kỹ thuật Công nghiệp Hà Nội,7340101DKK,Quản trị kinh doanh (Chuyên ngành Quản trị kinh doanh; Quản trị Marketing; Logistics và quản lý chuỗi cung ứng),A00,23.3,
DKK,Đại học Kinh tế Kỹ thuật Công nghiệp Hà Nội,7340201DKK,Tài chính ngân hàng (Chuyên ngành Tài chính doanh nghiệp; Ngân hàng; Tài chính bảo hiểm; Đầu tư tài chính),A00,23,
HHT,Đại học Hà Tĩnh,7310201,Chính trị học,A00,16,
HHT,Đại học Hà Tĩnh,7480201,Công nghệ thông tin,A00,16,
HHT,Đại học Hà Tĩnh,7140202,Giáo dục Tiểu học,C04,26.04,
HHT,Đại học Hà Tĩnh,7340301,Kế toán,A00,16,
HHT,Đại học Hà Tĩnh,7440301,Khoa học môi trường,A00,16,
HHT,Đại học Hà Tĩnh,7620110,Khoa học cây trồng,A00,16,
HHT,Đại học Hà Tĩnh,7620115,Kinh tế nông nghiệp,A00,16,
HHT,Đại học Hà Tĩnh,7580201,Kỹ thuật xây dựng,A00,16,
HHT,Đại học Hà Tĩnh,7380101,Ngành Luật,A00,16,
HHT,Đại học Hà Tĩnh,7220201,Ngôn ngữ Anh,D01,16,
HHT,Đại học Hà Tĩnh,7220204,Ngôn ngữ Trung Quốc,C00,16,
HHT,Đại học Hà Tĩnh,7810103,Quản trị dịch vụ du lịch và lữ hành,A00,16,
HHT,Đại học Hà Tĩnh,7340101,Quản trị Kinh doanh,A00,16,
HHT,Đại học Hà Tĩnh,7340201,Tài chính – Ngân hàng,A00,16,
HHT,Đại học Hà Tĩnh,7640101,Thú y,A00,16,
DBH,Đại Học Quốc Tế Bắc Hà,7480201,Công nghệ thông tin,A00,16,
DBH,Đại Học Quốc Tế Bắc Hà,7340301,Kế toán,A00,16,
DBH,Đại Học Quốc Tế Bắc Hà,7580301,Kinh tế xây dựng,A00,16,
DBH,Đại Học Quốc Tế Bắc Hà,7580201,Kỹ thuật xây dựng,A00,16,
DBH,Đại Học Quốc Tế Bắc Hà,7580205,Kỹ thuật xây dựng công trình giao thông,A00,16,
DBH,Đại Học Quốc Tế Bắc Hà,7520207,Ngành Kỹ thuật điện tử truyền thông,A00,16,
DBH,Đại Học Quốc Tế Bắc Hà,7340101,Quản trị Kinh doanh,A00,16,
DBH,Đại Học Quốc Tế Bắc Hà,7340201,Tài chính – Ngân hàng,A00,16,
DDM,Đại học Công Nghiệp Quảng Ninh,7480201,Công nghệ thông tin,A00,15,
DDM,Đại học Công Nghiệp Quảng Ninh,7510102,Công nghệ kỹ thuật xây dựng dân dụng và công nghiệp,A00,15,
DDM,Đại học Công Nghiệp Quảng Ninh,7510301,"Công nghệ kỹ thuật điện, điện tử",A00,15,
DDM,Đại học Công Nghiệp Quảng Ninh,7510201,Công nghệ kỹ thuật cơ khí (chuyên ngành Cơ khí chế tạo),A00,15,
DDM,Đại học Công Nghiệp Quảng Ninh,7510303,Công nghệ kỹ thuật điều khiển và tự động hóa,A00,15,
DDM,Đại học Công Nghiệp Quảng Ninh,7340301,Kế toán,A00,15,
DDM,Đại học Công Nghiệp Quảng Ninh,7520607,Kỹ thuật tuyển khoáng,A00,15,
DDM,Đại học Công Nghiệp Quảng Ninh,7520503,Kỹ thuật trắc địa – bản đồ,A00,15,
DDM,Đại học Công Nghiệp Quảng Ninh,7520601,Kỹ thuật mỏ,A00,15,
DDM,Đại học Công Nghiệp Quảng Ninh,7340101,Quản trị Kinh doanh,A00,15,
DDM,Đại học Công Nghiệp Quảng Ninh,7340201,Tài chính – Ngân hàng,A00,15,
NQH,Học viện Khoa Học Quân Sự - Hệ Quân sự,7860231|21A00,ĐT Trinh sát Kỹ thuật  (Nam - Phía Bắc),A00,25.1,
NQH,Học viện Khoa Học Quân Sự - Hệ Quân sự,7860231|22A00,ĐT Trinh sát Kỹ thuật (Nam -Phía Nam),A00,24.25,
NQH,Học viện Khoa Học Quân Sự - Hệ Quân sự,7860231|21A01,ĐT Trinh sát Kỹ thuật (Nam -Phía Bắc),A01,25.1,
NQH,Học viện Khoa Học Quân Sự - Hệ Quân sự,7860231|22A01,ĐT Trinh sát Kỹ thuật (Nam - Phía Nam),A01,24.25,
NQH,Học viện Khoa Học Quân Sự - Hệ Quân sự,7220202|10D02,Ngôn ngữ Nga (Nữ),D02,26.38,
NQH,Học viện Khoa Học Quân Sự - Hệ Quân sự,7220204|10D04,Ngôn ngữ Trung Quốc (Nữ),D04,27.97,
NQH,Học viện Khoa Học Quân Sự - Hệ Quân sự,7220202|10D01,Ngôn ngữ Nga (Nữ),D01,26.38,
NQH,Học viện Khoa Học Quân Sự - Hệ Quân sự,7220204|20D04,Ngôn ngữ Trung Quốc (Nam),D04,27.43,
NQH,Học viện Khoa Học Quân Sự - Hệ Quân sự,7220201|20D01,Ngôn ngữ Anh (Nam),D01,25.57,
NQH,Học viện Khoa Học Quân Sự - Hệ Quân sự,7220202|20D01,Ngôn ngữ Nga (Nam),D01,23.81,
NQH,Học viện Khoa Học Quân Sự - Hệ Quân sự,7220204|20D01,Ngôn ngữ Trung Quốc (Nam),D01,27.43,
NQH,Học viện Khoa Học Quân Sự - Hệ Quân sự,7220204|10D01,Ngôn ngữ Trung Quốc,D01,27.97,
NQH,Học viện Khoa Học Quân Sự - Hệ Quân sự,7220201|10D01,Ngôn ngữ Anh (Nữ),D01,27.46,
NQH,Học viện Khoa Học Quân Sự - Hệ Quân sự,7220202|20D02,Ngôn ngữ Nga (Nam),D02,23.81,
NQH,Học viện Khoa Học Quân Sự - Hệ Quân sự,7310206|20D01,Quan hệ quốc tế (Nam),D01,26.17,
NQH,Học viện Khoa Học Quân Sự - Hệ Quân sự,7310206|10D01,Quan hệ quốc tếQuan hệ quốc tế (Nữ),D01,27.97,
QSX,Đại học Khoa học xã hội và Nhân văn - Đại học Quốc gia TP HCM,7320101,Báo chí,D01,26.71,
QSX,Đại học Khoa học xã hội và Nhân văn - Đại học Quốc gia TP HCM,7320101_CLC,Báo chí chất lượng cao,C00,27.5,
QSX,Đại học Khoa học xã hội và Nhân văn - Đại học Quốc gia TP HCM,7320101,Báo chí,C00,28,
QSX,Đại học Khoa học xã hội và Nhân văn - Đại học Quốc gia TP HCM,7320101,Báo chí,D14,26.81,
QSX,Đại học Khoa học xã hội và Nhân văn - Đại học Quốc gia TP HCM,7320101_CLC,Báo chí chất lượng cao,D01 | D14,26.13,
QSX,Đại học Khoa học xã hội và Nhân văn - Đại học Quốc gia TP HCM,7760101,Công tác xã hội,C00,24.7,
QSX,Đại học Khoa học xã hội và Nhân văn - Đại học Quốc gia TP HCM,7760101,Công tác xã hội,D01 | D14 | D15,23.6,
QSX,Đại học Khoa học xã hội và Nhân văn - Đại học Quốc gia TP HCM,7310501,Địa lý học,D15,22.5,
QSX,Đại học Khoa học xã hội và Nhân văn - Đại học Quốc gia TP HCM,7310501,Địa lý học,D01,22.2,
QSX,Đại học Khoa học xã hội và Nhân văn - Đại học Quốc gia TP HCM,7310501,Địa lý học,A01,21,
QSX,Đại học Khoa học xã hội và Nhân văn - Đại học Quốc gia TP HCM,7310501,Địa lý học,C00,24.6,
QSX,Đại học Khoa học xã hội và Nhân văn - Đại học Quốc gia TP HCM,7580112,Đô thị học,D01 | D14,22.4,
QSX,Đại học Khoa học xã hội và Nhân văn - Đại học Quốc gia TP HCM,7580112,Đô thị học,A01,21,
QSX,Đại học Khoa học xã hội và Nhân văn - Đại học Quốc gia TP HCM,7580112,Đô thị học,C00,23.9,
QSX,Đại học Khoa học xã hội và Nhân văn - Đại học Quốc gia TP HCM,7310608,Đông phương học,D04,24.3,
QSX,Đại học Khoa học xã hội và Nhân văn - Đại học Quốc gia TP HCM,7310608,Đông phương học,D01 | D14,24.97,
QSX,Đại học Khoa học xã hội và Nhân văn - Đại học Quốc gia TP HCM,7140101,Giáo dục học,C00,24.1,
QSX,Đại học Khoa học xã hội và Nhân văn - Đại học Quốc gia TP HCM,7140101,Giáo dục học,C01,23.1,
QSX,Đại học Khoa học xã hội và Nhân văn - Đại học Quốc gia TP HCM,7140101,Giáo dục học,B00 | D01,23,
QSX,Đại học Khoa học xã hội và Nhân văn - Đại học Quốc gia TP HCM,7310614,Hàn Quốc học,D01 | D14,25.12,
QSX,Đại học Khoa học xã hội và Nhân văn - Đại học Quốc gia TP HCM,7229010,Lịch sử,D14,24.25,
QSX,Đại học Khoa học xã hội và Nhân văn - Đại học Quốc gia TP HCM,7229010,Lịch sử,D01 | D15,24,
QSX,Đại học Khoa học xã hội và Nhân văn - Đại học Quốc gia TP HCM,7229010,Lịch sử,C00,26,
QSX,Đại học Khoa học xã hội và Nhân văn - Đại học Quốc gia TP HCM,7320303,Lưu trữ học,D01 | D14 | D15,22.1,
QSX,Đại học Khoa học xã hội và Nhân văn - Đại học Quốc gia TP HCM,7320303,Lưu trữ học,C00,23.75,
QSX,Đại học Khoa học xã hội và Nhân văn - Đại học Quốc gia TP HCM,7220208,Ngôn ngữ Italia,D01,22.56,
QSX,Đại học Khoa học xã hội và Nhân văn - Đại học Quốc gia TP HCM,7220204CLC,Ngôn ngữ Trung Quốc CLC,D01,24.5,
QSX,Đại học Khoa học xã hội và Nhân văn - Đại học Quốc gia TP HCM,7220205,Ngôn ngữ Đức,D05,23.7,
QSX,Đại học Khoa học xã hội và Nhân văn - Đại học Quốc gia TP HCM,7220201_CLC,Ngôn ngữ Anh chất lượng cao,D01,25.32,
QSX,Đại học Khoa học xã hội và Nhân văn - Đại học Quốc gia TP HCM,7220206,Ngôn ngữ Tây Ban Nha,D03 | D05,23.1,
QSX,Đại học Khoa học xã hội và Nhân văn - Đại học Quốc gia TP HCM,7220204,Ngôn ngữ Trung Quốc,D01 | D04,25.8,
QSX,Đại học Khoa học xã hội và Nhân văn - Đại học Quốc gia TP HCM,7220205,Ngôn ngữ Đức,D01,24.85,
QSX,Đại học Khoa học xã hội và Nhân văn - Đại học Quốc gia TP HCM,7220201,Ngôn ngữ Anh,D01,26.05,
QSX,Đại học Khoa học xã hội và Nhân văn - Đại học Quốc gia TP HCM,7220205CLC,Ngôn ngữ Đức** CTĐT CLC TT23,D05,22.05,
QSX,Đại học Khoa học xã hội và Nhân văn - Đại học Quốc gia TP HCM,7220203,Ngôn ngữ Pháp,D01,23.6,
QSX,Đại học Khoa học xã hội và Nhân văn - Đại học Quốc gia TP HCM,7229020,Ngôn ngữ học,C00,25.5,
QSX,Đại học Khoa học xã hội và Nhân văn - Đại học Quốc gia TP HCM,7220205CLC,Ngôn ngữ Đức** CTĐT CLC TT23,D01,23.4,
QSX,Đại học Khoa học xã hội và Nhân văn - Đại học Quốc gia TP HCM,7220208,Ngôn ngữ Italia,D03 | D05,22.4,
QSX,Đại học Khoa học xã hội và Nhân văn - Đại học Quốc gia TP HCM,7220202,Ngôn ngữ Nga,D01 | D02,22.2,
QSX,Đại học Khoa học xã hội và Nhân văn - Đại học Quốc gia TP HCM,7229020,Ngôn ngữ học,D01 | D14,24.8,
QSX,Đại học Khoa học xã hội và Nhân văn - Đại học Quốc gia TP HCM,7220206,Ngôn ngữ Tây Ban Nha,D01,24.31,
QSX,Đại học Khoa học xã hội và Nhân văn - Đại học Quốc gia TP HCM,7220203,Ngôn ngữ Pháp,D03,23.2,
QSX,Đại học Khoa học xã hội và Nhân văn - Đại học Quốc gia TP HCM,7220204CLC,Ngôn ngữ Trung Quốc CLC,D04,24.8,
QSX,Đại học Khoa học xã hội và Nhân văn - Đại học Quốc gia TP HCM,7310302,Nhân học,D01 | D14 | D15,24,
QSX,Đại học Khoa học xã hội và Nhân văn - Đại học Quốc gia TP HCM,7310302,Nhân học,C00,24.7,
QSX,Đại học Khoa học xã hội và Nhân văn - Đại học Quốc gia TP HCM,7310613_CLC,Nhật Bản học chất lượng cao,D06 | D63,23.4,
QSX,Đại học Khoa học xã hội và Nhân văn - Đại học Quốc gia TP HCM,7310613,Nhật Bản học,D06 | D63,25,
QSX,Đại học Khoa học xã hội và Nhân văn - Đại học Quốc gia TP HCM,7310613,Nhật Bản học,D01 | D14,25.2,
QSX,Đại học Khoa học xã hội và Nhân văn - Đại học Quốc gia TP HCM,7310613_CLC,Nhật Bản học chất lượng cao,D01 | D14,23.5,
QSX,Đại học Khoa học xã hội và Nhân văn - Đại học Quốc gia TP HCM,7810103,Quản trị dịch vụ du lịch và lữ hành,C00,27.4,
QSX,Đại học Khoa học xã hội và Nhân văn - Đại học Quốc gia TP HCM,7340406,Quản trị văn phòng,C00,25.8,
QSX,Đại học Khoa học xã hội và Nhân văn - Đại học Quốc gia TP HCM,7310206_CLC,Quan hệ quốc tế chất lượng cao,D01 | D14,25.9,
QSX,Đại học Khoa học xã hội và Nhân văn - Đại học Quốc gia TP HCM,7310206,Quan hệ quốc tế,D01 | D14,26.63,
QSX,Đại học Khoa học xã hội và Nhân văn - Đại học Quốc gia TP HCM,7140114,Quản lý giáo dục,A01 | D01 | D14,23.5,
QSX,Đại học Khoa học xã hội và Nhân văn - Đại học Quốc gia TP HCM,7810103 _ CLC,Quản trị dịch vụ du lịch và lữ hành chất lượng cao,C00,25.5,
QSX,Đại học Khoa học xã hội và Nhân văn - Đại học Quốc gia TP HCM,7320205,Quản lý thông tin,A01,24,
QSX,Đại học Khoa học xã hội và Nhân văn - Đại học Quốc gia TP HCM,7320205,Quản lý thông tin,D01 | D14,24.3,
QSX,Đại học Khoa học xã hội và Nhân văn - Đại học Quốc gia TP HCM,7810103,Quản trị dịch vụ du lịch và lữ hành,D01 | D14 | D15,25.8,
QSX,Đại học Khoa học xã hội và Nhân văn - Đại học Quốc gia TP HCM,7340406,Quản trị văn phòng,D01 | D14,24.3,
QSX,Đại học Khoa học xã hội và Nhân văn - Đại học Quốc gia TP HCM,7140114,Quản lý giáo dục,C00,24.5,
QSX,Đại học Khoa học xã hội và Nhân văn - Đại học Quốc gia TP HCM,7810103 _ CLC,Quản trị dịch vụ du lịch và lữ hành chất lượng cao,D01 | D14 | D15,24.5,
QSX,Đại học Khoa học xã hội và Nhân văn - Đại học Quốc gia TP HCM,7320205,Quản lý thông tin,C00,25.7,
QSX,Đại học Khoa học xã hội và Nhân văn - Đại học Quốc gia TP HCM,7310403,Tâm lý học giáo dục,B00 | B08,25,
QSX,Đại học Khoa học xã hội và Nhân văn - Đại học Quốc gia TP HCM,7310401,Tâm lý học,C00,27,
QSX,Đại học Khoa học xã hội và Nhân văn - Đại học Quốc gia TP HCM,7310403,Tâm lý học giáo dục,D01 | D14,25.45,
QSX,Đại học Khoa học xã hội và Nhân văn - Đại học Quốc gia TP HCM,7310401,Tâm lý học,B00 | D01 | D14,26.07,
QSX,Đại học Khoa học xã hội và Nhân văn - Đại học Quốc gia TP HCM,7320201,Thông tin - thư viện,C00,23.5,
QSX,Đại học Khoa học xã hội và Nhân văn - Đại học Quốc gia TP HCM,7320201,Thông tin - thư viện,A01,22,
QSX,Đại học Khoa học xã hội và Nhân văn - Đại học Quốc gia TP HCM,7320201,Thông tin - thư viện,D01 | D14,22.1,
QSX,Đại học Khoa học xã hội và Nhân văn - Đại học Quốc gia TP HCM,7229009,Tôn giáo học,C00 | D01 | D14,21,
QSX,Đại học Khoa học xã hội và Nhân văn - Đại học Quốc gia TP HCM,7229001,Triết học,A01 | D01 | D14,23.5,
QSX,Đại học Khoa học xã hội và Nhân văn - Đại học Quốc gia TP HCM,7229001,Triết học,C00,24.7,
QSX,Đại học Khoa học xã hội và Nhân văn - Đại học Quốc gia TP HCM,7320104,Truyền thông đa phương tiện,D01,27.2,
QSX,Đại học Khoa học xã hội và Nhân văn - Đại học Quốc gia TP HCM,7320104,Truyền thông đa phương tiện,D14 | D15,27.25,
QSX,Đại học Khoa học xã hội và Nhân văn - Đại học Quốc gia TP HCM,7229030,Văn học,C00,27,
QSX,Đại học Khoa học xã hội và Nhân văn - Đại học Quốc gia TP HCM,7229040,Văn hoá học,C00,26.5,
QSX,Đại học Khoa học xã hội và Nhân văn - Đại học Quốc gia TP HCM,7229030,Văn học,D01 | D14,25.73,
QSX,Đại học Khoa học xã hội và Nhân văn - Đại học Quốc gia TP HCM,7229040,Văn hoá học,D01 | D14 | D15,25.45,
QSX,Đại học Khoa học xã hội và Nhân văn - Đại học Quốc gia TP HCM,7310630D,Việt Nam học,C00,25.9,
QSX,Đại học Khoa học xã hội và Nhân văn - Đại học Quốc gia TP HCM,7310630D,Việt Nam học,D01 | D14 | D15,25,
QSX,Đại học Khoa học xã hội và Nhân văn - Đại học Quốc gia TP HCM,7310301,Xã hội học,C00,26,
QSX,Đại học Khoa học xã hội và Nhân văn - Đại học Quốc gia TP HCM,7310301,Xã hội học,A00,24.5,
QSX,Đại học Khoa học xã hội và Nhân văn - Đại học Quốc gia TP HCM,7310301,Xã hội học,D01 | D14,25.2,
LNH,Đại học Lâm nghiệp (Cơ sở 1),7340116,Bất động sản,A00 | A16 | C15 | D01,15,
LNH,Đại học Lâm nghiệp (Cơ sở 1),7420201,Công nghệ sinh học,A00 | A16 | B00 | B08,15,
LNH,Đại học Lâm nghiệp (Cơ sở 1),7760101,Công tác xã hội,A00 | C00 | C15 | D01,15,
LNH,Đại học Lâm nghiệp (Cơ sở 1),7510205,Công nghệ kỹ thuật ô tô,A00 | A01 | A16 | D01,15,
LNH,Đại học Lâm nghiệp (Cơ sở 1),7549001,Công nghệ chế biến lâm sản,A00 | A16 | D01 | D07,15,
LNH,Đại học Lâm nghiệp (Cơ sở 1),7510203,Công nghệ kỹ thuật cơ điện tử,A00 | A01 | A16 | D01,15,
LNH,Đại học Lâm nghiệp (Cơ sở 1),7850104,Du lịch sinh thái,B00 | C00 | C15 | D01,15,
LNH,Đại học Lâm nghiệp (Cơ sở 1),7480104,Hệ thống thông tin,A00 | A01 | A16 | D01,15,
LNH,Đại học Lâm nghiệp (Cơ sở 1),7340301,Kế toán,A00 | A16 | C15 | D01,15,
LNH,Đại học Lâm nghiệp (Cơ sở 1),7620110,Khoa học cây trồng,A00 | A16 | D01,15,
LNH,Đại học Lâm nghiệp (Cơ sở 1),7580102,Kiến trúc cảnh quan,A00 | C15 | D01 | V01,15,
LNH,Đại học Lâm nghiệp (Cơ sở 1),7310101,Kinh tế,A00 | A16 | C15 | D01,15,
LNH,Đại học Lâm nghiệp (Cơ sở 1),7520103,Kỹ thuật cơ khí,A00 | A01 | A16 | D01,15,
LNH,Đại học Lâm nghiệp (Cơ sở 1),7580201,Kỹ thuật xây dựng,A00 | A01 | A16 | D01,15,
LNH,Đại học Lâm nghiệp (Cơ sở 1),7620205,Lâm sinh,A00 | A16 | B00 | D01,15,
LNH,Đại học Lâm nghiệp (Cơ sở 1),7510605,Logistics và Quản lý chuỗi cung ứng,A00 | A16 | C15 | D01,15,
LNH,Đại học Lâm nghiệp (Cơ sở 1),7850106,Quản lý tài nguyên thiên nhiên (dạy bằng tiếng Anh),B08,15,
LNH,Đại học Lâm nghiệp (Cơ sở 1),7810103,Quản trị dịch vụ du lịch và lữ hành,A00 | C00 | C15 | D01,15,
LNH,Đại học Lâm nghiệp (Cơ sở 1),7340101,Quản trị Kinh doanh,A00 | A16 | C15 | D01,15,
LNH,Đại học Lâm nghiệp (Cơ sở 1),7850101,Quản lý tài nguyên và môi trường,A00 | A16 | B00 | D01,15,
LNH,Đại học Lâm nghiệp (Cơ sở 1),7850103,Quản lý đất đai,A00 | A16 | B00 | D01,15,
LNH,Đại học Lâm nghiệp (Cơ sở 1),7620211,Quản lý tài nguyên rừng,A00 | B00 | C15 | D01,15,
LNH,Đại học Lâm nghiệp (Cơ sở 1),7340201,Tài chính – Ngân hàng,A00 | A16 | C15 | D01,15,
LNH,Đại học Lâm nghiệp (Cơ sở 1),7580108,Thiết kế nội thất,A00 | C15 | D01 | H00,15,
LNH,Đại học Lâm nghiệp (Cơ sở 1),7640101,Thú y,A00 | A16 | B00 | B08,15,
DVP,Đại học Trưng Vương,7510205,Công nghệ kỹ thuật ô tô,A00,15,
DVP,Đại học Trưng Vương,7480201,Công nghệ thông tin,A00,15,
DVP,Đại học Trưng Vương,7720301,Điều dưỡng,A00,19,
DVP,Đại học Trưng Vương,7340301,Kế toán,A00,15,
DVP,Đại học Trưng Vương,7510605,Logistics và Quản lý chuỗi cung ứng,A00,15,
DVP,Đại học Trưng Vương,7380107,Luật kinh tế,A00,15,
DVP,Đại học Trưng Vương,7220204,Ngôn ngữ Trung Quốc,D01,15,
DVP,Đại học Trưng Vương,7220210,Ngôn ngữ Hàn Quốc,D01,15,
DVP,Đại học Trưng Vương,7220201,Ngôn ngữ Anh,D01,15,
DVP,Đại học Trưng Vương,7810103,Quản trị dịch vụ du lịch và lữ hành,A07,15,
DVP,Đại học Trưng Vương,7340101,Quản trị Kinh doanh,A00,15,
DVP,Đại học Trưng Vương,7340201,Tài chính – Ngân hàng,A00,15,
DVP,Đại học Trưng Vương,7340122,Thương mại điện tử,A00,15,
DVP,Đại học Trưng Vương,7320104,Truyền thông đa phương tiện,A00,15,
TTB,Đại học Tây Bắc,7620112,Bảo vệ thực vật,D08,15,
TTB,Đại học Tây Bắc,7620105,Chăn nuôi,D08,15,
TTB,Đại học Tây Bắc,7480201,Công nghệ thông tin,A00,15,
TTB,Đại học Tây Bắc,7140201,Giáo dục Mầm non,M00,22.1,điểm năng khiếu trên 6.5
TTB,Đại học Tây Bắc,7140202,Giáo dục Tiểu học,A00,25.9,
TTB,Đại học Tây Bắc,7140205,Giáo dục Chính trị,C00,26.6,
TTB,Đại học Tây Bắc,7140206,Giáo dục Thể chất,T00,23.6,điểm năng khiếu trên 6.5
TTB,Đại học Tây Bắc,7340301,Kế toán,A00,15,
TTB,Đại học Tây Bắc,7620205,Lâm sinh,D08,15,
TTB,Đại học Tây Bắc,7620109,Nông học,D08,15,
TTB,Đại học Tây Bắc,7620211,Quản lý tài nguyên rừng,D08,15,
TTB,Đại học Tây Bắc,7810103,Quản trị dịch vụ du lịch và lữ hành,A00,15,
TTB,Đại học Tây Bắc,7850101,Quản lý tài nguyên và môi trường,A00,15,
TTB,Đại học Tây Bắc,7340101,Quản trị Kinh doanh,A00,15,
TTB,Đại học Tây Bắc,7140217,Sư phạm Ngữ văn,C00,27,
TTB,Đại học Tây Bắc,7140219,Sư phạm Địa lý,D10,26.3,
TTB,Đại học Tây Bắc,7140209,Sư phạm Toán học,A00,24.2,
TTB,Đại học Tây Bắc,7140213,Sư phạm Sinh học,B00,19,
TTB,Đại học Tây Bắc,7140211,Sư phạm Vật lý,A00,19,
TTB,Đại học Tây Bắc,7140218,Sư phạm Lịch sử,C00,27.4,
TTB,Đại học Tây Bắc,7140231,Sư phạm Tiếng Anh,D01,23.9,
TTB,Đại học Tây Bắc,7140210,Sư phạm Tin học (Chuyên ngành Tin học – Công nghệ Tiểu học),A00,19,
TTB,Đại học Tây Bắc,7140212,Sư phạm Hóa học,A00,19,
TTB,Đại học Tây Bắc,7340201,Tài chính – Ngân hàng,A00,15,
DQB,Đại Học Quảng Bình,7480201,Công nghệ thông tin,A00,15,
DQB,Đại Học Quảng Bình,7140202,Giáo dục Tiểu học,C00,24,
DQB,Đại Học Quảng Bình,7140201,Giáo dục Mầm non,M05,19,
DQB,Đại Học Quảng Bình,7340301,Kế toán,A01,15,
DQB,Đại Học Quảng Bình,7220204,Ngôn ngữ Trung Quốc,D01,15,
DQB,Đại Học Quảng Bình,7220201,Ngôn ngữ Anh,D01,15,
DQB,Đại Học Quảng Bình,7620101,Nông nghiệp,A00,15,
DQB,Đại Học Quảng Bình,7850101,Quản lý tài nguyên và môi trường,A00,15,
DQB,Đại Học Quảng Bình,7340101,Quản trị Kinh doanh,A01,15,
DQB,Đại Học Quảng Bình,7810103,Quản trị dịch vụ du lịch và lữ hành,C00,15,
DQB,Đại Học Quảng Bình,7140217,Sư phạm Ngữ văn,C00,23,
DQB,Đại Học Quảng Bình,7140209,Sư phạm Toán học,A00,19,
DQB,Đại Học Quảng Bình,7140247,Sư phạm khoa học tự nhiên,A00,19,
BVH,Học viện Công nghệ Bưu chính Viễn thông (phía Bắc),7480202,An toàn thông tin,A00 | A01,26.04,
BVH,Học viện Công nghệ Bưu chính Viễn thông (phía Bắc),7320101,Báo chí,A00 | A01 | D01,25.36,
BVH,Học viện Công nghệ Bưu chính Viễn thông (phía Bắc),7480201 _CLC,Công nghệ thông tin chất lượng cao,A00 | A01,25.38,
BVH,Học viện Công nghệ Bưu chính Viễn thông (phía Bắc),7480201,Công nghệ thông tin,A00 | A01,26.59,
BVH,Học viện Công nghệ Bưu chính Viễn thông (phía Bắc),7510301,"Công nghệ kỹ thuật điện, điện tử",A00 | A01,25.01,
BVH,Học viện Công nghệ Bưu chính Viễn thông (phía Bắc),7329001,Công nghệ đa phương tiện,A00 | A01 | D01,25.89,
BVH,Học viện Công nghệ Bưu chính Viễn thông (phía Bắc),7480201 _UDU,Cử nhân Công nghệ thông tin (định hướng ứng dụng),A00 | A01,23.76,
BVH,Học viện Công nghệ Bưu chính Viễn thông (phía Bắc),7480101,Khoa học máy tính,A00 | A01,26.55,
BVH,Học viện Công nghệ Bưu chính Viễn thông (phía Bắc),7480102,Mạng máy tính và truyền thông dữ liệu,A00 | A01,24.88,
BVH,Học viện Công nghệ Bưu chính Viễn thông (phía Bắc),7520207,Ngành Kỹ thuật điện tử truyền thông,A00 | A01,25.68,
BVH,Học viện Công nghệ Bưu chính Viễn thông (phía Bắc),7520216,Ngành Kỹ thuật điều khiển & Tự động hóa,A00 | A01,25.4,
BVH,Học viện Công nghệ Bưu chính Viễn thông (phía Bắc),7340101,Quản trị Kinh doanh,A00 | A01 | D01,25.15,
BVH,Học viện Công nghệ Bưu chính Viễn thông (phía Bắc),7320104,Truyền thông đa phương tiện,A00 | A01 | D01,26.33,
DTY,Đại học Y Dược - Đại học Thái Nguyên,7720301,Điều dưỡng,B00 | D07 | D08,20,
DTY,Đại học Y Dược - Đại học Thái Nguyên,7720201,Dược học,B00 | D07 | D08,24.7,
DTY,Đại học Y Dược - Đại học Thái Nguyên,7720302,Hộ sinh,B00 | D07 | D08,19,
DTY,Đại học Y Dược - Đại học Thái Nguyên,7720601,Kỹ thuật xét nghiệm y học,B00 | D07 | D08,24.25,
DTY,Đại học Y Dược - Đại học Thái Nguyên,7720501,Răng- Hàm -Mặt,B00 | D07 | D08,26.25,
DTY,Đại học Y Dược - Đại học Thái Nguyên,7720110,Y học dự phòng,B00 | D07 | D08,21.25,
DTY,Đại học Y Dược - Đại học Thái Nguyên,7720101,Y khoa,B00 | D07 | D08,26,
SNH,Trường Sĩ Quan Công Binh - Hệ Quân sự - Đại học Ngô Quyền,7860228|21A00,Ngành Chỉ huy kỹ thuật Công binh (Nam - Miền Bắc),A00,16.25,
SNH,Trường Sĩ Quan Công Binh - Hệ Quân sự - Đại học Ngô Quyền,7860228|22A00,Ngành Chỉ huy kỹ thuật Công binh (Nam - Miền Nam),A00,23.2,
SNH,Trường Sĩ Quan Công Binh - Hệ Quân sự - Đại học Ngô Quyền,7860228|21A01,Ngành Chỉ huy kỹ thuật Công binh (Nam - Miền Bắc),A01,16.25,
SNH,Trường Sĩ Quan Công Binh - Hệ Quân sự - Đại học Ngô Quyền,7860228|22A01,Ngành Chỉ huy kỹ thuật Công binh (Nam - Miền Nam),A01,23.2,
MBS,Đại học Mở TP HCM,7510102C,CNKT công trình xây dựng CLC,A00 | A01 | D01 | D07,16.5,
MBS,Đại học Mở TP HCM,7480201,Công nghệ thông tin,A00 | A01 | D01 | D07,24.5,
MBS,Đại học Mở TP HCM,7540101,Công nghệ thực phẩm,A00 | A01 | B00 | D07,20.9,
MBS,Đại học Mở TP HCM,7420201,Công nghệ sinh học,A00 | A02 | B00 | D07,19.3,
MBS,Đại học Mở TP HCM,7760101,Công tác xã hội,A01 | C00 | D01 | D02 | D03 | D04 | D06 | D78,21.5,
MBS,Đại học Mở TP HCM,7510102,Công nghệ kỹ thuật xây dựng dân dụng và công nghiệp,A00 | A01 | D01 | D07,16.5,
MBS,Đại học Mở TP HCM,7420201C,Công nghệ sinh học,A01 | B00 | B08 | D07,16.5,
MBS,Đại học Mở TP HCM,7310620,Đông Nam Á học,A01 | C00 | D01 | D78,22.6,
MBS,Đại học Mở TP HCM,7810101,Du lịch,A00 | A01 | C03 | D01,23.4,
MBS,Đại học Mở TP HCM,7340405,Hệ thống thông tin,A00 | A01 | D01 | D07,23.7,
MBS,Đại học Mở TP HCM,7340301,Kế toán,A00 | A01 | D01 | D07,23.8,
MBS,Đại học Mở TP HCM,7340301C,Kế toán (CT chất lượng cao),A00 | A01 | D01 | D96,21.25,
MBS,Đại học Mở TP HCM,7480101,Khoa học máy tính,A00 | A01 | D01 | D07,24,
MBS,Đại học Mở TP HCM,7460108,Khoa học dữ liệu (Data Science),A00 | A01 | D01 | D07,23.9,
MBS,Đại học Mở TP HCM,7480101CLC,Khoa học Máy tính (CLC),A00 | A01 | D01 | D07,22.7,
MBS,Đại học Mở TP HCM,7340302,Kiểm toán,A00 | A01 | D01 | D07,24.1,
MBS,Đại học Mở TP HCM,7310101,Kinh tế,A00 | A01 | D01 | D07,24,
MBS,Đại học Mở TP HCM,7310101CL,Kinh tế (chất lượng cao),A00 | A01 | D01 | D07,23,
MBS,Đại học Mở TP HCM,7510605,Logistics và Quản lý chuỗi cung ứng,A00 | A01 | D01 | D07,24.6,
MBS,Đại học Mở TP HCM,7380107,Luật kinh tế,A00 | A01 | C00 | D01,23.9,
MBS,Đại học Mở TP HCM,7380107C,Luật kinh tế (CT chất lượng cao),A01 | D01 | D07 | D14,23.1,
MBS,Đại học Mở TP HCM,7340115,Marketing,A00 | A01 | D01 | D07,25.25,
MBS,Đại học Mở TP HCM,7380101,Ngành Luật,A00 | A01 | C00 | D01,23.4,
MBS,Đại học Mở TP HCM,7340120,Ngành Kinh doanh quốc tế,A00 | A01 | D01 | D07,24.9,
MBS,Đại học Mở TP HCM,7220209C,Ngôn ngữ Nhật - CLC,D06 | D81,21.9,
MBS,Đại học Mở TP HCM,7220209,Ngôn ngữ Nhật,D06 | D81,23.3,
MBS,Đại học Mở TP HCM,7220204,Ngôn ngữ Trung Quốc,D04 | D77,25,
MBS,Đại học Mở TP HCM,7220201,Ngôn ngữ Anh,A01 | D01 | D14 | D78,25,
MBS,Đại học Mở TP HCM,7220201C,Ngôn ngữ Anh (CTCLC),A01 | D01 | D14 | D78,23.6,
MBS,Đại học Mở TP HCM,7220204C,Ngôn ngữ Trung Quốc - CLC,D04 | D77,24.1,
MBS,Đại học Mở TP HCM,7580302,Quản lý xây dựng,A00 | A01 | D01 | D07,17.5,
MBS,Đại học Mở TP HCM,7340101C,Quản trị kinh doanh,A00 | A01 | D01 | D07,22.6,
MBS,Đại học Mở TP HCM,7340101,Quản trị Kinh doanh,A00 | A01 | D01 | D07,24,
MBS,Đại học Mở TP HCM,7340404,Quản trị nhân lực,A00 | A01 | C03 | D01,24.3,
MBS,Đại học Mở TP HCM,7340403,Quản lý công,A00 | A01 | D01 | D07,19.5,
MBS,Đại học Mở TP HCM,7340201C,Tài chính – Ngân hàng (Chương trình chất lượng cao),A00 | A01 | D01 | D07,22,
MBS,Đại học Mở TP HCM,7340201,Tài chính – Ngân hàng,A00 | A01 | D01 | D07,23.9,
MBS,Đại học Mở TP HCM,7310301,Xã hội học,A01 | C00 | D01 | D78,24.1,
DBD,Đại học Bình Dương,7510102,Công nghệ kỹ thuật xây dựng dân dụng và công nghiệp,A00 | A09 | V00 | V01,15,
DBD,Đại học Bình Dương,7480201,Công nghệ thông tin,A01 | A09 | D01 | K01,15,
DBD,Đại học Bình Dương,7510205,Công nghệ kỹ thuật ô tô,A00 | A01 | A02 | A09,15,
DBD,Đại học Bình Dương,7540101,Công nghệ thực phẩm,A00 | A09 | B00 | D07,15,
DBD,Đại học Bình Dương,7510301,"Công nghệ kỹ thuật điện, điện tử",A00 | A02 | A09 | D01,15,
DBD,Đại học Bình Dương,7720201,Dược học,A00 | B00 | C08 | D07,21,
DBD,Đại học Bình Dương,7310614,Hàn Quốc học,A01 | A09 | C00 | D15,15,
DBD,Đại học Bình Dương,7340301,Kế toán,A01 | A09 | C00 | D01,15,
DBD,Đại học Bình Dương,7580101,Kiến trúc,A00 | A09 | V00 | V01,15,
DBD,Đại học Bình Dương,7510605,Logistics và Quản lý chuỗi cung ứng,A01 | A09 | C00 | D01,15,
DBD,Đại học Bình Dương,7380107,Luật kinh tế,A01 | A09 | C00 | D01,15,
DBD,Đại học Bình Dương,7220201,Ngôn ngữ Anh,A01 | D01 | D10 | D66,15,
DBD,Đại học Bình Dương,7310613,Nhật Bản học,A01 | A09 | C00 | D15,15,
DBD,Đại học Bình Dương,7340101,Quản trị Kinh doanh,A01 | A09 | C00 | D01,15,
DBD,Đại học Bình Dương,7340201,Tài chính – Ngân hàng,A01 | A09 | C00 | D01,15,
DBD,Đại học Bình Dương,7310301,Xã hội học,A01 | A09 | C00 | D01,15,
QHD,Trường Quản trị và Kinh doanh - ĐH Quốc gia Hà Nội,7900102,Marketing và Truyền thông,D01 | D09 | D10 | D96,21.55,
QHD,Trường Quản trị và Kinh doanh - ĐH Quốc gia Hà Nội,7900189,Quản trị và An ninh,A01 | D01 | D07 | D08,22,
QHD,Trường Quản trị và Kinh doanh - ĐH Quốc gia Hà Nội,7900101,Quản trị Doanh nghiệp và Công nghệ,A01 | D01 | D07 | D08,21.55,
QHD,Trường Quản trị và Kinh doanh - ĐH Quốc gia Hà Nội,7900103,Quản trị Nhân lực và Nhân tài,D01 | D09 | D10 | D96,20.55,
SPK,Đại học Sư phạm Kỹ thuật TP HCM,7480202D,An toàn thông tin (hệ đại trà),A00 | A01 | D01 | D90,26.9,
SPK,Đại học Sư phạm Kỹ thuật TP HCM,7510102C,CNKT công trình xây dựng CLC,A00 | A01 | D01 | D90,21.75,
SPK,Đại học Sư phạm Kỹ thuật TP HCM,7480108A,Công nghệ kỹ thuật máy tinh (hệ ('hất lượng cao ticng Anh),A00 | A01 | D01 | D90,24.98,
SPK,Đại học Sư phạm Kỹ thuật TP HCM,7540101A,Công nghệ Thực phẩm (hệ Chất lượng cao tiếng Anh),A00 | B00 | D07 | D90,21.1,
SPK,Đại học Sư phạm Kỹ thuật TP HCM,7510401D,Công nghệ Kỹ thuật Hóa học (hệ đại trà),A00 | B00 | D07 | D90,25.8,
SPK,Đại học Sư phạm Kỹ thuật TP HCM,7510302C,Công nghệ kỹ thuật điện tử - viễn Ihông,A00 | A01 | D01 | D90,23.2,
SPK,Đại học Sư phạm Kỹ thuật TP HCM,7510202D,Công nghệ chế tạo máy (hệ đại trà),A00 | A01 | D01 | D90,25,
SPK,Đại học Sư phạm Kỹ thuật TP HCM,7510202A,Công nghệ chc tạo máy (hệ Chắt lượng cao tiếng Anh),A00 | A01 | D01 | D90,23.2,
SPK,Đại học Sư phạm Kỹ thuật TP HCM,7510102D,Công nghệ kỹ thuật công trình xây dựng (hệ đại trà),A00 | A01 | D01 | D90,23.65,
SPK,Đại học Sư phạm Kỹ thuật TP HCM,7480201A,Công nghệ thông tin,A00 | A01 | D01 | D90,25.98,
SPK,Đại học Sư phạm Kỹ thuật TP HCM,7510401C,Công nghệ kỹ thuật hoá học (Chương trình chất lượng cao),A00 | B00 | D07 | D90,24,
SPK,Đại học Sư phạm Kỹ thuật TP HCM,7510302A,Công nghệ kỷ thuật Diện từ - Viễn thông (hệ Chất lưựng cao tiếng Anh),A00 | A01 | D01 | D90,23,
SPK,Đại học Sư phạm Kỹ thuật TP HCM,7510206C,Công nghệ kỳ thuật nhiệt (hệ CLC tiếng Việt),A00 | A01 | D01 | D90,20.7,
SPK,Đại học Sư phạm Kỹ thuật TP HCM,7510203D,Công nghệ kỹ thuật cơ điện tử (hệ đại trà),A00 | A01 | D01 | D90,26.9,
SPK,Đại học Sư phạm Kỹ thuật TP HCM,7510201D,Công nghệ kỹ thuật cơ khí (hệ đại trà),A00 | A01 | D01 | D90,25.1,
SPK,Đại học Sư phạm Kỹ thuật TP HCM,7540209D,Công nghệ may,A00 | A01 | D01 | D90,21,
SPK,Đại học Sư phạm Kỹ thuật TP HCM,7540101D,Công nghệ Thực phàm (hệ Đại trà),A00 | B00 | D07 | D90,24.3,
SPK,Đại học Sư phạm Kỹ thuật TP HCM,7510801D,Công nghệ kỳ thuật in (hộ Đụi trà),A00 | A01 | D01 | D90,20.5,
SPK,Đại học Sư phạm Kỹ thuật TP HCM,7510303C,Công nghệ kỳ thuật điều khiên và tự động hoả (hệ (’hất lượng cao ticng Việt),A00 | A01 | D01 | D90,24.6,
SPK,Đại học Sư phạm Kỹ thuật TP HCM,7510406C,Công nghệ kỹ thuật môi trường,A00 | B00 | D07 | D90,20.1,
SPK,Đại học Sư phạm Kỹ thuật TP HCM,7510301C,"Công nghệ kỹ thuật điện, điện lử",A00 | A01 | D01 | D90,23.4,
SPK,Đại học Sư phạm Kỹ thuật TP HCM,7510302N,"Công nghệ kỹ thuật điện tử, viễn thông (Việt - Nhật)",A00 | A01 | D01 | D90,22.3,
SPK,Đại học Sư phạm Kỹ thuật TP HCM,7510205D,Công nghệ kỹ thuật ô tô (hệ đại trà),A00 | A01 | D01 | D90,26.65,
SPK,Đại học Sư phạm Kỹ thuật TP HCM,7510201A,Công nghệ kỳ thuật cơ khi (hệ Chát lượng cao tiếng Anh),A00 | A01 | D01 | D90,23.2,
SPK,Đại học Sư phạm Kỹ thuật TP HCM,7480201D,Công nghệ Thông Tin (hệ đại trà),A00 | A01 | D01 | D90,26.64,
SPK,Đại học Sư phạm Kỹ thuật TP HCM,7480108C,Công nghệ kỹ thuật máy tinh (hệ Chất lượng cao ticng Việt),A00 | A01 | D01 | D90,25.18,
SPK,Đại học Sư phạm Kỹ thuật TP HCM,7510205A,Công nghệ kỳ thuật ỏ tô (hệ Chat lượng cao ticng Anh),A00 | A01 | D01 | D90,24.38,
SPK,Đại học Sư phạm Kỹ thuật TP HCM,7540101C,Công nghệ thực phẳm,A00 | B00 | D07 | D90,22.94,
SPK,Đại học Sư phạm Kỹ thuật TP HCM,7510801c,Công nghệ kỹ thuựt m (hệ Chất lượng cao tiếng Việt),A00 | A01 | D01 | D90,19,
SPK,Đại học Sư phạm Kỹ thuật TP HCM,7510402D,Công nghệ Kỹ thuật vật liệu (hệ đại trà),A00 | A01 | D07 | D90,20,
SPK,Đại học Sư phạm Kỹ thuật TP HCM,7510302D,Công nghệ kỹ thuật Điện tử - Viễn thông (hệ đại trà),A00 | A01 | D01 | D90,26.1,
SPK,Đại học Sư phạm Kỹ thuật TP HCM,7510303A,Công nghỹ kỳ thuật điều khicn và lự động hoả (hệ Chat lượng cao ticng Anh),A00 | A01 | D01 | D90,25.15,
SPK,Đại học Sư phạm Kỹ thuật TP HCM,7510301A,Công nghệ kỹ thuật điện - Điện tử (hệ Chất lượng cao tiếng Anh),A00 | A01 | D01 | D90,23.5,
SPK,Đại học Sư phạm Kỹ thuật TP HCM,7510202N,Công nghệ chế tạo máy (Việt - Nhật),A00 | A01 | D01 | D90,21.7,
SPK,Đại học Sư phạm Kỹ thuật TP HCM,7510205C,Công nghệ kỹ thuật ô tô (hệ CLC tiếng Việt),A00 | A01 | D01 | D90,24.25,
SPK,Đại học Sư phạm Kỹ thuật TP HCM,7510202C,Công nghệ chế tạo máy,A00 | A01 | D01 | D90,22.85,
SPK,Đại học Sư phạm Kỹ thuật TP HCM,7480201C,Công nghệ thông tin (CTCLC),A00 | A01 | D01 | D90,25.86,
SPK,Đại học Sư phạm Kỹ thuật TP HCM,7510203A,Công nghệ kỹ thuật cơ điện tử (hệ chất lượng cao tiếng Anh),A00 | A01 | D01 | D90,24.69,
SPK,Đại học Sư phạm Kỹ thuật TP HCM,7540209C,Công nghệ may,A00 | A01 | D01 | D90,19.2,
SPK,Đại học Sư phạm Kỹ thuật TP HCM,7510406D,Công nghệ kỳ thuật mỏi trường (hệ Đại trà),A00 | B00 | D07 | D90,20.1,
SPK,Đại học Sư phạm Kỹ thuật TP HCM,7510303D,Công nghệ kỳ thuật điểu khicn và tự động hoả (hộ Đại trà),A00 | A01 | D01 | D90,26.3,
SPK,Đại học Sư phạm Kỹ thuật TP HCM,7510301D,Công nghệ kỹ thuật điện - Điện tử (hệ đại trà),A00 | A01 | D01 | D90,25.38,
SPK,Đại học Sư phạm Kỹ thuật TP HCM,7510206D,Công nghệ kỹ thuật nhiệt (hệ đại trà),A00 | A01 | D01 | D90,23.33,
SPK,Đại học Sư phạm Kỹ thuật TP HCM,7510203C,Công nghệ kỹ thuật cơ điện tử,A00 | A01 | D01 | D90,24.15,
SPK,Đại học Sư phạm Kỹ thuật TP HCM,7510201C,Công nghệ kỹ thuật cơ khí,A00 | A01 | D01 | D90,23.4,
SPK,Đại học Sư phạm Kỹ thuật TP HCM,7510102A,Cóng nghệ kỹ thuật công trình xây dựng (hệ Chất lượng cao tiếng Anh),A00 | A01 | D01 | D90,20,
SPK,Đại học Sư phạm Kỹ thuật TP HCM,7480108D,Công nghệ kỳ thuật máy tinh (hệ Đại trà),A00 | A01 | D01 | D90,26.15,
SPK,Đại học Sư phạm Kỹ thuật TP HCM,7510206A,Công nghệ kỹ thuật nhiệt (hệ Chắt lượng cao tiếng Anh),A00 | A01 | D01 | D90,23.75,
SPK,Đại học Sư phạm Kỹ thuật TP HCM,7480118D,Hệ thống nhúng và IoT,A00 | A01 | D01 | D90,25.8,
SPK,Đại học Sư phạm Kỹ thuật TP HCM,7510106D,Hệ thống kỹ thuật công trình xây dựng,A00 | A01 | D01 | D90,21,
SPK,Đại học Sư phạm Kỹ thuật TP HCM,7340301D,Kế toán (hệ Đại trà),A00 | A01 | D01 | D90,26,
SPK,Đại học Sư phạm Kỹ thuật TP HCM,7340301C,Kế toán (CT chất lượng cao),A00 | A01 | D01 | D90,24,
SPK,Đại học Sư phạm Kỹ thuật TP HCM,7580103D,Kiến trúc nội thất,V03 | V04 | V05 | V06,24.2,
SPK,Đại học Sư phạm Kỹ thuật TP HCM,7580101D,Kiên trúc (hệ Đại trà),V03 | V04 | V05 | V06,23.33,
SPK,Đại học Sư phạm Kỹ thuật TP HCM,7340120D,Kinh doanh Quốc tế (hệ Đại trà),A00 | A01 | D01 | D90,27.25,
SPK,Đại học Sư phạm Kỹ thuật TP HCM,7520212D,Kỹ thuật Y sinh (Điện tư V sinh) (hệ Đại trà),A00 | A01 | D01 | D90,23.5,
SPK,Đại học Sư phạm Kỹ thuật TP HCM,7480203D,Kỹ thuật dữ liệu,A00 | A01 | D01 | D90,26.81,
SPK,Đại học Sư phạm Kỹ thuật TP HCM,7580205D,Kỹ thuật xảy dựng công trinh giao thông (hệ Đại trà),A00 | A01 | D01 | D90,20.55,
SPK,Đại học Sư phạm Kỹ thuật TP HCM,7549002D,Kỹ nghệ gỗ và nội thất,A00 | A01 | D01 | D90,19,
SPK,Đại học Sư phạm Kỹ thuật TP HCM,7520117D,KỲ thuật Còng nghiệp (hệ Đại trà),A00 | A01 | D01 | D90,22.3,
SPK,Đại học Sư phạm Kỹ thuật TP HCM,7510605D,Logistics và quán lý chuỗi cung ứng,A00 | A01 | D01 | D90,25.15,
SPK,Đại học Sư phạm Kỹ thuật TP HCM,7380101D,Luật - Phân hiệu Quảng Nam,A00 | A01 | C00 | D01,22.75,
SPK,Đại học Sư phạm Kỹ thuật TP HCM,7510208D,Năng lượng tái tạo (hệ đại trà),A00 | A01 | D01 | D90,22.4,
SPK,Đại học Sư phạm Kỹ thuật TP HCM,7220201D,Ngôn ngữ Anh (hệ Đại trà),D01 | D96,25.03,
SPK,Đại học Sư phạm Kỹ thuật TP HCM,7510601C,Quan lý Còng nghiệp (hệ Chất lượng cao tiếng Việt),A00 | A01 | D01 | D90,23,
SPK,Đại học Sư phạm Kỹ thuật TP HCM,7840110D,Quản lý và vận hành hạ tầng (hệ đại trà),A00 | A01 | D01 | D90,19.85,
SPK,Đại học Sư phạm Kỹ thuật TP HCM,7510601A,Quản lý Công nghiệp (hệ Chất lượng cao tiếng Anh),A00 | A01 | D01 | D90,22.3,
SPK,Đại học Sư phạm Kỹ thuật TP HCM,7510601D,Quản lý Công nghiệp (hệ Đại trà),A00 | A01 | D01 | D90,25.7,
SPK,Đại học Sư phạm Kỹ thuật TP HCM,7580302D,Quản lý xây dựng (hệ Đại trà),A00 | A01 | D01 | D90,22.6,
SPK,Đại học Sư phạm Kỹ thuật TP HCM,7810202D,Quan trị nhà hàng vả dịch vụ ăn uống (hệ Đại trả),A00 | A01 | D01 | D07,23.35,
SPK,Đại học Sư phạm Kỹ thuật TP HCM,7510209D,Robot và trí tuệ nhân tạo,A00 | A01 | D01 | D90,26,
SPK,Đại học Sư phạm Kỹ thuật TP HCM,7140246D,Sư phạm Công nghệ (Đại trà),A00 | A01 | D01 | D90,19.7,
SPK,Đại học Sư phạm Kỹ thuật TP HCM,7140231D,Su phạm Tiếng Anh (hệ Đại trà),D01 | D96,27.2,
SPK,Đại học Sư phạm Kỹ thuật TP HCM,7210403D,Thict kế dồ họa (hệ Đại trà),V01 | V02 | V07 | V08,24.3,
SPK,Đại học Sư phạm Kỹ thuật TP HCM,7210404D,Thiết kế thời trang (hệ Đại trà),V01 | V02 | V07 | V09,23.1,
SPK,Đại học Sư phạm Kỹ thuật TP HCM,7340122D,Thương mại điện tử (hệ Đại trà),A00 | A01 | D01 | D90,27,
SPK,Đại học Sư phạm Kỹ thuật TP HCM,7340122C,Thương mại điện tử CLC,A00 | A01 | D01 | D90,25.75,
DHT,Đại học Khoa Học - Đại học Huế,7320101,Báo chí,C00 | D01 | D15,17.5,
DHT,Đại học Khoa Học - Đại học Huế,7760101,Công tác xã hội,C00 | C19 | D01 | D14,15.5,
DHT,Đại học Khoa Học - Đại học Huế,7420201,Công nghệ sinh học,A00 | B00 | D01 | D08,16,
DHT,Đại học Khoa Học - Đại học Huế,7480201,Công nghệ thông tin,A00 | A01 | D01 | D07,17.5,
DHT,Đại học Khoa Học - Đại học Huế,7510401,Công nghệ kỹ thuật hoá học,A00 | B00 | D01 | D07,15.5,
DHT,Đại học Khoa Học - Đại học Huế,7510302,Điện tử - viễn thông,A00 | A01 | D01 | D07,16,
DHT,Đại học Khoa Học - Đại học Huế,7310608,Đông phương học,C00 | C19 | D01 | D14,16,
DHT,Đại học Khoa Học - Đại học Huế,7850104,Du lịch sinh thái,A00 | B00 | D07 | D15,15,
DHT,Đại học Khoa Học - Đại học Huế,7220104,Hán - Nôm,C00 | C19 | D14,15.5,
DHT,Đại học Khoa Học - Đại học Huế,7440112,Hóa học,A00 | B00 | D01 | D07,15.5,
DHT,Đại học Khoa Học - Đại học Huế,7440301,Khoa học môi trường,A00 | B00 | D07 | D15,15,
DHT,Đại học Khoa Học - Đại học Huế,7580101,Kiến trúc,V00 | V01 | V02,16.5,
DHT,Đại học Khoa Học - Đại học Huế,7580211,Kỹ thuật cơ sở hạ tầng,A00 | B00 | D01 | D10,15.5,
DHT,Đại học Khoa Học - Đại học Huế,7480103,Kỹ thuật phần mềm,A00 | A01 | D01 | D07,16.5,
DHT,Đại học Khoa Học - Đại học Huế,7520503,Kỹ thuật trắc địa – bản đồ,A00 | B00 | D01 | D10,15.5,
DHT,Đại học Khoa Học - Đại học Huế,7229010,Lịch sử,C00 | C19 | D01 | D14,16,
DHT,Đại học Khoa Học - Đại học Huế,7850101,Quản lý tài nguyên và môi trường,B00 | C04 | D01 | D10,15.5,
DHT,Đại học Khoa Học - Đại học Huế,7310205,Quản lý nhà nước,C14 | C19 | D01 | D66,15.5,
DHT,Đại học Khoa Học - Đại học Huế,7480107 (trước 2023),Quản trị và phân tích dữ liệu,A00 | A01 | D01,16,
DHT,Đại học Khoa Học - Đại học Huế,7229001,Triết học,A00 | C19 | D01 | D66,15.5,
DHT,Đại học Khoa Học - Đại học Huế,7320111,Truyền thông số,C00 | D01 | D15,16.5,
DHT,Đại học Khoa Học - Đại học Huế,7229030,Văn học,C00 | C19 | D14,15.5,
DHT,Đại học Khoa Học - Đại học Huế,7310301,Xã hội học,C00 | C19 | D01 | D14,15.5,
DDP,Phân Hiệu Đại học Đà Nẵng tại Kon Tum,7480201,Công nghệ thông tin,A00 | A01 | D01 | D07,15,
DDP,Phân Hiệu Đại học Đà Nẵng tại Kon Tum,7140202,Giáo dục Tiểu học,A00 | B03 | C00 | D01,23,
DDP,Phân Hiệu Đại học Đà Nẵng tại Kon Tum,7340301,Kế toán,A00 | A09 | C00 | D01,15,
DDP,Phân Hiệu Đại học Đà Nẵng tại Kon Tum,7380107,Luật kinh tế,A00 | A09 | C00 | D01,15,
DDP,Phân Hiệu Đại học Đà Nẵng tại Kon Tum,7340101,Quản trị Kinh doanh,A00 | A09 | C00 | D01,15,
DDP,Phân Hiệu Đại học Đà Nẵng tại Kon Tum,7310205,Quản lý nhà nước,A00 | A09 | C00 | D01,15,
DDP,Phân Hiệu Đại học Đà Nẵng tại Kon Tum,7340201,Tài chính – Ngân hàng,A00 | A09 | C00 | D01,15,
NTT,Đại học Nguyễn Tất Thành,7540101,Công nghệ thực phẩm,A00 | B00 | D07 | D90,15,
NTT,Đại học Nguyễn Tất Thành,7510301,"Công nghệ kỹ thuật điện, điện tử",A00 | A01 | D01 | D07,15,
NTT,Đại học Nguyễn Tất Thành,7510401,Công nghệ kỹ thuật hoá học,A00 | B00 | D07 | D90,15,
NTT,Đại học Nguyễn Tất Thành,7420201,Công nghệ sinh học,A00 | B00 | D07 | D08,15,
NTT,Đại học Nguyễn Tất Thành,7480201,Công nghệ thông tin,A00 | A01 | D01 | D07,15,
NTT,Đại học Nguyễn Tất Thành,7510205,Công nghệ kỹ thuật ô tô,A00 | A01 | D01 | D07,15,
NTT,Đại học Nguyễn Tất Thành,7510203,Công nghệ kỹ thuật cơ điện tử,A00 | A01 | D01 | D07,15,
NTT,Đại học Nguyễn Tất Thành,7210235,Đạo diễn điện ảnh. truyền hình,N05,15,
NTT,Đại học Nguyễn Tất Thành,7210234,Diễn viên kịch. điện ảnh - truyền hình,N05,15,
NTT,Đại học Nguyễn Tất Thành,7720301,Điều dưỡng,A00 | A01 | B00 | D07,19,
NTT,Đại học Nguyễn Tất Thành,7310608,Đông phương học,C00 | D01 | D14 | D15,15,
NTT,Đại học Nguyễn Tất Thành,7810101,Du lịch,C00 | D01 | D14 | D15,15,
NTT,Đại học Nguyễn Tất Thành,7720201,Dược học,A00 | A01 | B00 | D07,21,
NTT,Đại học Nguyễn Tất Thành,7140201,Giáo dục Mầm non,M00 | M01,20,
NTT,Đại học Nguyễn Tất Thành,7340301,Kế toán,A00 | A01 | D01 | D07,15,
NTT,Đại học Nguyễn Tất Thành,7580101,Kiến trúc,H00 | H01 | H02 | H07,15,
NTT,Đại học Nguyễn Tất Thành,7520118,Kỹ thuật hệ thống công nghiệp,A00 | A01 | D01 | D07,15,
NTT,Đại học Nguyễn Tất Thành,7720601,Kỹ thuật xét nghiệm y học,A00 | B00 | D07 | D08,19,
NTT,Đại học Nguyễn Tất Thành,7520212,Kỹ thuật y sinh,A00 | A01 | A02 | B00,15,
NTT,Đại học Nguyễn Tất Thành,7580201,Kỹ thuật xây dựng,A00 | A01 | D01 | D07,15,
NTT,Đại học Nguyễn Tất Thành,7720603,Kỹ thuật phục hồi chức năng,B00,19,
NTT,Đại học Nguyễn Tất Thành,7480103,Kỹ thuật phần mềm,A00 | A01 | D01 | D07,15,
NTT,Đại học Nguyễn Tất Thành,7510605,Logistics và Quản lý chuỗi cung ứng,A00 | A01 | D01 | D07,15,
NTT,Đại học Nguyễn Tất Thành,7380107,Luật kinh tế,A00 | A01 | C00 | D01,15,
NTT,Đại học Nguyễn Tất Thành,7480102,Mạng máy tính và truyền thông dữ liệu,A00 | A01 | D01 | D07,15,
NTT,Đại học Nguyễn Tất Thành,7340115,Marketing,A00 | A01 | D01 | D07,15,
NTT,Đại học Nguyễn Tất Thành,7340120,Ngành Kinh doanh quốc tế,A00 | A01 | D01 | D07,15,
NTT,Đại học Nguyễn Tất Thành,7220201,Ngôn ngữ Anh,C00 | D01 | D14 | D15,15,
NTT,Đại học Nguyễn Tất Thành,7220204,Ngôn ngữ Trung Quốc,C00 | D01 | D14 | D15,15,
NTT,Đại học Nguyễn Tất Thành,7210208,Piano,N00,15,
NTT,Đại học Nguyễn Tất Thành,7340404,Quản trị nhân lực,A00 | A01 | D01 | D07,15,
NTT,Đại học Nguyễn Tất Thành,7720802,Quản lý bệnh viện,B00 | B03,15,
NTT,Đại học Nguyễn Tất Thành,7320108,Quan hệ công chúng,A01 | C00 | D01 | D14,15,
NTT,Đại học Nguyễn Tất Thành,7850101,Quản lý tài nguyên và môi trường,A00 | B00 | D07 | D90,15,
NTT,Đại học Nguyễn Tất Thành,7340101,Quản trị Kinh doanh,A00 | A01 | D01 | D07,15,
NTT,Đại học Nguyễn Tất Thành,7310206,Quan hệ quốc tế,A01 | D01 | D14 | D15,15,
NTT,Đại học Nguyễn Tất Thành,7810201,Quản trị khách sạn,C00 | D01 | D14 | D15,15,
NTT,Đại học Nguyễn Tất Thành,7810202,Quản trị nhà hàng và dịch vụ ăn uống,C00 | D01 | D14 | D15,15,
NTT,Đại học Nguyễn Tất Thành,7210236,Quay phim,N05,15,
NTT,Đại học Nguyễn Tất Thành,7340201,Tài chính – Ngân hàng,A00 | A01 | D01 | D07,15,
NTT,Đại học Nguyễn Tất Thành,7310401,Tâm lý học,B00 | C00 | D01 | D14,15,
NTT,Đại học Nguyễn Tất Thành,7210205,Thanh nhạc,N00,15,
NTT,Đại học Nguyễn Tất Thành,7580108,Thiết kế nội thất,H00 | H01 | V00 | V01,15,
NTT,Đại học Nguyễn Tất Thành,7210403,Thiết kế đồ họa,H00 | H01 | V00 | V01,15,
NTT,Đại học Nguyễn Tất Thành,7340122,Thương mại điện tử,A00 | A01 | D01 | D07,15,
NTT,Đại học Nguyễn Tất Thành,7220101,Tiếng Việt & Văn hóa Việt Nam,C00 | D01 | D14 | D15,15,
NTT,Đại học Nguyễn Tất Thành,7320104,Truyền thông đa phương tiện,A01 | C00 | D01 | D15,15,
NTT,Đại học Nguyễn Tất Thành,7520403,Vật lý Y khoa,A00 | A01 | A02 | B00,15,
NTT,Đại học Nguyễn Tất Thành,7310630,Việt Nam học,C00 | D01 | D14 | D15,15,
NTT,Đại học Nguyễn Tất Thành,7720110,Y học dự phòng,B00,19,
NTT,Đại học Nguyễn Tất Thành,7720101,Y khoa,B00,23,
DKB,Đại học Kinh tế Kỹ thuật Bình Dương,7510205,Công nghệ kỹ thuật ô tô,A00,14,
DKB,Đại học Kinh tế Kỹ thuật Bình Dương,7510301,"Công nghệ kỹ thuật điện, điện tử",A00,14,
DKB,Đại học Kinh tế Kỹ thuật Bình Dương,7480201,Công nghệ thông tin,A00,14,
DKB,Đại học Kinh tế Kỹ thuật Bình Dương,7720201,Dược học,A00,21,
DKB,Đại học Kinh tế Kỹ thuật Bình Dương,7340301,Kế toán,A00,14,
DKB,Đại học Kinh tế Kỹ thuật Bình Dương,7480103,Kỹ thuật phần mềm,A00,14,
DKB,Đại học Kinh tế Kỹ thuật Bình Dương,7510605,Logistics và Quản lý chuỗi cung ứng,A00,14,
DKB,Đại học Kinh tế Kỹ thuật Bình Dương,7340115,Marketing,A00,14,
DKB,Đại học Kinh tế Kỹ thuật Bình Dương,7380101,Ngành Luật,A00,14,
DKB,Đại học Kinh tế Kỹ thuật Bình Dương,7220201,Ngôn ngữ Anh,D01,14,
DKB,Đại học Kinh tế Kỹ thuật Bình Dương,7220210,Ngôn ngữ Hàn Quốc,D01,14,
DKB,Đại học Kinh tế Kỹ thuật Bình Dương,7340101,Quản trị Kinh doanh,A00,14,
DKB,Đại học Kinh tế Kỹ thuật Bình Dương,7340406,Quản trị văn phòng,A00,14,
DKB,Đại học Kinh tế Kỹ thuật Bình Dương,7320108,Quan hệ công chúng,A10,14,
DKB,Đại học Kinh tế Kỹ thuật Bình Dương,7810202,Quản trị nhà hàng và dịch vụ ăn uống,A00,14,
DKB,Đại học Kinh tế Kỹ thuật Bình Dương,7340201,Tài chính – Ngân hàng,A10,14,
DKY,Đại học Kỹ thuật Y tế Hải Dương,7720301,Điều dưỡng,B00,19,
DKY,Đại học Kỹ thuật Y tế Hải Dương,7720603,Kỹ thuật phục hồi chức năng,B00,19,
DKY,Đại học Kỹ thuật Y tế Hải Dương,7720602,Kỹ thuật hình ảnh y học,A00 | B00,19,
DKY,Đại học Kỹ thuật Y tế Hải Dương,7720601,Kỹ thuật xét nghiệm y học,A00 | B00,19,
DKY,Đại học Kỹ thuật Y tế Hải Dương,7720101,Y khoa,B00,24.5,
DCD,Đại học Công nghệ Đồng Nai,7540101,Công nghệ thực phẩm,A00 | A06 | B00 | B04,15,
DCD,Đại học Công nghệ Đồng Nai,7510205,Công nghệ kỹ thuật ô tô,A00 | A01 | A04 | A10,15,
DCD,Đại học Công nghệ Đồng Nai,7510301,"Công nghệ kỹ thuật điện, điện tử",A00 | A01 | A04 | A10,15,
DCD,Đại học Công nghệ Đồng Nai,7480201,Công nghệ thông tin,A00 | A01 | A04 | A10,15,
DCD,Đại học Công nghệ Đồng Nai,7510202,Công nghệ chế tạo máy,A00 | A01 | A04 | A10,15,
DCD,Đại học Công nghệ Đồng Nai,7720301,Điều dưỡng,A06 | B00 | B04 | C08,19,
DCD,Đại học Công nghệ Đồng Nai,7310608,Đông phương học,A07 | C00 | D01 | D15,15,
DCD,Đại học Công nghệ Đồng Nai,7340301,Kế toán,A00 | A07 | A09 | D84,15,
DCD,Đại học Công nghệ Đồng Nai,7720601,Kỹ thuật xét nghiệm y học,A06 | B00 | B04 | C08,19,
DCD,Đại học Công nghệ Đồng Nai,7220201,Ngôn ngữ Anh,D01 | D14 | D15 | D84,15,
DCD,Đại học Công nghệ Đồng Nai,7220204,Ngôn ngữ Trung Quốc,C00 | C20 | D14 | D15,15,
DCD,Đại học Công nghệ Đồng Nai,7810201,Quản trị khách sạn,A07 | A09 | C00 | C20,15,
DCD,Đại học Công nghệ Đồng Nai,7810103,Quản trị dịch vụ du lịch và lữ hành,A07 | A09 | C00 | C20,15,
DCD,Đại học Công nghệ Đồng Nai,7340101,Quản trị Kinh doanh,A00 | A07 | A09 | D84,15,
DCD,Đại học Công nghệ Đồng Nai,7340201,Tài chính – Ngân hàng,A00 | A07 | A09 | D84,15,
HIU,Đại học Quốc tế Hồng Bàng,7480201,Công nghệ thông tin,A00 | A01 | D01 | D90,16,
HIU,Đại học Quốc tế Hồng Bàng,7720301,Điều dưỡng,A00 | B00 | D07 | D90,19,
HIU,Đại học Quốc tế Hồng Bàng,7720201,Dược học,A00 | B00 | D07 | D90,21,
HIU,Đại học Quốc tế Hồng Bàng,7720302,Hộ sinh,A00 | B00 | D07 | D90,19,
HIU,Đại học Quốc tế Hồng Bàng,7340301,Kế toán,A00 | A01 | D01 | D90,15,
HIU,Đại học Quốc tế Hồng Bàng,7580101,Kiến trúc,A00 | A01 | V00 | V01,15,
HIU,Đại học Quốc tế Hồng Bàng,7720603,Kỹ thuật phục hồi chức năng,A00 | B00 | D07 | D90,19,
HIU,Đại học Quốc tế Hồng Bàng,7720601,Kỹ thuật xét nghiệm y học,A00 | B00 | D07 | D90,19,
HIU,Đại học Quốc tế Hồng Bàng,7510605,Logistics và Quản lý chuỗi cung ứng,A00 | A01 | D01 | D90,15,
HIU,Đại học Quốc tế Hồng Bàng,7380107,Luật kinh tế,A00 | A08 | C00 | D01,16,
HIU,Đại học Quốc tế Hồng Bàng,7340114,Marketing kỹ thuật số,A00 | A01 | C00 | D01,16,
HIU,Đại học Quốc tế Hồng Bàng,7380101,Ngành Luật,A00 | C00 | C14 | D01,15,
HIU,Đại học Quốc tế Hồng Bàng,7220204,Ngôn ngữ Trung Quốc,A01 | C00 | D01 | D04,15,
HIU,Đại học Quốc tế Hồng Bàng,7220210,Ngôn ngữ Hàn Quốc,A01 | C00 | D01 | D78,15,
HIU,Đại học Quốc tế Hồng Bàng,7220209,Ngôn ngữ Nhật,A01 | C00 | D01 | D06,15,
HIU,Đại học Quốc tế Hồng Bàng,7220201,Ngôn ngữ Anh,A01 | D01 | D14 | D96,16,
HIU,Đại học Quốc tế Hồng Bàng,7340101,Quản trị Kinh doanh,A00 | A01 | C00 | D01,16,
HIU,Đại học Quốc tế Hồng Bàng,7140114,Quản lý giáo dục,A00 | A01 | C00 | D01,15,
HIU,Đại học Quốc tế Hồng Bàng,7340412,Quản trị sự kiện,A00 | A01 | C00 | D01,15,
HIU,Đại học Quốc tế Hồng Bàng,7810201,Quản trị khách sạn,A00 | A01 | C00 | D01,15,
HIU,Đại học Quốc tế Hồng Bàng,7810103,Quản trị dịch vụ du lịch và lữ hành,A00 | A01 | C00 | D01,15,
HIU,Đại học Quốc tế Hồng Bàng,7310206,Quan hệ quốc tế,A00 | A01 | C00 | D01,16,
HIU,Đại học Quốc tế Hồng Bàng,7320108,Quan hệ công chúng,A00 | A01 | C00 | D01,15,
HIU,Đại học Quốc tế Hồng Bàng,7720501,Răng- Hàm -Mặt,A00 | B00 | D07 | D90,22.5,
HIU,Đại học Quốc tế Hồng Bàng,7340201,Tài chính – Ngân hàng,A00 | A01 | D01 | D90,16,
HIU,Đại học Quốc tế Hồng Bàng,7310401,Tâm lý học,B00 | B03 | C00 | D01,15,
HIU,Đại học Quốc tế Hồng Bàng,7210403,Thiết kế đồ họa,A00 | A01 | H00 | H01,15,
HIU,Đại học Quốc tế Hồng Bàng,7340122,Thương mại điện tử,A00 | A01 | C00 | D01,15,
HIU,Đại học Quốc tế Hồng Bàng,7320104,Truyền thông đa phương tiện,A01 | C00 | D01 | D78,16,
HIU,Đại học Quốc tế Hồng Bàng,7310630D,Việt Nam học,A01 | C00 | D01 | D78,17,
HIU,Đại học Quốc tế Hồng Bàng,7720101,Y khoa,A00 | B00 | D07 | D90,22.5,
HIU,Đại học Quốc tế Hồng Bàng,7720115,Y học cổ truyền,A00 | B00 | D07 | D90,21,
DHY,Đại học Y Dược - Đại học Huế,7720301,Điều dưỡng,B00 | B08,19.05,
DHY,Đại học Y Dược - Đại học Huế,7720201,Dược học,A00 | B00,24.7,
DHY,Đại học Y Dược - Đại học Huế,7720302,Hộ sinh,B00,19,
DHY,Đại học Y Dược - Đại học Huế,7720601,Kỹ thuật xét nghiệm y học,B00,20.7,
DHY,Đại học Y Dược - Đại học Huế,7720602,Kỹ thuật hình ảnh y học,A00 | B00,19.05,
DHY,Đại học Y Dược - Đại học Huế,7720501,Răng- Hàm -Mặt,B00,25.8,
DHY,Đại học Y Dược - Đại học Huế,7720701,Y tế công cộng,B00 | B08,16,
DHY,Đại học Y Dược - Đại học Huế,7720115,Y học cổ truyền,B00,22.7,
DHY,Đại học Y Dược - Đại học Huế,7720101,Y khoa,B00,26,
DHY,Đại học Y Dược - Đại học Huế,7720110,Y học dự phòng,B00,19.05,
YCT,Đại học Y Dược Cần Thơ,7720301,Điều dưỡng,B00,23.2,
YCT,Đại học Y Dược Cần Thơ,7720201,Dược học,B00,24.7,
YCT,Đại học Y Dược Cần Thơ,7720302,Hộ sinh,B00,22.25,
YCT,Đại học Y Dược Cần Thơ,7720602,Kỹ thuật hình ảnh y học,B00,23.5,
YCT,Đại học Y Dược Cần Thơ,7720601,Kỹ thuật xét nghiệm y học,B00,24.05,
YCT,Đại học Y Dược Cần Thơ,7720501,Răng- Hàm -Mặt,B00,25.4,
YCT,Đại học Y Dược Cần Thơ,7720701,Y tế công cộng,B00,20,
YCT,Đại học Y Dược Cần Thơ,7720115,Y học cổ truyền,B00,23.9,
YCT,Đại học Y Dược Cần Thơ,7720110,Y học dự phòng,B00,22.35,
YCT,Đại học Y Dược Cần Thơ,7720101,Y khoa,B00,25.52,
KTA,Đại học Kiến trúc Hà Nội,7580101_1,Chương trình tiên tiến ngành Kiến trúc,V00 | V01 | V02,26.23,
KTA,Đại học Kiến trúc Hà Nội,7510105,Công nghệ kỹ thuật vật liệu xây dựng,A00 | A01 | D01 | D07,21.75,
KTA,Đại học Kiến trúc Hà Nội,7580210_2,Công nghệ cơ điện công trình,A00 | A01 | D01 | D07,21.45,
KTA,Đại học Kiến trúc Hà Nội,7480201_1,Công nghệ thông tin,A00 | A01 | D01 | D07,24.75,
KTA,Đại học Kiến trúc Hà Nội,7480201,Công nghệ thông tin,A00 | A01 | D01 | D07,23.56,
KTA,Đại học Kiến trúc Hà Nội,7210105,Điêu khắc,H00 | H02,23,
KTA,Đại học Kiến trúc Hà Nội,7580101,Kiến trúc,V00 | V01 | V02,28.8,
KTA,Đại học Kiến trúc Hà Nội,7580102,Kiến trúc cảnh quan,V00 | V01 | V02,26.7,
KTA,Đại học Kiến trúc Hà Nội,7580301,Kinh tế xây dựng,A00 | A01 | C01 | D01,22.9,
KTA,Đại học Kiến trúc Hà Nội,7580301_1,Kinh tế xây dựng (chuyên ngành Kinh tế đầu tư),A00 | A01 | C01 | D01,22.8,
KTA,Đại học Kiến trúc Hà Nội,7580201_2,Kỹ thuật xây dựng (Chuyên ngành Quản lý dự án xây dựng),A00 | A01 | D01 | D07,22.5,
KTA,Đại học Kiến trúc Hà Nội,7580210_1,Kỹ thuật cơ sở hạ tầng (Chuyên ngành Kỹ thuật môi trường đô thị),A00 | A01 | D01 | D07,21.45,
KTA,Đại học Kiến trúc Hà Nội,7580201,Kỹ thuật xây dựng,A00 | A01 | D01 | D07,20.01,
KTA,Đại học Kiến trúc Hà Nội,7580213,Kỹ thuật cấp thoát nước,A00 | A01 | D01 | D07,21.45,
KTA,Đại học Kiến trúc Hà Nội,7580205,Kỹ thuật xây dựng công trình giao thông,A00 | A01 | D01 | D07,21.45,
KTA,Đại học Kiến trúc Hà Nội,7580201_1,Kỹ thuật xây dựng,A00 | A01 | D01 | D07,21.3,
KTA,Đại học Kiến trúc Hà Nội,7580210,Kỹ thuật cơ sở hạ tầng,A00 | A01 | D01 | D07,21.45,
KTA,Đại học Kiến trúc Hà Nội,7580302_3,Quản lý xây dựng (Chuyên ngành Kinh tế phát triển),A00 | A01 | C01 | D01,22.35,
KTA,Đại học Kiến trúc Hà Nội,7580302_1,Quản lý xây dựng (Chuyên ngành Quản lý bất động sản),A00 | A01 | C01 | D01,21.95,
KTA,Đại học Kiến trúc Hà Nội,7580302,Quản lý xây dựng,A00 | A01 | C01 | D01,21.75,
KTA,Đại học Kiến trúc Hà Nội,7580302_2,Quản lý xây dựng (Chuyên ngành Quản lý vận tải và Logistic),A00 | A01 | C01 | D01,23.93,
KTA,Đại học Kiến trúc Hà Nội,7580105_1,Quy hoạch vùng và đô thị (Chuyên ngành thiết kế đô thị),V00 | V01 | V02,27.65,
KTA,Đại học Kiến trúc Hà Nội,7580105,Quy hoạch vùng và đô thị,V00 | V01 | V02,28,
KTA,Đại học Kiến trúc Hà Nội,7580108,Thiết kế nội thất,H00 | H02,23,
KTA,Đại học Kiến trúc Hà Nội,7210403,Thiết kế đồ họa,H00 | H02,24,
KTA,Đại học Kiến trúc Hà Nội,7210404,Thiết kế thời trang,H00 | H02,22.99,
STS,Đại học Sư phạm Thể dục thể thao TP HCM,7140206,Giáo dục Thể chất,T00,22.75,
DTD,Đại học Tây Đô,7480201,Công nghệ thông tin,A00,15,
DTD,Đại học Tây Đô,7510102,Công nghệ kỹ thuật xây dựng dân dụng và công nghiệp,A00,15,
DTD,Đại học Tây Đô,7510301,"Công nghệ kỹ thuật điện, điện tử",A00,15,
DTD,Đại học Tây Đô,7540101,Công nghệ thực phẩm,A00,15,
DTD,Đại học Tây Đô,7620301,ĐH Nuôi trồng thủy sản,A00,15,
DTD,Đại học Tây Đô,7720301,Điều dưỡng,A02,19,
DTD,Đại học Tây Đô,7720401,Dinh dưỡng,A00,15,
DTD,Đại học Tây Đô,7810101,Du lịch,D01,15,
DTD,Đại học Tây Đô,7720201,Dược học,A00,21,
DTD,Đại học Tây Đô,7440112,Hóa học,A00,15,
DTD,Đại học Tây Đô,7340301,Kế toán,A00,15,
DTD,Đại học Tây Đô,7510605,Logistics và Quản lý chuỗi cung ứng,A00,15,
DTD,Đại học Tây Đô,7380107,Luật kinh tế,C00,15,
DTD,Đại học Tây Đô,7340115,Marketing,A00,15,
DTD,Đại học Tây Đô,7340120,Ngành Kinh doanh quốc tế,A00,15,
DTD,Đại học Tây Đô,7220201,Ngôn ngữ Anh,D01,15,
DTD,Đại học Tây Đô,7810103,Quản trị dịch vụ du lịch và lữ hành,A00,15,
DTD,Đại học Tây Đô,7810201,Quản trị khách sạn,D01,15,
DTD,Đại học Tây Đô,7850103,Quản lý đất đai,A00,15,
DTD,Đại học Tây Đô,7340101,Quản trị Kinh doanh,A00,15,
DTD,Đại học Tây Đô,7340201,Tài chính – Ngân hàng,A00,15,
DTD,Đại học Tây Đô,7210403,Thiết kế đồ họa,C04,15,
DTD,Đại học Tây Đô,7640101,Thú y,B00,15,
DTD,Đại học Tây Đô,7320104,Truyền thông đa phương tiện,A01,15,
DTD,Đại học Tây Đô,7229030,Văn học,C04,15,
DTD,Đại học Tây Đô,7229040,Văn hoá học,C04,15,
DTD,Đại học Tây Đô,7310630D,Việt Nam học,D01,15,
KSA,Đại học Kinh tế TP HCM,7480202,An toàn thông tin,A00 | A01 | D01 | D07,22.49,
KSA,Đại học Kinh tế TP HCM,7340204,Bảo hiểm,A00 | A01 | D01 | D07,24,
KSA,Đại học Kinh tế TP HCM,7340116,Bất động sản,A00 | A01 | D01 | D07,23.8,
KSA,Đại học Kinh tế TP HCM,7810201_02,Chuyên ngành Quản trị sự kiện và dịch vụ giải trí,A00 | A01 | D01 | D07,25.51,
KSA,Đại học Kinh tế TP HCM,7340201_04,Chuyên ngành Thị trường chứng khoán,A00 | A01 | D01 | D07,23.55,
KSA,Đại học Kinh tế TP HCM,7810201_01,Chuyên ngành Quản trị khách sạn,A00 | A01 | D01 | D07,25.2,
KSA,Đại học Kinh tế TP HCM,7340201_03,Chuyên ngành Ngân hàng đầu tư,A00 | A01 | D01 | D07,25.3,
KSA,Đại học Kinh tế TP HCM,7340201_02,Chuyên ngành Quản trị hải quan - ngoại thương,A00 | A01 | D01 | D07,23,
KSA,Đại học Kinh tế TP HCM,7340201_06,Chuyên ngành Đầu tư tài chính,A00 | A01 | D01 | D07,25.7,
KSA,Đại học Kinh tế TP HCM,7340201_01,Chuyên ngành Thuế trong kinh doanh,A00 | A01 | D01 | D07,24,
KSA,Đại học Kinh tế TP HCM,7340201_05,Chuyên ngành Quản trị rủi ro tài chính và bảo hiểm,A00 | A01 | D01 | D07,25.7,
KSA,Đại học Kinh tế TP HCM,7340201_01,Chuyên ngành Thuế trong kinh doanh,A00 | A01 | D01 | D07,17,Phân hiệu Vĩnh Long
KSA,Đại học Kinh tế TP HCM,7310108_01,Chuyên ngành Toán tài chính,A00 | A01 | D01 | D07,25.32,
KSA,Đại học Kinh tế TP HCM,7340201_02,Chuyên ngành Quản trị hải quan - ngoại thương,A00 | A01 | D01 | D07,17,Phân hiệu Vĩnh Long
KSA,Đại học Kinh tế TP HCM,7340114_td,Công nghệ marketing,A00 | A01 | D01 | D07,27.2,
KSA,Đại học Kinh tế TP HCM,7340205,Công nghệ tài chính,A00 | A01 | D01 | D07,26.6,
KSA,Đại học Kinh tế TP HCM,7320106,Công nghệ truyền thông,A00 | A01 | D01 | V00,26.33,
KSA,Đại học Kinh tế TP HCM,7480201,Công nghệ thông tin,A00 | A01 | D01 | D07,24.2,
KSA,Đại học Kinh tế TP HCM,7510605_02,Công nghệ Logistics (hệ kỹ sư),A00 | A01 | D01 | D07,26.09,
KSA,Đại học Kinh tế TP HCM,ASA_Co-op,Cử nhân ASEAN Co-op,A00 | A01 | D01 | D07,24.05,
KSA,Đại học Kinh tế TP HCM,ISB_CNTN,Cử nhân Tài năng ISB BBus,A00 | A01 | D01 | D07,27.1,
KSA,Đại học Kinh tế TP HCM,7340301_02,Kế toán tài chính và kiểm soát,A00 | A01 | D01 | D07,25.31,
KSA,Đại học Kinh tế TP HCM,7340301_01,Kế toán doanh nghiệp,A00 | A01 | D01 | D07,24.9,
KSA,Đại học Kinh tế TP HCM,7340301,Kế toán,A00 | A01 | D01 | D07,17,Phân hiệu Vĩnh Long
KSA,Đại học Kinh tế TP HCM,7340301_03,Kế toán doanh nghiệp_Chất lượng cao,A00 | A01 | D01 | D07,25,
KSA,Đại học Kinh tế TP HCM,7489001,Khoa học Dữ liệu,A00 | A01 | D01 | D07,25.2,
KSA,Đại học Kinh tế TP HCM,7480101,Khoa học máy tính,A00 | A01 | D01 | D07,23.4,
KSA,Đại học Kinh tế TP HCM,7489001,Khoa học Dữ liệu,A00 | A01 | D01 | D07,17,Phân hiệu Vĩnh Long
KSA,Đại học Kinh tế TP HCM,7460108,Khoa học dữ liệu (Data Science),A00 | A01 | D01 | D07,26.3,
KSA,Đại học Kinh tế TP HCM,7340302,Kiểm toán,A00 | A01 | D01 | D07,26.3,
KSA,Đại học Kinh tế TP HCM,7310102,Kinh tế chính trị,A00 | A01 | D01 | D07,22.5,
KSA,Đại học Kinh tế TP HCM,7620114,Kinh doanh nông nghiệp,A00 | A01 | D01 | D07,17,Phân hiệu Vĩnh Long
KSA,Đại học Kinh tế TP HCM,7310104_01,Kinh tế đầu tư,A00 | A01 | D01 | D07,25.94,
KSA,Đại học Kinh tế TP HCM,7620114,Kinh doanh nông nghiệp,A00 | A01 | D01 | D07,25.03,
KSA,Đại học Kinh tế TP HCM,7340415_td,Kinh doanh số,A00 | A01 | D01 | D07,26.5,
KSA,Đại học Kinh tế TP HCM,7340121,Kinh doanh thương mại,A00 | A01 | D01 | D07,26.5,
KSA,Đại học Kinh tế TP HCM,7310101,Kinh tế,A00 | A01 | D01 | D07,26.1,
KSA,Đại học Kinh tế TP HCM,7480103,Kỹ thuật phần mềm,A00 | A01 | D01 | D07,25.8,
KSA,Đại học Kinh tế TP HCM,7510605_01,Logistics và quản lý chuỗi cung ứng,A00 | A01 | D01 | D07,27,
KSA,Đại học Kinh tế TP HCM,7510605,Logistics và Quản lý chuỗi cung ứng,A00 | A01 | D01 | D07,17,Phân hiệu Vĩnh Long
KSA,Đại học Kinh tế TP HCM,7380107,Luật kinh tế,A00 | A01 | D01 | D96,17,Phân hiệu Vĩnh Long
KSA,Đại học Kinh tế TP HCM,7380107,Luật kinh tế,A00 | A01 | D01 | D96,25.6,
KSA,Đại học Kinh tế TP HCM,7340115,Marketing,A00 | A01 | D01 | D07,17,Phân hiệu Vĩnh Long
KSA,Đại học Kinh tế TP HCM,7340115,Marketing,A00 | A01 | D01 | D07,27,
KSA,Đại học Kinh tế TP HCM,7580104,Ngành kiến trúc đô thị,A00 | A01 | D01 | V00,24.63,
KSA,Đại học Kinh tế TP HCM,7340405_01,Ngành Hệ thống thông tin quản lý - Chuyên ngành Toán tài chính,A00 | A01 | D01 | D07,26.12,
KSA,Đại học Kinh tế TP HCM,7380101,Ngành Luật,A00 | A01 | D01 | D96,25.41,
KSA,Đại học Kinh tế TP HCM,7340120,Ngành Kinh doanh quốc tế,A00 | A01 | D01 | D07,17,Phân hiệu Vĩnh Long
KSA,Đại học Kinh tế TP HCM,7340405_02,Ngành Hệ thống thông tin quản lý - Chuyên ngành Thống kê kinh doanh,A00 | A01 | D01 | D07,24.85,
KSA,Đại học Kinh tế TP HCM,7340120,Ngành Kinh doanh quốc tế,A00 | A01 | D01 | D07,26.6,
KSA,Đại học Kinh tế TP HCM,7340101_01,Ngành Quản trị kinh doanh - Chuyên ngành Quản trị bệnh viện,A00 | A01 | D01 | D07,25.4,
KSA,Đại học Kinh tế TP HCM,7220201,Ngôn ngữ Anh,D01 | D96,17,Phân hiệu Vĩnh Long
KSA,Đại học Kinh tế TP HCM,7220201,Ngôn ngữ Anh,D01 | D96,26.3,
KSA,Đại học Kinh tế TP HCM,7310108_02,Phân tích rủi ro và định phí bảo hiểm (*),A00 | A01 | D01 | D07,24.06,
KSA,Đại học Kinh tế TP HCM,7810201,Quản trị khách sạn,A00 | A01 | D01 | D07,17,Phân hiệu Vĩnh Long
KSA,Đại học Kinh tế TP HCM,7340404,Quản trị nhân lực,A00 | A01 | D01 | D07,26.2,
KSA,Đại học Kinh tế TP HCM,7340101_02,Quản trị du lịch khách sạn,A00 | A01 | D01 | D07,24.54,
KSA,Đại học Kinh tế TP HCM,7340101,Quản trị Kinh doanh,A00 | A01 | D01 | D07,17,Phân hiệu Vĩnh Long
KSA,Đại học Kinh tế TP HCM,7340129_td,Quản trị bệnh viện,A00 | A01 | D01 | D07,23.7,
KSA,Đại học Kinh tế TP HCM,7810103,Quản trị dịch vụ du lịch và lữ hành,A00 | A01 | D01 | D07,24.6,
KSA,Đại học Kinh tế TP HCM,7340403,Quản lý công,A00 | A01 | D01 | D07,25.05,
KSA,Đại học Kinh tế TP HCM,7480107 (trước 2023),Quản trị và phân tích dữ liệu,A00 | A01 | D01 | D07,17,Phân hiệu Vĩnh Long
KSA,Đại học Kinh tế TP HCM,7480107 (trước 2023),Quản trị và phân tích dữ liệu,A00 | A01 | D01 | D07,23,
KSA,Đại học Kinh tế TP HCM,7340206,Tài chính quốc tế,A00 | A01 | D01 | D07,26.6,
KSA,Đại học Kinh tế TP HCM,7310104_02,Thẩm định giá và quản trị tài sản,A00 | A01 | D01 | D07,23,
KSA,Đại học Kinh tế TP HCM,7310107,Thống kê kinh tế,A00 | A01 | D01 | D07,25.56,
KSA,Đại học Kinh tế TP HCM,7340122,Thương mại điện tử,A00 | A01 | D01 | D07,17,Phân hiệu Vĩnh Long
KSA,Đại học Kinh tế TP HCM,7340122,Thương mại điện tử,A00 | A01 | D01 | D07,26.61,
YTC,Đại học Y tế Công cộng,7760101,Công tác xã hội,B00 | C00 | D01 | D66,19,
YTC,Đại học Y tế Công cộng,7510406,Công nghệ kỹ thuật Môi trường,A00 | B00 | D01 | D07,16,
YTC,Đại học Y tế Công cộng,7720401,Dinh dưỡng,B00 | B08 | D01 | D07,19.5,
YTC,Đại học Y tế Công cộng,7480109,Khoa học Dữ liệu,A00 | A01 | B00 | D01,16.45,
YTC,Đại học Y tế Công cộng,7720601,Kỹ thuật xét nghiệm y học,A01 | B00 | B08 | D07,20,
YTC,Đại học Y tế Công cộng,7720603,Kỹ thuật phục hồi chức năng,A00 | A01 | B00 | D01,21.8,
YTC,Đại học Y tế Công cộng,7720701,Y tế công cộng,B00 | B08 | D01 | D13,16.15,
DTQ,Khoa Quốc Tế - Đại học Thái Nguyên,7340301,Kế toán,A00 | A01 | D01 | D10,15,
DTQ,Khoa Quốc Tế - Đại học Thái Nguyên,7340120,Ngành Kinh doanh quốc tế,A00 | A01 | D01 | D10,15,
DTQ,Khoa Quốc Tế - Đại học Thái Nguyên,7340101,Quản trị Kinh doanh,A00 | A01 | D01 | D10,15,
DTQ,Khoa Quốc Tế - Đại học Thái Nguyên,7850101,Quản lý tài nguyên và môi trường,B00 | B08 | D01 | D10,15,
HCB,Đại học Kỹ Thuật - Hậu Cần Công An Nhân Dân ( Phía Bắc ),7480200|11A01,Nhóm ngành Kỹ thuật CAND (Thí sinh Nữ - Phía Bắc),A01,21.06,
HCB,Đại học Kỹ Thuật - Hậu Cần Công An Nhân Dân ( Phía Bắc ),7480200|11A00,Thí sinh nữ (Phía Bắc),A00,21.06,
HCB,Đại học Kỹ Thuật - Hậu Cần Công An Nhân Dân ( Phía Bắc ),7480200|21A01,Thí sinh nam (Phía Bắc),A01,18.22,
HCB,Đại học Kỹ Thuật - Hậu Cần Công An Nhân Dân ( Phía Bắc ),7480200|21A00,Thí sinh nam (Phía Bắc),A00,18.22,
DTK,Đại học Kỹ Thuật Công Nghiệp - Đại học Thái Nguyên,7510205,Công nghệ kỹ thuật ô tô,A00 | A01 | D01 | D07,19,
DTK,Đại học Kỹ Thuật Công Nghiệp - Đại học Thái Nguyên,7510202,Công nghệ chế tạo máy,A00 | A01 | D01 | D07,15,
DTK,Đại học Kỹ Thuật Công Nghiệp - Đại học Thái Nguyên,7510303,Công nghệ kỹ thuật điều khiển và tự động hóa,A00 | A01 | D01 | D07,19,
DTK,Đại học Kỹ Thuật Công Nghiệp - Đại học Thái Nguyên,7510301,"Công nghệ kỹ thuật điện, điện tử",A00 | A01 | D01 | D07,16,
DTK,Đại học Kỹ Thuật Công Nghiệp - Đại học Thái Nguyên,7510201,Công nghệ kỹ thuật cơ khí (chuyên ngành Cơ khí chế tạo),A00 | A01 | D01 | D07,16,
DTK,Đại học Kỹ Thuật Công Nghiệp - Đại học Thái Nguyên,7580101,Kiến trúc,V00 | V01 | V02,15,
DTK,Đại học Kỹ Thuật Công Nghiệp - Đại học Thái Nguyên,7510604,Kinh tế công nghiệp,A00 | A01 | D01 | D07,16,
DTK,Đại học Kỹ Thuật Công Nghiệp - Đại học Thái Nguyên,7580201,Kỹ thuật xây dựng,A00 | A01 | D01 | D07,15,
DTK,Đại học Kỹ Thuật Công Nghiệp - Đại học Thái Nguyên,7520309,Kỹ thuật vật liệu,A00 | A01 | D01 | D07,15,
DTK,Đại học Kỹ Thuật Công Nghiệp - Đại học Thái Nguyên,7905218,Kỹ thuật Cơ khí(Chương trình tiên tiến),A00 | A01 | D01 | D07,18,
DTK,Đại học Kỹ Thuật Công Nghiệp - Đại học Thái Nguyên,7480106,Kỹ thuật máy tính,A00 | A01 | D01 | D07,17,
DTK,Đại học Kỹ Thuật Công Nghiệp - Đại học Thái Nguyên,7520114,Kỹ thuật cơ điện tử,A00 | A01 | D01 | D07,17,
DTK,Đại học Kỹ Thuật Công Nghiệp - Đại học Thái Nguyên,7520201,Kỹ thuật điện,A00 | A01 | D01 | D07,16,
DTK,Đại học Kỹ Thuật Công Nghiệp - Đại học Thái Nguyên,7520116,Kỹ thuật cơ khí động lực,A00 | A01 | D01 | D07,15,
DTK,Đại học Kỹ Thuật Công Nghiệp - Đại học Thái Nguyên,7520103,Kỹ thuật cơ khí,A00 | A01 | D01 | D07,16,
DTK,Đại học Kỹ Thuật Công Nghiệp - Đại học Thái Nguyên,7905228,Kỹ thuật Điện,A00 | A01 | D01 | D07,18,
DTK,Đại học Kỹ Thuật Công Nghiệp - Đại học Thái Nguyên,7520207,Ngành Kỹ thuật điện tử truyền thông,A00 | A01 | D01 | D07,16,
DTK,Đại học Kỹ Thuật Công Nghiệp - Đại học Thái Nguyên,7520320,Ngành Kỹ thuật môi trường,A00 | B00 | D01 | D07,15,
DTK,Đại học Kỹ Thuật Công Nghiệp - Đại học Thái Nguyên,7520216,Ngành Kỹ thuật điều khiển & Tự động hóa,A00 | A01,19,
DTK,Đại học Kỹ Thuật Công Nghiệp - Đại học Thái Nguyên,7220201,Ngôn ngữ Anh,A00 | A01 | D01 | D07,16,
DTK,Đại học Kỹ Thuật Công Nghiệp - Đại học Thái Nguyên,7510601,Quản lý công nghiệp,A00 | A01 | D01 | D07,16,
DTS,Đại Học Sư Phạm - Đại học Thái Nguyên,7140205,Giáo dục Chính trị,C00 | C14 | C19 | C20,26.68,
DTS,Đại Học Sư Phạm - Đại học Thái Nguyên,7140201,Giáo dục Mầm non,C14 | C19 | C20 | D66,26.62,
DTS,Đại Học Sư Phạm - Đại học Thái Nguyên,7140202,Giáo dục Tiểu học,D01,24.55,
DTS,Đại Học Sư Phạm - Đại học Thái Nguyên,7140101,Giáo dục học,C14 | C19 | C20 | D66,23,
DTS,Đại Học Sư Phạm - Đại học Thái Nguyên,7140206,Giáo dục Thể chất,B03 | C00 | C14 | C20,25,
DTS,Đại Học Sư Phạm - Đại học Thái Nguyên,7140218,Sư phạm Lịch sử,C00 | C19 | D14,28,
DTS,Đại Học Sư Phạm - Đại học Thái Nguyên,7140231,Sư phạm Tiếng Anh,D01 | D09 | D15,25.88,
DTS,Đại Học Sư Phạm - Đại học Thái Nguyên,7140210,Sư phạm Tin học (Chuyên ngành Tin học – Công nghệ Tiểu học),A00 | A01 | D01,21.7,
DTS,Đại Học Sư Phạm - Đại học Thái Nguyên,7140217,Sư phạm Ngữ văn,C00 | C14 | D01,26.85,
DTS,Đại Học Sư Phạm - Đại học Thái Nguyên,7140219,Sư phạm Địa lý,C00 | C04 | D01 | D10,26.73,
DTS,Đại Học Sư Phạm - Đại học Thái Nguyên,7140209,Sư phạm Toán học,A00 | A01 | D01,25.43,
DTS,Đại Học Sư Phạm - Đại học Thái Nguyên,7140212,Sư phạm Hóa học,A00 | B00 | D01 | D07,24.8,
DTS,Đại Học Sư Phạm - Đại học Thái Nguyên,7140247,Sư phạm khoa học tự nhiên,A00 | B00,22.75,
DTS,Đại Học Sư Phạm - Đại học Thái Nguyên,7140211,Sư phạm Vật lý,A00 | A01 | D01,24.47,
DTS,Đại Học Sư Phạm - Đại học Thái Nguyên,7140249,Sư phạm Lịch sử - Địa lý,C00 | D14 | D15,26.25,
DTS,Đại Học Sư Phạm - Đại học Thái Nguyên,7140213,Sư phạm Sinh học,B00 | B08,23.3,
DTS,Đại Học Sư Phạm - Đại học Thái Nguyên,7310403,Tâm lý học giáo dục,B00 | C00 | C14 | C20,24,
KGH,Trường Sĩ Quan Không Quân - Hệ Đại học,7860203|20A00,Ngành phi công quân sự (Thí sinh nam toàn quốc),A00,21.1,
KGH,Trường Sĩ Quan Không Quân - Hệ Đại học,7860203|20A01,Ngành phi công quân sự (Thí sinh nam toàn quốc),A01,21.1,
MTU,Đại học Xây dựng Miền Tây,7340301,Kế toán,A00 | A01 | D14 | D15,15,
MTU,Đại học Xây dựng Miền Tây,7580101,Kiến trúc,V00 | V01 | V02 | V03,15,
MTU,Đại học Xây dựng Miền Tây,7580201,Kỹ thuật xây dựng,A00 | A01 | B00 | D01,15,
MTU,Đại học Xây dựng Miền Tây,7580205,Kỹ thuật xây dựng công trình giao thông,A00 | A01 | B00 | D01,15,
MTU,Đại học Xây dựng Miền Tây,7580213,Kỹ thuật cấp thoát nước,A00 | A01 | B00 | D01,15,
MTU,Đại học Xây dựng Miền Tây,7480103,Kỹ thuật phần mềm,A00 | A01 | D01 | D07,15,
MTU,Đại học Xây dựng Miền Tây,7520320,Ngành Kỹ thuật môi trường,A00 | A01 | B00 | D01,15,
MTU,Đại học Xây dựng Miền Tây,7580106,Quản lý đô thị và công trình,A00 | A01 | B00 | D01,15,
DTN,Đại học Nông Lâm - Đại học Thái Nguyên,7340116,Bất động sản,A00 | A02 | C00 | D10,15,
DTN,Đại học Nông Lâm - Đại học Thái Nguyên,7620105,Chăn nuôi,A00 | B00 | C02 | D01,15,
DTN,Đại học Nông Lâm - Đại học Thái Nguyên,7905419,Công nghệ thực phẩm (CTTT),A00 | B00 | D01 | D08,16,
DTN,Đại học Nông Lâm - Đại học Thái Nguyên,7510406,Công nghệ kỹ thuật Môi trường,A00 | A07 | B00,15,
DTN,Đại học Nông Lâm - Đại học Thái Nguyên,7549001,Công nghệ chế biến lâm sản,A00 | A01 | A10 | A17,15,
DTN,Đại học Nông Lâm - Đại học Thái Nguyên,7420201,Công nghệ sinh học,B00 | B02 | B03 | B05,15,
DTN,Đại học Nông Lâm - Đại học Thái Nguyên,7540101,Công nghệ thực phẩm,A00 | B00 | C02 | D01,15,
DTN,Đại học Nông Lâm - Đại học Thái Nguyên,7540106,Đảm bảo chất lượng và an toàn thực phẩm,A00 | B00 | D01 | D07,15,
DTN,Đại học Nông Lâm - Đại học Thái Nguyên,7549002,Dược liệu và Hợp chất thiên nhiên,A00 | B00 | B08 | D07,15,
DTN,Đại học Nông Lâm - Đại học Thái Nguyên,7904492,Khoa học & Quản lý môi trường (CTTT),A07 | B00 | D01,16,
DTN,Đại học Nông Lâm - Đại học Thái Nguyên,7620110,Khoa học cây trồng,A00 | B00 | C02,15,
DTN,Đại học Nông Lâm - Đại học Thái Nguyên,7440301,Khoa học môi trường,A07 | B00 | D01,15,
DTN,Đại học Nông Lâm - Đại học Thái Nguyên,7906425,Kinh tế nông nghiệp (CTTT),A00 | A01 | B00 | D01,16,
DTN,Đại học Nông Lâm - Đại học Thái Nguyên,7620115,Kinh tế nông nghiệp,A00 | B00 | C02,15,
DTN,Đại học Nông Lâm - Đại học Thái Nguyên,7620205,Lâm sinh,A09 | A15 | B02 | C14,15,
DTN,Đại học Nông Lâm - Đại học Thái Nguyên,7340120,Ngành Kinh doanh quốc tế,A00 | A01 | B00 | C02,15,
DTN,Đại học Nông Lâm - Đại học Thái Nguyên,7620101,Nông nghiệp,A00 | B00 | B02 | C02,15,
DTN,Đại học Nông Lâm - Đại học Thái Nguyên,7620116,Phát triển nông thôn,A00 | B00 | B02 | C02,15,
DTN,Đại học Nông Lâm - Đại học Thái Nguyên,7850103,Quản lý đất đai,A00 | A01 | B00 | D10,15,
DTN,Đại học Nông Lâm - Đại học Thái Nguyên,7810204,Quản lý du lịch quốc tế (chương trình tiên tiến),A00,16,
DTN,Đại học Nông Lâm - Đại học Thái Nguyên,7320205,Quản lý thông tin,A07 | C20 | D01 | D84,15,
DTN,Đại học Nông Lâm - Đại học Thái Nguyên,7620211,Quản lý tài nguyên rừng,A01 | A14 | B00 | B03,15,
DTN,Đại học Nông Lâm - Đại học Thái Nguyên,7850101,Quản lý tài nguyên và môi trường,A01 | B00 | C00 | D14,15,
DTN,Đại học Nông Lâm - Đại học Thái Nguyên,7640101,Thú y,A00 | B00 | C02 | D01,15,
DQU,Đại học Quảng Nam,7620112,Bảo vệ thực vật,A02,14,
DQU,Đại học Quảng Nam,7480201,Công nghệ thông tin,A00,14,
DQU,Đại học Quảng Nam,7140202,Giáo dục Tiểu học,A00,24.5,
DQU,Đại học Quảng Nam,7140201,Giáo dục Mầm non,M00,21.5,
DQU,Đại học Quảng Nam,7229010,Lịch sử,A08,14,
DQU,Đại học Quảng Nam,7220201,Ngôn ngữ Anh,A01,14,
DQU,Đại học Quảng Nam,7140209,Sư phạm Toán học,A00,23.5,
DQU,Đại học Quảng Nam,7140211,Sư phạm Vật lý,A00,19,
DQU,Đại học Quảng Nam,7140217,Sư phạm Ngữ văn,C00,23.75,
DQU,Đại học Quảng Nam,7140213,Sư phạm Sinh học,A02,19,
DQU,Đại học Quảng Nam,7310630,Việt Nam học,A09,14,
TTU,Đại học Tân Tạo,7420201,Công nghệ sinh học,A02 | B00 | B03 | B08,15,
TTU,Đại học Tân Tạo,7720301,Điều dưỡng,A02 | B00 | B03 | B08,19,
TTU,Đại học Tân Tạo,7340301,Kế toán,A00 | A01 | D01 | D07,15,
TTU,Đại học Tân Tạo,7480101,Khoa học máy tính,A00 | A01 | D01 | D07,15,
TTU,Đại học Tân Tạo,7720601,Kỹ thuật xét nghiệm y học,A02 | B00 | B03 | B08,19,
TTU,Đại học Tân Tạo,7340120,Ngành Kinh doanh quốc tế,A00 | A01 | D01 | D07,15,
TTU,Đại học Tân Tạo,7220201,Ngôn ngữ Anh,A01 | D01 | D07 | D08,15,
TTU,Đại học Tân Tạo,7340101,Quản trị Kinh doanh,A00 | A01 | D01 | D07,15,
TTU,Đại học Tân Tạo,7340201,Tài chính – Ngân hàng,A00 | A01 | D01 | D07,15,
TTU,Đại học Tân Tạo,7720101,Y khoa,A02 | B00 | B03 | B08,22.5,
YDD,Đại học Điều Dưỡng Nam Định,7720301,Điều dưỡng,B00 | B08 | D01 | D07,19,
YDD,Đại học Điều Dưỡng Nam Định,7720401,Dinh dưỡng,B00 | B08 | D01 | D07,15.3,
YDD,Đại học Điều Dưỡng Nam Định,7720302,Hộ sinh,B00 | B08 | D01 | D07,19,
VHD,Đại Học Công Nghiệp Việt Hung,7510103,Công nghệ kỹ thuật xây dựng (chuyên ngành Xây dựng dân dụng & Công nghiệp),A00,15,
VHD,Đại Học Công Nghiệp Việt Hung,7510205,Công nghệ kỹ thuật ô tô,A00,15,
VHD,Đại Học Công Nghiệp Việt Hung,7510301,"Công nghệ kỹ thuật điện, điện tử",A00,15,
VHD,Đại Học Công Nghiệp Việt Hung,7480201,Công nghệ thông tin,A00,15,
VHD,Đại Học Công Nghiệp Việt Hung,7510201,Công nghệ kỹ thuật cơ khí (chuyên ngành Cơ khí chế tạo),A00,15,
VHD,Đại Học Công Nghiệp Việt Hung,7310101,Kinh tế,C00,15,
VHD,Đại Học Công Nghiệp Việt Hung,7340101,Quản trị Kinh doanh,C00,15,
VHD,Đại Học Công Nghiệp Việt Hung,7340201,Tài chính – Ngân hàng,C00,15,
HBT,Học viện Báo chí và Tuyên truyền,607,Báo mạng điện tử,D01 | R22,35.48,
HBT,Học viện Báo chí và Tuyên truyền,607,Báo mạng điện tử,D78 | R26,36.98,
HBT,Học viện Báo chí và Tuyên truyền,604,Báo phát thanh,D78 | R26,36.22,
HBT,Học viện Báo chí và Tuyên truyền,602,Báo in,D01 | D78 | R22 | R26,34.97,
HBT,Học viện Báo chí và Tuyên truyền,604,Báo phát thanh,D72 | R25,34.72,
HBT,Học viện Báo chí và Tuyên truyền,605,Báo truyền hình,D72 | R25,35.23,
HBT,Học viện Báo chí và Tuyên truyền,607,Báo mạng điện tử,D72 | R25,34.98,
HBT,Học viện Báo chí và Tuyên truyền,605,Báo truyền hình,D01 | R22,35.73,
HBT,Học viện Báo chí và Tuyên truyền,602,Báo in,D72 | R25,34.47,
HBT,Học viện Báo chí và Tuyên truyền,605,Báo truyền hình,D78 | R26,37.23,
HBT,Học viện Báo chí và Tuyên truyền,604,Báo phát thanh,D01 | R22,35.22,
HBT,Học viện Báo chí và Tuyên truyền,7229008,Chủ nghĩa xã hội khoa học,A16 | C15 | D01 | R22,23.94,
HBT,Học viện Báo chí và Tuyên truyền,7760101,Công tác xã hội,D01 | R22,25,
HBT,Học viện Báo chí và Tuyên truyền,7760101,Công tác xã hội,A16 | C15,24.5,
HBT,Học viện Báo chí và Tuyên truyền,537,Khoa học quản lý nhà nước,A16 | C15 | D01 | R22,24.7,
HBT,Học viện Báo chí và Tuyên truyền,7310102,Kinh tế chính trị,D01 | R22,25.1,
HBT,Học viện Báo chí và Tuyên truyền,7310102,Kinh tế chính trị,C15,25.6,
HBT,Học viện Báo chí và Tuyên truyền,7310102,Kinh tế chính trị,A16,24.6,
HBT,Học viện Báo chí và Tuyên truyền,7229010,Lịch sử,C00 | C19,28.56,
HBT,Học viện Báo chí và Tuyên truyền,7229010,Lịch sử,C03 | D14 | R23,26.56,
HBT,Học viện Báo chí và Tuyên truyền,532,"Ngành Chính trị học, chuyên ngành Quản lý xã hội",A16 | C15 | D01 | R22,24.92,
HBT,Học viện Báo chí và Tuyên truyền,529,"Ngành Kinh tế, chuyên ngành Kinh tế và Quản lý",D01 | R22,25.73,
HBT,Học viện Báo chí và Tuyên truyền,802,"Ngành Xuất bản, chuyên ngành Xuất bản điện tử",D01 | R22,25.5,
HBT,Học viện Báo chí và Tuyên truyền,616,"Ngành Quan hệ công chúng, chuyên ngành Truyền thông marketing (chất lượng cao)",D72 | R25,34.97,
HBT,Học viện Báo chí và Tuyên truyền,611,"Ngành Quan hệ quốc tế, chuyên ngành Quan hệ chính trị và truyền thông quốc tế",D78 | R26,36.52,
HBT,Học viện Báo chí và Tuyên truyền,615,"Ngành Quan hệ công chúng, chuyên ngành Quan hệ công chúng chuyên nghiệp",D72 | R25,36.02,
HBT,Học viện Báo chí và Tuyên truyền,609,"Ngành Báo chí, chuyên ngành Báo mạng điện tử (chất lượng cao)",D72 | R25,33.92,
HBT,Học viện Báo chí và Tuyên truyền,535,"Ngành Chính trị học, chuyên ngành Văn hóa phát triển",A16 | C15 | D01 | R22,24.5,
HBT,Học viện Báo chí và Tuyên truyền,531,"Ngành Chính trị học, chuyên ngành Chính trị học phát triển",A16 | C15 | D01 | R22,24.45,
HBT,Học viện Báo chí và Tuyên truyền,528,"Ngành Kinh tế, chuyên ngành Kinh tế và Quản lý (chất lượng cao)",C15,25.55,
HBT,Học viện Báo chí và Tuyên truyền,801,"Ngành Xuất bản, chuyên ngành Biên tập xuất bản",C15,26.03,
HBT,Học viện Báo chí và Tuyên truyền,615,"Ngành Quan hệ công chúng, chuyên ngành Quan hệ công chúng chuyên nghiệp",A01 | D01 | R22,36.52,
HBT,Học viện Báo chí và Tuyên truyền,610,"Ngành Quan hệ quốc tế, chuyên ngành Thông tin đối ngoại",D78 | R26,36.6,
HBT,Học viện Báo chí và Tuyên truyền,611,"Ngành Quan hệ quốc tế, chuyên ngành Quan hệ chính trị và truyền thông quốc tế",D72 | R25,35.02,
HBT,Học viện Báo chí và Tuyên truyền,609,"Ngành Báo chí, chuyên ngành Báo mạng điện tử (chất lượng cao)",D01 | R22,34.42,
HBT,Học viện Báo chí và Tuyên truyền,606,"Ngành Báo chí, chuyên ngành Quay phim truyền hình",D01 | D72 | D78 | R22 | R25 | R26,34.49,
HBT,Học viện Báo chí và Tuyên truyền,538,"Ngành Chính trị học, chuyên ngành Truyền thông chính sách",C15,25.32,
HBT,Học viện Báo chí và Tuyên truyền,533,"Ngành Chính trị học, chuyên ngành Tư tưởng Hồ Chí Minh",A16 | C15 | D01 | R22,24.17,
HBT,Học viện Báo chí và Tuyên truyền,802,"Ngành Xuất bản, chuyên ngành Xuất bản điện tử",C15,26,
HBT,Học viện Báo chí và Tuyên truyền,801,"Ngành Xuất bản, chuyên ngành Biên tập xuất bản",D01 | R22,25.53,
HBT,Học viện Báo chí và Tuyên truyền,616,"Ngành Quan hệ công chúng, chuyên ngành Truyền thông marketing (chất lượng cao)",A01 | D01 | R22,35.47,
HBT,Học viện Báo chí và Tuyên truyền,614,"Ngành Quan hệ quốc tế, chuyên ngành Quan hệ quốc tế và truyền thông toàn cầu (chất lượng cao)",D72 | R25,34.67,
HBT,Học viện Báo chí và Tuyên truyền,610,"Ngành Quan hệ quốc tế, chuyên ngành Thông tin đối ngoại",A01 | D01 | R22,35.6,
HBT,Học viện Báo chí và Tuyên truyền,608,"Ngành Báo chí, chuyên ngành Báo truyền hình (chất lượng cao)",D72 | R25,34.3,
HBT,Học viện Báo chí và Tuyên truyền,603,"Ngành Báo chí, chuyên ngành Ảnh báo chí",D78 | R26,35.5,
HBT,Học viện Báo chí và Tuyên truyền,603,"Ngành Báo chí, chuyên ngành Ảnh báo chí",D01 | R22,35,
HBT,Học viện Báo chí và Tuyên truyền,529,"Ngành Kinh tế, chuyên ngành Kinh tế và Quản lý",C15,26.23,
HBT,Học viện Báo chí và Tuyên truyền,528,"Ngành Kinh tế, chuyên ngành Kinh tế và Quản lý (chất lượng cao)",D01 | R22,25.3,
HBT,Học viện Báo chí và Tuyên truyền,527,"Ngành Kinh tế, chuyên ngành Quản lý kinh tế",A16,24.55,
HBT,Học viện Báo chí và Tuyên truyền,527,"Ngành Kinh tế, chuyên ngành Quản lý kinh tế",C15,26.3,
HBT,Học viện Báo chí và Tuyên truyền,527,"Ngành Kinh tế, chuyên ngành Quản lý kinh tế",D01 | R22,25.8,
HBT,Học viện Báo chí và Tuyên truyền,802,"Ngành Xuất bản, chuyên ngành Xuất bản điện tử",A16,25,
HBT,Học viện Báo chí và Tuyên truyền,615,"Ngành Quan hệ công chúng, chuyên ngành Quan hệ công chúng chuyên nghiệp",D78 | R26,38.02,
HBT,Học viện Báo chí và Tuyên truyền,616,"Ngành Quan hệ công chúng, chuyên ngành Truyền thông marketing (chất lượng cao)",D78 | R26,36.97,
HBT,Học viện Báo chí và Tuyên truyền,614,"Ngành Quan hệ quốc tế, chuyên ngành Quan hệ quốc tế và truyền thông toàn cầu (chất lượng cao)",A01 | D01 | R22,35.17,
HBT,Học viện Báo chí và Tuyên truyền,608,"Ngành Báo chí, chuyên ngành Báo truyền hình (chất lượng cao)",D01 | R22,34.8,
HBT,Học viện Báo chí và Tuyên truyền,609,"Ngành Báo chí, chuyên ngành Báo mạng điện tử (chất lượng cao)",D78 | R26,35.42,
HBT,Học viện Báo chí và Tuyên truyền,536,"Ngành Chính trị học, chuyên ngành Chính sách công",A16 | C15 | D01 | R22,23.72,
HBT,Học viện Báo chí và Tuyên truyền,529,"Ngành Kinh tế, chuyên ngành Kinh tế và Quản lý",A16,24.48,
HBT,Học viện Báo chí và Tuyên truyền,530,"Ngành Chính trị học, chuyên ngành Quản lý hoạt động tư tưởng - văn hóa",A16 | C15 | D01 | R22,24.48,
HBT,Học viện Báo chí và Tuyên truyền,528,"Ngành Kinh tế, chuyên ngành Kinh tế và Quản lý (chất lượng cao)",A16,24.05,
HBT,Học viện Báo chí và Tuyên truyền,801,"Ngành Xuất bản, chuyên ngành Biên tập xuất bản",A16,25.03,
HBT,Học viện Báo chí và Tuyên truyền,614,"Ngành Quan hệ quốc tế, chuyên ngành Quan hệ quốc tế và truyền thông toàn cầu (chất lượng cao)",D78 | R26,36.17,
HBT,Học viện Báo chí và Tuyên truyền,610,"Ngành Quan hệ quốc tế, chuyên ngành Thông tin đối ngoại",D72 | R25,35.1,
HBT,Học viện Báo chí và Tuyên truyền,611,"Ngành Quan hệ quốc tế, chuyên ngành Quan hệ chính trị và truyền thông quốc tế",A01 | D01 | R22,35.52,
HBT,Học viện Báo chí và Tuyên truyền,608,"Ngành Báo chí, chuyên ngành Báo truyền hình (chất lượng cao)",D78 | R26,35.8,
HBT,Học viện Báo chí và Tuyên truyền,603,"Ngành Báo chí, chuyên ngành Ảnh báo chí",D72 | R25,34.5,
HBT,Học viện Báo chí và Tuyên truyền,538,"Ngành Chính trị học, chuyên ngành Truyền thông chính sách",A16 | D01 | R22,25.07,
HBT,Học viện Báo chí và Tuyên truyền,7220201,Ngôn ngữ Anh,D78 | R26,35.75,
HBT,Học viện Báo chí và Tuyên truyền,7220201,Ngôn ngữ Anh,A01 | D01 | R22,35,
HBT,Học viện Báo chí và Tuyên truyền,7220201,Ngôn ngữ Anh,D72 | R25,34.5,
HBT,Học viện Báo chí và Tuyên truyền,7340403,Quản lý công,A16 | C15 | D01 | R22,24.25,
HBT,Học viện Báo chí và Tuyên truyền,7320110,Quảng cáo,D78 | R26,36.52,
HBT,Học viện Báo chí và Tuyên truyền,7320110,Quảng cáo,D72 | R25,35.52,
HBT,Học viện Báo chí và Tuyên truyền,7320110,Quảng cáo,A01 | D01 | R22,36.02,
HBT,Học viện Báo chí và Tuyên truyền,7229001,Triết học,A16 | C15 | D01 | R22,24.22,
HBT,Học viện Báo chí và Tuyên truyền,7320107,Truyền thông quốc tế,A01 | D01 | R22,36.06,
HBT,Học viện Báo chí và Tuyên truyền,7320105,Truyền thông đại chúng,C15,27.9,
HBT,Học viện Báo chí và Tuyên truyền,7320107,Truyền thông quốc tế,D78 | R26,37.31,
HBT,Học viện Báo chí và Tuyên truyền,7320104,Truyền thông đa phương tiện,A16,26.68,
HBT,Học viện Báo chí và Tuyên truyền,7320105,Truyền thông đại chúng,D01 | R22,26.65,
HBT,Học viện Báo chí và Tuyên truyền,7320107,Truyền thông quốc tế,D72 | R25,35.56,
HBT,Học viện Báo chí và Tuyên truyền,7320104,Truyền thông đa phương tiện,C15,28.68,
HBT,Học viện Báo chí và Tuyên truyền,7320104,Truyền thông đa phương tiện,D01 | R22,27.18,
HBT,Học viện Báo chí và Tuyên truyền,7320105,Truyền thông đại chúng,A16,26.15,
HBT,Học viện Báo chí và Tuyên truyền,7310301,Xã hội học,C15,25.85,
HBT,Học viện Báo chí và Tuyên truyền,7310301,Xã hội học,A16,24.85,
HBT,Học viện Báo chí và Tuyên truyền,7310301,Xã hội học,D01 | R22,25.35,
HBT,Học viện Báo chí và Tuyên truyền,7310202,Xây dựng Đảng và Chính quyền nhà nước,D01 | R22,23.81,
HBT,Học viện Báo chí và Tuyên truyền,7310202,Xây dựng Đảng và Chính quyền nhà nước,C15,24.31,
HBT,Học viện Báo chí và Tuyên truyền,7310202,Xây dựng Đảng và Chính quyền nhà nước,A16,23.31,
TLA,Đại học Thủy Lợi ( Cơ sở 1 ),TLA127,An ninh mạng,A00 | A01 | D01 | D07,24.21,
TLA,Đại học Thủy Lợi ( Cơ sở 1 ),TLA201,"Chương trình tiên tiến ngành Kỹ thuật xây dựng (Hợp tác với Đại học Arkansas, Hoa Kỳ)",A00 | A01 | D01 | D07,21,
TLA,Đại học Thủy Lợi ( Cơ sở 1 ),TLA106,Công nghệ thông tin,A00 | A01 | D01 | D07,25.89,
TLA,Đại học Thủy Lợi ( Cơ sở 1 ),TLA119,Công nghệ sinh học,A00 | A02 | B00 | D08,20.95,
TLA,Đại học Thủy Lợi ( Cơ sở 1 ),TLA111,Công nghệ kỹ thuật xây dựng,A00 | A01 | D01 | D07,22.45,
TLA,Đại học Thủy Lợi ( Cơ sở 1 ),TLA116,Hệ thống thông tin,A00 | A01 | D01 | D07,24.31,
TLA,Đại học Thủy Lợi ( Cơ sở 1 ),TLA403,Kế toán,A00 | A01 | D01 | D07,24.91,
TLA,Đại học Thủy Lợi ( Cơ sở 1 ),TLA128,Kĩ thuật Robot và Điều khiển thông minh,A00 | A01 | D01 | D07,23.72,
TLA,Đại học Thủy Lợi ( Cơ sở 1 ),TLA409,Kiểm toán,A00 | A01 | D01 | D07,23.91,
TLA,Đại học Thủy Lợi ( Cơ sở 1 ),TLA404,Kinh tế xây dựng,A00 | A01 | D01 | D07,23.25,
TLA,Đại học Thủy Lợi ( Cơ sở 1 ),TLA401,Kinh tế,A00 | A01 | D01 | D07,24.2,
TLA,Đại học Thủy Lợi ( Cơ sở 1 ),TLA410,Kinh tế số,A00 | A01 | D01 | D07,24.49,
TLA,Đại học Thủy Lợi ( Cơ sở 1 ),TLA118,Kỹ thuật hóa học,A00 | B00 | C02 | D07,20.15,
TLA,Đại học Thủy Lợi ( Cơ sở 1 ),TLA124,Kỹ thuật điện tử - viễn thông,A00 | A01 | D01 | D07,24.39,
TLA,Đại học Thủy Lợi ( Cơ sở 1 ),TLA109,Kỹ thuật môi trường,A00 | A01 | B00 | D01,20.05,
TLA,Đại học Thủy Lợi ( Cơ sở 1 ),TLA113,Kỹ thuật xây dựng công trình giao thông,A00 | A01 | D01 | D07,19.2,
TLA,Đại học Thủy Lợi ( Cơ sở 1 ),TLA112,"Kỹ thuật điện (Chuyên ngành: Hệ thống điện, Điện công nghiệp và dân dụng.)",A00 | A01 | D01 | D07,23.35,
TLA,Đại học Thủy Lợi ( Cơ sở 1 ),TLA123,"Kỹ thuật Ô tô (Chuyên ngành: Kỹ
thuật ô tô; Công nghệ ô tô định hướng
việc làm tại Nhật Bản)",A00 | A01 | D01 | D07,24.3,
TLA,Đại học Thủy Lợi ( Cơ sở 1 ),TLA107,Kỷ thuật cắp thoát nước,A00 | A01 | D01 | D07,18.15,
TLA,Đại học Thủy Lợi ( Cơ sở 1 ),TLA104,Kỹ thuật xây dựng,A00 | A01 | D01 | D07,21,
TLA,Đại học Thủy Lợi ( Cơ sở 1 ),TLA120,Kỹ thuật cơ điện tử,A00 | A01 | D01 | D07,24.31,
TLA,Đại học Thủy Lợi ( Cơ sở 1 ),TLA105,Kỹ thuật cơ khí,A00 | A01 | D01 | D07,23.04,
TLA,Đại học Thủy Lợi ( Cơ sở 1 ),TLA102,Kỹ thuật tài nguyên nước,A00 | A01 | D01 | D07,18,
TLA,Đại học Thủy Lợi ( Cơ sở 1 ),TLA101,Kỹ thuật xây dựng công trình thủy,A00 | A01 | D01 | D07,21,
TLA,Đại học Thủy Lợi ( Cơ sở 1 ),TLA121,Kỹ thuật điều khiển và tự động hóa,A00 | A01 | D01 | D07,25.41,
TLA,Đại học Thủy Lợi ( Cơ sở 1 ),TLA117,Kỹ thuật phần mềm,A00 | A01 | D01 | D07,24.68,
TLA,Đại học Thủy Lợi ( Cơ sở 1 ),TLA110,Kỹ thuật cơ sở hạ tầng,A00 | A01 | D01 | D07,20.85,
TLA,Đại học Thủy Lợi ( Cơ sở 1 ),TLA407,Logistics và quản lý chuỗi cung ứng,A00 | A01 | D01 | D07,25.01,
TLA,Đại học Thủy Lợi ( Cơ sở 1 ),TLA302,Luật kinh tế,A00 | A01 | C00 | D01,23.47,
TLA,Đại học Thủy Lợi ( Cơ sở 1 ),TLA301,Luật,A00 | A01 | C00 | D01,23.72,
TLA,Đại học Thủy Lợi ( Cơ sở 1 ),TLA204,Ngôn ngữ Trung Quốc,A01 | D01 | D04 | D07,24.45,
TLA,Đại học Thủy Lợi ( Cơ sở 1 ),TLA203,Ngôn ngữ Anh,A01 | D01 | D07 | D08,23.24,
TLA,Đại học Thủy Lợi ( Cơ sở 1 ),TLA114,Quản lý xây dựng,A00 | A01 | D01 | D07,22.1,
TLA,Đại học Thủy Lợi ( Cơ sở 1 ),TLA406,Quản trị dịch vụ du lịch và lữ hành,A00 | A01 | D01 | D07,22.75,
TLA,Đại học Thủy Lợi ( Cơ sở 1 ),TLA402,Quản trị kinh doanh,A00 | A01 | D01 | D07,24.55,
TLA,Đại học Thủy Lợi ( Cơ sở 1 ),TLA408,Tài chính - Ngân hàng,A00 | A01 | D01 | D07,24.73,
TLA,Đại học Thủy Lợi ( Cơ sở 1 ),TLA405,Thương mại điện tử,A00 | A01 | D01 | D07,25.12,
TLA,Đại học Thủy Lợi ( Cơ sở 1 ),TLA103,Thủy văn học,A00 | A01 | D01 | D07,19.15,
TLA,Đại học Thủy Lợi ( Cơ sở 1 ),TLA126,Trí tuệ nhân tạo và khoa học,A00 | A01 | D01 | D07,23.9,
HVC,Học viện Cán bộ TP HCM,7310201,Chính trị học,C00 | C03 | C04 | C14,21.5,
HVC,Học viện Cán bộ TP HCM,7760101,Công tác xã hội,C00 | C14 | D01 | D14,21.5,
HVC,Học viện Cán bộ TP HCM,7380101,Ngành Luật,A00 | A01 | C00 | D01,23.5,
HVC,Học viện Cán bộ TP HCM,7310205,Quản lý nhà nước,A00 | A01 | C00 | D01,22.5,
HVC,Học viện Cán bộ TP HCM,7310202,Xây dựng Đảng và Chính quyền nhà nước,C00 | C03 | C04 | C14,22.5,
KCC,Đại học Kỹ thuật Công nghệ Cần Thơ,7420201,Công nghệ sinh học,A02,21.5,
KCC,Đại học Kỹ thuật Công nghệ Cần Thơ,7510102,Công nghệ kỹ thuật xây dựng dân dụng và công nghiệp,A00,18.5,
KCC,Đại học Kỹ thuật Công nghệ Cần Thơ,7540101,Công nghệ thực phẩm,A00,21.75,
KCC,Đại học Kỹ thuật Công nghệ Cần Thơ,7480201,Công nghệ thông tin,A00,22.16,
KCC,Đại học Kỹ thuật Công nghệ Cần Thơ,7510301,"Công nghệ kỹ thuật điện, điện tử",A00,21.4,
KCC,Đại học Kỹ thuật Công nghệ Cần Thơ,7510303,Công nghệ kỹ thuật điều khiển và tự động hóa,A00,21.8,
KCC,Đại học Kỹ thuật Công nghệ Cần Thơ,7510403,Công nghệ kỹ thuật năng lượng,A00,15,
KCC,Đại học Kỹ thuật Công nghệ Cần Thơ,7510203,Công nghệ kỹ thuật cơ điện tử,A00,21.1,
KCC,Đại học Kỹ thuật Công nghệ Cần Thơ,7510401,Công nghệ kỹ thuật hoá học,A00,15,
KCC,Đại học Kỹ thuật Công nghệ Cần Thơ,7480104,Hệ thống thông tin,A00,16,
KCC,Đại học Kỹ thuật Công nghệ Cần Thơ,7340301,Kế toán,A00,20.7,
KCC,Đại học Kỹ thuật Công nghệ Cần Thơ,7460108,Khoa học dữ liệu (Data Science),A00,15,
KCC,Đại học Kỹ thuật Công nghệ Cần Thơ,7480101,Khoa học máy tính,A00,20.4,
KCC,Đại học Kỹ thuật Công nghệ Cần Thơ,7480103,Kỹ thuật phần mềm,A00,22.8,
KCC,Đại học Kỹ thuật Công nghệ Cần Thơ,7520118,Kỹ thuật hệ thống công nghiệp,A00,18.7,
KCC,Đại học Kỹ thuật Công nghệ Cần Thơ,7510605,Logistics và Quản lý chuỗi cung ứng,A00,21.15,
KCC,Đại học Kỹ thuật Công nghệ Cần Thơ,7380101,Ngành Luật,C00,21.25,
KCC,Đại học Kỹ thuật Công nghệ Cần Thơ,7220201,Ngôn ngữ Anh,D01,23,
KCC,Đại học Kỹ thuật Công nghệ Cần Thơ,7580302,Quản lý xây dựng,A00,15,
KCC,Đại học Kỹ thuật Công nghệ Cần Thơ,7340101,Quản trị Kinh doanh,A00,21.5,
KCC,Đại học Kỹ thuật Công nghệ Cần Thơ,7510601,Quản lý công nghiệp,A00,19.8,
KCC,Đại học Kỹ thuật Công nghệ Cần Thơ,7340201,Tài chính – Ngân hàng,A00,23.3,
HTN,Học viện Thanh Thiếu Niên Việt Nam,7760101,Công tác xã hội,A09 | C00 | C20 | D01,17,
HTN,Học viện Thanh Thiếu Niên Việt Nam,7760102,Công tác thanh thiếu niên,A09 | C00 | C20 | D01,17,
HTN,Học viện Thanh Thiếu Niên Việt Nam,7380101,Ngành Luật,A00 | A09 | C00 | C20,22,
HTN,Học viện Thanh Thiếu Niên Việt Nam,7320108,Quan hệ công chúng,C00 | C20 | D01 | D66,24,
HTN,Học viện Thanh Thiếu Niên Việt Nam,7310205,Quản lý nhà nước,A09 | C00 | C20 | D01,18,
HTN,Học viện Thanh Thiếu Niên Việt Nam,7310401,Tâm lý học,A09 | C00 | C20 | D01,21,
HTN,Học viện Thanh Thiếu Niên Việt Nam,7310202,Xây dựng Đảng và Chính quyền nhà nước,A09 | C00 | C20 | D01,17,
DPT,Đại học Phan Thiết,7480201,Công nghệ thông tin,A00,15,
DPT,Đại học Phan Thiết,7340301,Kế toán,A00,15,
DPT,Đại học Phan Thiết,7580201,Kỹ thuật xây dựng,A00,15,
DPT,Đại học Phan Thiết,7520130,Kỹ thuật ô tô,A00,15,
DPT,Đại học Phan Thiết,7520103,Kỹ thuật cơ khí,A00,15,
DPT,Đại học Phan Thiết,7720601,Kỹ thuật xét nghiệm y học,A00,19,
DPT,Đại học Phan Thiết,7510605,Logistics và Quản lý chuỗi cung ứng,A00,15,
DPT,Đại học Phan Thiết,738101,Luật,C00,15,
DPT,Đại học Phan Thiết,7380107,Luật kinh tế,C00,15,
DPT,Đại học Phan Thiết,7220201,Ngôn ngữ Anh,D01,15,
DPT,Đại học Phan Thiết,7810202,Quản trị nhà hàng và dịch vụ ăn uống,A00,15,
DPT,Đại học Phan Thiết,7810103,Quản trị dịch vụ du lịch và lữ hành,A00,15,
DPT,Đại học Phan Thiết,7340101,Quản trị Kinh doanh,A00,15,
DPT,Đại học Phan Thiết,7810201,Quản trị khách sạn,A00,15,
DPT,Đại học Phan Thiết,7340201,Tài chính – Ngân hàng,A00,15,
DPT,Đại học Phan Thiết,7320104,Truyền thông đa phương tiện,A01,15,
DLS,Đại học Lao động - Xã hội (Cơ sở phía Nam),7340207,Bảo hiểm - Tài chính,A00 | A01 | D01,19.5,
DLS,Đại học Lao động - Xã hội (Cơ sở phía Nam),7760101,Công tác xã hội,A00 | A01 | D01,21.25,
DLS,Đại học Lao động - Xã hội (Cơ sở phía Nam),7340405,Hệ thống thông tin,A00 | A01 | D01,20.85,
DLS,Đại học Lao động - Xã hội (Cơ sở phía Nam),7340301,Kế toán,A00 | A01 | D01,21.25,
DLS,Đại học Lao động - Xã hội (Cơ sở phía Nam),7310101,Kinh tế,A00 | A01 | D01,17,
DLS,Đại học Lao động - Xã hội (Cơ sở phía Nam),7380107,Luật kinh tế,A00 | A01 | D01,21.5,
DLS,Đại học Lao động - Xã hội (Cơ sở phía Nam),7220201,Ngôn ngữ Anh,A01 | D01 | D07 | D14,17,
DLS,Đại học Lao động - Xã hội (Cơ sở phía Nam),7340404,Quản trị nhân lực,A00 | A01 | D01,22.75,
DLS,Đại học Lao động - Xã hội (Cơ sở phía Nam),7340101,Quản trị Kinh doanh,A00 | A01 | D01,21.25,
DLS,Đại học Lao động - Xã hội (Cơ sở phía Nam),7340201,Tài chính – Ngân hàng,A00 | A01 | D01,21.75,
DLS,Đại học Lao động - Xã hội (Cơ sở phía Nam),7310401,Tâm lý học,A00 | A01 | C00 | D01,24.6,
CSS,Đại học Cảnh Sát Nhân Dân,7860100|23A00|8,Nghiệp vụ An ninh (Địa bàn 8 - Nam),A00,19.71,
CSS,Đại học Cảnh Sát Nhân Dân,7860100|23A00|7,Nghiệp vụ An ninh (Địa bàn 7 - Nam),A00,19.4,
CSS,Đại học Cảnh Sát Nhân Dân,7860100|13A01|7,Nghiệp vụ An ninh (Địa bàn 7 - Nữ),A01,22.84,
CSS,Đại học Cảnh Sát Nhân Dân,7860100|13A01|6,Nghiệp vụ An ninh (Địa bàn 6 - Nữ),A01,22.08,
CSS,Đại học Cảnh Sát Nhân Dân,7860100|23C03|5,Nghiệp vụ An ninh (Địa bàn 5 - Nam),C03,20.45,
CSS,Đại học Cảnh Sát Nhân Dân,7860100|13D01|4,Nghiệp vụ An ninh (Địa bàn 4 - Nữ),D01,22.8,
CSS,Đại học Cảnh Sát Nhân Dân,7860100|23A00|4,Nghiệp vụ An ninh (Địa bàn 4 - Nam),A00,19.61,
CSS,Đại học Cảnh Sát Nhân Dân,7860100|13D01|8,Nghiệp vụ An ninh (Địa bàn 8 - Nữ),D01,15.94,
CSS,Đại học Cảnh Sát Nhân Dân,7860100|13D01|7,Nghiệp vụ An ninh (Địa bàn 7 - Nữ),D01,22.84,
CSS,Đại học Cảnh Sát Nhân Dân,7860100|13D01|6,Nghiệp vụ An ninh (Địa bàn 6 - Nữ),D01,22.08,
CSS,Đại học Cảnh Sát Nhân Dân,7860100|23A01|7,Nghiệp vụ An ninh (Địa bàn 7 - Nam),A01,19.4,
CSS,Đại học Cảnh Sát Nhân Dân,7860100|23A01|6,Nghiệp vụ An ninh (Địa bàn 6 - Nam),A01,17.95,
CSS,Đại học Cảnh Sát Nhân Dân,7860100|13A01|5,Nghiệp vụ An ninh (Địa bàn 5 - Nữ),A01,23.7,
CSS,Đại học Cảnh Sát Nhân Dân,7860100|23C03|4,Nghiệp vụ An ninh (Địa bàn 4 - Nam),C03,19.61,
CSS,Đại học Cảnh Sát Nhân Dân,7860100|23D01|4,Nghiệp vụ An ninh (Địa bàn 4 - Nam),D01,19.61,
CSS,Đại học Cảnh Sát Nhân Dân,7860100|23A01|8,Nghiệp vụ An ninh (Địa bàn 8 - Nam),A01,19.71,
CSS,Đại học Cảnh Sát Nhân Dân,7860100|13C03|8,Nghiệp vụ An ninh (Địa bàn 8 - Nữ),C03,15.94,
CSS,Đại học Cảnh Sát Nhân Dân,7860100|13C03|7,Nghiệp vụ An ninh (Địa bàn 7 - Nữ),C03,22.84,
CSS,Đại học Cảnh Sát Nhân Dân,7860100|13C03|6,Nghiệp vụ An ninh (Địa bàn 6 - Nữ),C03,22.08,
CSS,Đại học Cảnh Sát Nhân Dân,7860100|23D01|5,Nghiệp vụ An ninh (Địa bàn 5 - Nam),D01,20.45,
CSS,Đại học Cảnh Sát Nhân Dân,7860100|23A00|6,Nghiệp vụ An ninh (Địa bàn 6 - Nam),A00,17.95,
CSS,Đại học Cảnh Sát Nhân Dân,7860100|13A00|5,Nghiệp vụ An ninh (Địa bàn 5 - Nữ),A00,23.7,
CSS,Đại học Cảnh Sát Nhân Dân,7860100|23A01|4,Nghiệp vụ An ninh (Địa bàn 4 - Nam),A01,19.61,
CSS,Đại học Cảnh Sát Nhân Dân,7860100|23C03|8,Nghiệp vụ An ninh (Địa bàn 8 - Nam),C03,19.71,
CSS,Đại học Cảnh Sát Nhân Dân,7860100|13A00|8,Nghiệp vụ An ninh (Địa bàn 8 - Nữ),A00,15.94,
CSS,Đại học Cảnh Sát Nhân Dân,7860100|23C03|7,Nghiệp vụ An ninh (Địa bàn 7 - Nam),C03,19.4,
CSS,Đại học Cảnh Sát Nhân Dân,7860100|23C03|6,Nghiệp vụ An ninh (Địa bàn 6 - Nam),C03,17.95,
CSS,Đại học Cảnh Sát Nhân Dân,7860100|13C03|5,Nghiệp vụ An ninh (Địa bàn 5 - Nữ),C03,23.7,
CSS,Đại học Cảnh Sát Nhân Dân,7860100|13D01|5,Nghiệp vụ An ninh (Địa bàn 5 - Nữ),D01,23.7,
CSS,Đại học Cảnh Sát Nhân Dân,7860100|23A00|5,Nghiệp vụ An ninh (Địa bàn 5 - Nam),A00,20.45,
CSS,Đại học Cảnh Sát Nhân Dân,7860100|13A00|4,Nghiệp vụ An ninh (Địa bàn 4 - Nữ),A00,22.8,
CSS,Đại học Cảnh Sát Nhân Dân,7860100|13A01|8,Nghiệp vụ An ninh (Địa bàn 8 - Nữ),A01,15.94,
CSS,Đại học Cảnh Sát Nhân Dân,7860100|23D01|8,Nghiệp vụ An ninh (Địa bàn 8 - Nam),D01,19.71,
CSS,Đại học Cảnh Sát Nhân Dân,7860100|23D01|7,Nghiệp vụ An ninh (Địa bàn 7 - Nam),D01,19.4,
CSS,Đại học Cảnh Sát Nhân Dân,7860100|13A00|7,Nghiệp vụ An ninh (Địa bàn 7 - Nữ),A00,22.84,
CSS,Đại học Cảnh Sát Nhân Dân,7860100|13A00|6,Nghiệp vụ An ninh (Địa bàn 6 - Nữ),A00,22.08,
CSS,Đại học Cảnh Sát Nhân Dân,7860100|23D01|6,Nghiệp vụ An ninh (Địa bàn 6 - Nam),D01,17.95,
CSS,Đại học Cảnh Sát Nhân Dân,7860100|13C03|4,Nghiệp vụ An ninh (Địa bàn 4 - Nữ),C03,22.8,
CSS,Đại học Cảnh Sát Nhân Dân,7860100|23A01|5,Nghiệp vụ An ninh (Địa bàn 5 - Nam),A01,20.45,
CSS,Đại học Cảnh Sát Nhân Dân,7860100|13A01|4,Nghiệp vụ An ninh (Địa bàn 4 - Nữ),A01,22.8,
DMS,Đại học Tài chính Marketing,7340116,Bất động sản,A00 | A01 | D01 | D96,21.9,
DMS,Đại học Tài chính Marketing,7340116_TH,Bất động sản tích hợp,A00 | A01 | D01 | D96,21.1,
DMS,Đại học Tài chính Marketing,7340205,Công nghệ tài chính,A00 | A01 | D01 | D96,24.1,
DMS,Đại học Tài chính Marketing,7340405,Hệ thống thông tin,A00 | A01 | D01 | D96,24.4,
DMS,Đại học Tài chính Marketing,7340301,Kế toán,A00 | A01 | D01 | D96,24.6,
DMS,Đại học Tài chính Marketing,7340301_TH,Kế toán tích hợp,A00 | A01 | D01 | D96,23,
DMS,Đại học Tài chính Marketing,7340120_TH,Kinh doanh quốc tế tích hợp,A00 | A01 | D01 | D96,24.7,
DMS,Đại học Tài chính Marketing,7340120TATP,Kinh doanh quốc tế (tiếng Anh toàn phần),A00 | A01 | D01 | D96,25.8,
DMS,Đại học Tài chính Marketing,7310101,Kinh tế,A00 | A01 | D01 | D96,24.8,
DMS,Đại học Tài chính Marketing,7380107,Luật kinh tế,A00 | A01 | D01 | D96,24.8,
DMS,Đại học Tài chính Marketing,7340115_TH,Marketing tích hợp,A00 | A01 | D01 | D96,24.9,
DMS,Đại học Tài chính Marketing,7340115TATP,Marketing (tiếng Anh toàn phần),A00 | A01 | D01 | D96,26,
DMS,Đại học Tài chính Marketing,7340115,Marketing,A00 | A01 | D01 | D96,25.9,
DMS,Đại học Tài chính Marketing,7340120,Ngành Kinh doanh quốc tế,A00 | A01 | D01 | D96,25.8,
DMS,Đại học Tài chính Marketing,7810201D,Ngành Quản trị khách sạn,D01 | D72 | D78 | D96,23.4,
DMS,Đại học Tài chính Marketing,7220201,Ngôn ngữ Anh,D01 | D72 | D78 | D96,24,
DMS,Đại học Tài chính Marketing,7340101TATP,Quản trị kinh doanh (tiếng Anh toàn phần),A00 | A01 | D01 | D96,23.3,
DMS,Đại học Tài chính Marketing,7340101,Quản trị Kinh doanh,A00 | A01 | D01 | D96,24.6,
DMS,Đại học Tài chính Marketing,7810103D,Quản trị dịch vụ du lịch và lữ hành,D01 | D72 | D78 | D96,23.7,
DMS,Đại học Tài chính Marketing,7810202D,Quan trị nhà hàng vả dịch vụ ăn uống (hệ Đại trả),D01 | D72 | D78 | D96,22.6,
DMS,Đại học Tài chính Marketing,7340101_TH,Quản trị kinh doanh tích hợp,A00 | A01 | D01 | D96,23.4,
DMS,Đại học Tài chính Marketing,7340201,Tài chính – Ngân hàng,A00 | A01 | D01 | D96,24.2,
DMS,Đại học Tài chính Marketing,7340201_TH,Tài chính – Ngân hàng tích hợp,A00 | A01 | D01 | D96,23.1,
DMS,Đại học Tài chính Marketing,7310108,Toán kinh tế,A00 | A01 | D01 | D96,23.6,
VLU,Đại học Sư phạm Kỹ thuật Vĩnh Long,7510102_NB,CN kỹ thuật công tình xây dựng (làm việc tại Nhật Bản),A00,15,
VLU,Đại học Sư phạm Kỹ thuật Vĩnh Long,7510205_CLC,Công nghệ kỹ thuật ô tô CLC liên kết quốc tế 2+2 với Đại học TONGMYONG Hàn Quốc,A00,15,
VLU,Đại học Sư phạm Kỹ thuật Vĩnh Long,7510203_CLC,Công nghệ kỹ thuật điều khiển và tự động hóa CLC liên kết quốc tế 2+2 với Đại học TONGMYONG Hàn Quốc,A00,15,
VLU,Đại học Sư phạm Kỹ thuật Vĩnh Long,7510202_NB,Công nghệ chế tạo máy (làm việc tại Nhật Bản),A00,15,
VLU,Đại học Sư phạm Kỹ thuật Vĩnh Long,7510104_NB,Công nghệ Kỹ thuật giao thông (làm việc tại Nhật Bản),A00,15,
VLU,Đại học Sư phạm Kỹ thuật Vĩnh Long,7510102,Công nghệ kỹ thuật xây dựng dân dụng và công nghiệp,A00,15,
VLU,Đại học Sư phạm Kỹ thuật Vĩnh Long,7480201,Công nghệ thông tin,A00,15,
VLU,Đại học Sư phạm Kỹ thuật Vĩnh Long,7510203,Công nghệ kỹ thuật cơ điện tử,A00,15,
VLU,Đại học Sư phạm Kỹ thuật Vĩnh Long,7480201_CLC,Công nghệ thông tin (Chất lượng cao): Chương trình đào tạo đạt chuẩn kiểm định quốc tế AUN-QA,A00,15,
VLU,Đại học Sư phạm Kỹ thuật Vĩnh Long,7510303_CLC,Công nghệ kỹ thuật điều khiển và tự động hóa chất lượng cao,A00,15,
VLU,Đại học Sư phạm Kỹ thuật Vĩnh Long,7510303_NB,Công nghệ kỹ thuật điều khiển và tự động hóa (làm việc tại Nhật Bản),A00,15,
VLU,Đại học Sư phạm Kỹ thuật Vĩnh Long,7420201,Công nghệ sinh học,B00,15,
VLU,Đại học Sư phạm Kỹ thuật Vĩnh Long,7540104,Công nghệ sau thu hoạch,B00,15,
VLU,Đại học Sư phạm Kỹ thuật Vĩnh Long,7510206,Công nghệ kỹ thuật nhiệt,A00,15,
VLU,Đại học Sư phạm Kỹ thuật Vĩnh Long,7510301,"Công nghệ kỹ thuật điện, điện tử",A00,15,
VLU,Đại học Sư phạm Kỹ thuật Vĩnh Long,7510201_CLC,Công nghệ kỹ thuật cơ khí CLC liên kết quốc tế 2+2 với Đại học TONGMYONG Hàn Quốc,A00,15,
VLU,Đại học Sư phạm Kỹ thuật Vĩnh Long,7540101_CLC,Công nghệ thực phẩm CLC liên kết quốc tế 2+2 với Đại học TONGMYONG Hàn Quốc,B00,15,
VLU,Đại học Sư phạm Kỹ thuật Vĩnh Long,7540101_NB,Công nghệ thực phẩm (làm việc tại Nhật Bản),B00,15,
VLU,Đại học Sư phạm Kỹ thuật Vĩnh Long,7510201_NB,Công nghệ kỹ thuật cơ khí (làm việc tại Nhật Bản),A00,15,
VLU,Đại học Sư phạm Kỹ thuật Vĩnh Long,7760101,Công tác xã hội,A01,15,
VLU,Đại học Sư phạm Kỹ thuật Vĩnh Long,7540101,Công nghệ thực phẩm,B00,15,
VLU,Đại học Sư phạm Kỹ thuật Vĩnh Long,7510202,Công nghệ chế tạo máy,A00,15,
VLU,Đại học Sư phạm Kỹ thuật Vĩnh Long,7420201_NB,Công nghệ sinh học (làm việc tại Nhật Bản),B00,15,
VLU,Đại học Sư phạm Kỹ thuật Vĩnh Long,7510301_NB,"Công nghệ kỹ thuật điện, điện tử (làm việc tại Nhật Bản)",A00,15,
VLU,Đại học Sư phạm Kỹ thuật Vĩnh Long,7510104,Công nghệ kỹ thuật giao thông (chuyên ngành Xây dựng cầu đường),A00,15,
VLU,Đại học Sư phạm Kỹ thuật Vĩnh Long,7510205,Công nghệ kỹ thuật ô tô,A00,15,
VLU,Đại học Sư phạm Kỹ thuật Vĩnh Long,7510303,Công nghệ kỹ thuật điều khiển và tự động hóa,A00,15,
VLU,Đại học Sư phạm Kỹ thuật Vĩnh Long,7510301_CLC,"Công nghệ kỹ thuật điện, điện tử chất lượng cao",A00,15,
VLU,Đại học Sư phạm Kỹ thuật Vĩnh Long,7510205_NB,Công nghệ kỹ thuật ô tô (làm việc tại Nhật Bản),A00,15,
VLU,Đại học Sư phạm Kỹ thuật Vĩnh Long,7510201,Công nghệ kỹ thuật cơ khí (chuyên ngành Cơ khí chế tạo),A00,15,
VLU,Đại học Sư phạm Kỹ thuật Vĩnh Long,7810101_CLC,Du lịch CLC liên kết quốc tế 2+2 với Đại học TONGMYONG Hàn Quốc,A01,15,
VLU,Đại học Sư phạm Kỹ thuật Vĩnh Long,7810101,Du lịch,A01,15,
VLU,Đại học Sư phạm Kỹ thuật Vĩnh Long,7140101,Giáo dục học,A01,15,
VLU,Đại học Sư phạm Kỹ thuật Vĩnh Long,7480101,Khoa học máy tính,A00,15,
VLU,Đại học Sư phạm Kỹ thuật Vĩnh Long,7480101_CLC,Khoa học máy tính chương trình chất lượng cao,A00,15,
VLU,Đại học Sư phạm Kỹ thuật Vĩnh Long,7310101_CLC,Kinh tế CLC liên kết quốc tế 2+2 với Đại học TONGMYONG Hàn Quốc,A00,15,
VLU,Đại học Sư phạm Kỹ thuật Vĩnh Long,7310101,Kinh tế,A00,15,
VLU,Đại học Sư phạm Kỹ thuật Vĩnh Long,7520116,Kỹ thuật cơ khí động lực,A00,15,
VLU,Đại học Sư phạm Kỹ thuật Vĩnh Long,7520116_CLC,Kỹ thuật cơ khí động lực CLC liên kết quốc tế 2+2 với Đại học TONGMYONG Hàn Quốc,A00,15,
VLU,Đại học Sư phạm Kỹ thuật Vĩnh Long,7520116_NB,Kỹ thuật cơ khí độc lực (làm việc tại Nhật Bản),A00,15,
VLU,Đại học Sư phạm Kỹ thuật Vĩnh Long,7520301,Kỹ thuật hóa học,B00,15,
VLU,Đại học Sư phạm Kỹ thuật Vĩnh Long,7520130,Kỹ thuật ô tô,A00,15,
VLU,Đại học Sư phạm Kỹ thuật Vĩnh Long,7510605,Logistics và Quản lý chuỗi cung ứng,A00,15,
VLU,Đại học Sư phạm Kỹ thuật Vĩnh Long,7510605_CLC,Logistics và Quản lý chuỗi cung ứng CLC liên kết quốc tế 2+2 với Đại học TONGMYONG Hàn Quốc,A00,15,
VLU,Đại học Sư phạm Kỹ thuật Vĩnh Long,7380101,Ngành Luật,A01,15,
VLU,Đại học Sư phạm Kỹ thuật Vĩnh Long,7340120,Ngành Kinh doanh quốc tế,A00,15,
VLU,Đại học Sư phạm Kỹ thuật Vĩnh Long,7810103,Quản trị dịch vụ du lịch và lữ hành,A01,15,
VLU,Đại học Sư phạm Kỹ thuật Vĩnh Long,7140114,Quản lý giáo dục,A01,15,
VLU,Đại học Sư phạm Kỹ thuật Vĩnh Long,7140246,Sư phạm công nghệ,A01,19,
VLU,Đại học Sư phạm Kỹ thuật Vĩnh Long,7640101,Thú y,B00,15,
VLU,Đại học Sư phạm Kỹ thuật Vĩnh Long,7340122,Thương mại điện tử,A00,15,
VLU,Đại học Sư phạm Kỹ thuật Vĩnh Long,7320104,Truyền thông đa phương tiện,A00,15,
DVH,Đại học Văn Hiến,7540101,Công nghệ thực phẩm,A00 | A02 | B00 | D07,16.4,
DVH,Đại học Văn Hiến,7420201,Công nghệ sinh học,A00 | A02 | B00 | D07,16.15,
DVH,Đại học Văn Hiến,7480201,Công nghệ thông tin,A00 | A01 | C01 | D01,23.51,
DVH,Đại học Văn Hiến,7340205,Công nghệ tài chính,A00 | A01 | D01 | D07,15.75,
DVH,Đại học Văn Hiến,7720301,Điều dưỡng,A00 | B00 | C08 | D07,19.5,
DVH,Đại học Văn Hiến,7310608,Đông phương học,A01 | C00 | D01 | D15,17,
DVH,Đại học Văn Hiến,7810101,Du lịch,A00 | C00 | C04 | D01,17,
DVH,Đại học Văn Hiến,7340301,Kế toán,A00 | A01 | C04 | D01,23,
DVH,Đại học Văn Hiến,7480101,Khoa học máy tính,A00 | A01 | C01 | D01,16.15,
DVH,Đại học Văn Hiến,7310101,Kinh tế,A00 | A01 | C04 | D01,16,
DVH,Đại học Văn Hiến,7340121,Kinh doanh thương mại,A00 | A01 | C04 | D01,15.4,
DVH,Đại học Văn Hiến,7510605,Logistics và Quản lý chuỗi cung ứng,A00 | A01 | C04 | D01,23.5,
DVH,Đại học Văn Hiến,7340115,Marketing,A00 | A01 | C04 | D01,23,
DVH,Đại học Văn Hiến,7380101,Ngành Luật,A00 | A01 | C04 | D01,16.05,
DVH,Đại học Văn Hiến,7520207,Ngành Kỹ thuật điện tử truyền thông,A00 | A01 | C01 | D01,15.15,
DVH,Đại học Văn Hiến,7520320,Ngành Kỹ thuật môi trường,A00 | A02 | B00 | D07,18,
DVH,Đại học Văn Hiến,7220204,Ngôn ngữ Trung Quốc,A01 | D01 | D10 | D15,23.51,
DVH,Đại học Văn Hiến,7220209,Ngôn ngữ Nhật,A01 | D01 | D10 | D15,16,
DVH,Đại học Văn Hiến,7220203,Ngôn ngữ Pháp,A01 | D01 | D10 | D15,17.25,
DVH,Đại học Văn Hiến,7220201,Ngôn ngữ Anh,A01 | D01 | D10 | D15,24,
DVH,Đại học Văn Hiến,7210208,Piano,N00,17.75,
DVH,Đại học Văn Hiến,7320108,Quan hệ công chúng,C00 | D01 | D14 | D15,24,
DVH,Đại học Văn Hiến,7810201,Quản trị khách sạn,A00 | C00 | C04 | D01,23.5,
DVH,Đại học Văn Hiến,7810103,Quản trị dịch vụ du lịch và lữ hành,A00 | C00 | C04 | D01,22.5,
DVH,Đại học Văn Hiến,7340101,Quản trị Kinh doanh,A00 | A01 | C04 | D01,17,
DVH,Đại học Văn Hiến,7340201,Tài chính – Ngân hàng,A00 | A01 | C04 | D01,23,
DVH,Đại học Văn Hiến,7310401,Tâm lý học,A00 | B00 | C00 | D01,23.5,
DVH,Đại học Văn Hiến,7210205,Thanh nhạc,N00,18.25,
DVH,Đại học Văn Hiến,7340122,Thương mại điện tử,A00 | A01 | C04 | D01,23,
DVH,Đại học Văn Hiến,7320104,Truyền thông đa phương tiện,A00 | A01 | C01 | D01,24.03,
DVH,Đại học Văn Hiến,7229030,Văn học,C00 | D01 | D14 | D15,16.3,
DVH,Đại học Văn Hiến,7229040,Văn hoá học,C00 | D01 | D14 | D15,19,
DVH,Đại học Văn Hiến,7310630,Việt Nam học,C00 | D01 | D14 | D15,18,
DVH,Đại học Văn Hiến,7310301,Xã hội học,A00 | C00 | C04 | D01,16.5,
NTU,Đại học Nguyễn Trãi,7480201,Công nghệ thông tin,A00 | A01 | C04 | D01,22,
NTU,Đại học Nguyễn Trãi,7340301,Kế toán,A00 | A07 | C04 | D01,20,
NTU,Đại học Nguyễn Trãi,7580101,Kiến trúc,A00 | A07 | C02 | C04,20,
NTU,Đại học Nguyễn Trãi,7220209,Ngôn ngữ Nhật,A01 | C00 | D01 | D63,20,
NTU,Đại học Nguyễn Trãi,7340101,Quản trị Kinh doanh,A00 | A07 | C14 | D01,22,
NTU,Đại học Nguyễn Trãi,7320108,Quan hệ công chúng,C00 | C14 | C19 | D01,20,
NTU,Đại học Nguyễn Trãi,7310601,Quốc tế học,A01 | C00 | C04 | D01,22,
NTU,Đại học Nguyễn Trãi,7210403,Thiết kế đồ họa,C01 | C03 | C04 | C15,22,
DHL,Đại học Nông Lâm - Đại học Huế,7620112,Bảo vệ thực vật,A00 | B00 | B04 | D08,15,
DHL,Đại học Nông Lâm - Đại học Huế,7340116,Bất động sản,A00 | B00 | C00 | C04,15,
DHL,Đại học Nông Lâm - Đại học Huế,7620302,Bệnh học thủy sản,A00 | B00 | D01 | D08,15,
DHL,Đại học Nông Lâm - Đại học Huế,7620105,Chăn nuôi,A00 | A02 | B00 | D08,16,
DHL,Đại học Nông Lâm - Đại học Huế,7510201,Công nghệ kỹ thuật cơ khí (chuyên ngành Cơ khí chế tạo),A00 | A01 | A02 | B00,15,
DHL,Đại học Nông Lâm - Đại học Huế,7540101,Công nghệ thực phẩm,A00 | B00 | B04 | D08,16,
DHL,Đại học Nông Lâm - Đại học Huế,7540106,Đảm bảo chất lượng và an toàn thực phẩm,A00 | B00 | B04 | D08,15,
DHL,Đại học Nông Lâm - Đại học Huế,7620301,ĐH Nuôi trồng thủy sản,A00 | B00 | D01 | D08,15,
DHL,Đại học Nông Lâm - Đại học Huế,7620110,Khoa học cây trồng,A00 | B00 | B04 | D08,15,
DHL,Đại học Nông Lâm - Đại học Huế,7620102,Khuyến nông,A07 | B04 | C00 | C04,15,
DHL,Đại học Nông Lâm - Đại học Huế,7620119,Kinh doanh và khởi nghiệp nông thôn,A07 | C00 | C04 | D10,15,
DHL,Đại học Nông Lâm - Đại học Huế,7580210,Kỹ thuật cơ sở hạ tầng,A00 | A01 | A02 | B00,15,
DHL,Đại học Nông Lâm - Đại học Huế,7520114,Kỹ thuật cơ điện tử,A00 | A01 | A02 | B00,15,
DHL,Đại học Nông Lâm - Đại học Huế,7620210,Lâm nghiệp,A00 | A02 | B00 | B04,15,
DHL,Đại học Nông Lâm - Đại học Huế,7620118,Nông nghiệp công nghệ cao,A00 | B00 | B04 | D08,15,
DHL,Đại học Nông Lâm - Đại học Huế,7620109,Nông học,A00 | B00 | B04 | D08,15,
DHL,Đại học Nông Lâm - Đại học Huế,7620116,Phát triển nông thôn,A07 | B04 | C00 | C04,15,
DHL,Đại học Nông Lâm - Đại học Huế,7620305,Quản lý thủy sản,A00 | B00 | D01 | D08,15,
DHL,Đại học Nông Lâm - Đại học Huế,7850103,Quản lý đất đai,A00 | B00 | C00 | C04,15,
DHL,Đại học Nông Lâm - Đại học Huế,7620211,Quản lý tài nguyên rừng,A00 | A02 | B00 | B04,15,
DHL,Đại học Nông Lâm - Đại học Huế,7640101,Thú y,A00 | A02 | B00 | D08,18,
DHE,Khoa Kỹ thuật và Công Nghệ - ĐH Huế,7480112KS,Khoa học dữ liệu và trí tuệ nhân tạo (hệ kỹ sư),A00 | A01 | D01,18.2,
DHE,Khoa Kỹ thuật và Công Nghệ - ĐH Huế,7480112,Khoa học dữ liệu và trí tuệ nhân tạo,A00 | A01 | D01,18.2,
DHE,Khoa Kỹ thuật và Công Nghệ - ĐH Huế,7580301,Kinh tế xây dựng,A00 | A01 | C01 | D01,15.75,
DHE,Khoa Kỹ thuật và Công Nghệ - ĐH Huế,7520201,Kỹ thuật điện,A00 | A01 | D01,16.5,
DHE,Khoa Kỹ thuật và Công Nghệ - ĐH Huế,7580201,Kỹ thuật xây dựng,A00 | A01 | C01 | D01,15.75,
DHE,Khoa Kỹ thuật và Công Nghệ - ĐH Huế,7520216,Ngành Kỹ thuật điều khiển & Tự động hóa,A00 | A01 | D01,17.5,
VUI,Đại Học Công Nghiệp Việt Trì,7540101,Công nghệ thực phẩm,D14,16,
VUI,Đại Học Công Nghiệp Việt Trì,7510301,"Công nghệ kỹ thuật điện, điện tử",D14,18,
VUI,Đại Học Công Nghiệp Việt Trì,7510406,Công nghệ kỹ thuật Môi trường,D14,15,
VUI,Đại Học Công Nghiệp Việt Trì,7510205,Công nghệ kỹ thuật ô tô,D14,18,
VUI,Đại Học Công Nghiệp Việt Trì,7510401,Công nghệ kỹ thuật hoá học,D14,16,
VUI,Đại Học Công Nghiệp Việt Trì,7480201,Công nghệ thông tin,D14,18,
VUI,Đại Học Công Nghiệp Việt Trì,7510303,Công nghệ kỹ thuật điều khiển và tự động hóa,D14,16,
VUI,Đại Học Công Nghiệp Việt Trì,7420201,Công nghệ sinh học,D14,15,
VUI,Đại Học Công Nghiệp Việt Trì,7510201,Công nghệ kỹ thuật cơ khí (chuyên ngành Cơ khí chế tạo),D14,16,
VUI,Đại Học Công Nghiệp Việt Trì,7440112,Hóa học,D14,16,
VUI,Đại Học Công Nghiệp Việt Trì,7340301,Kế toán,D01,17,
VUI,Đại Học Công Nghiệp Việt Trì,7220201,Ngôn ngữ Anh,D01,17,
VUI,Đại Học Công Nghiệp Việt Trì,7340101,Quản trị Kinh doanh,D01,16,
DLA,Đại học Kinh tế Công nghiệp Long An,7480201,Công nghệ thông tin,A00,15,
DLA,Đại học Kinh tế Công nghiệp Long An,7510103,Công nghệ kỹ thuật xây dựng (chuyên ngành Xây dựng dân dụng & Công nghiệp),A00,15,
DLA,Đại học Kinh tế Công nghiệp Long An,7340301,Kế toán,A00,15,
DLA,Đại học Kinh tế Công nghiệp Long An,7380107,Luật kinh tế,A00,15,
DLA,Đại học Kinh tế Công nghiệp Long An,7220201,Ngôn ngữ Anh,D01,15,
DLA,Đại học Kinh tế Công nghiệp Long An,7810103,Quản trị dịch vụ du lịch và lữ hành,D01,17,
DLA,Đại học Kinh tế Công nghiệp Long An,7340101,Quản trị Kinh doanh,A01,15,
DLA,Đại học Kinh tế Công nghiệp Long An,7340201,Tài chính – Ngân hàng,A08,15,
SPH,Đại học Sư phạm Hà Nội,7310201C,Chính trị học (Sư phạm Triết học),D66 | D68 | D70,25.05,
SPH,Đại học Sư phạm Hà Nội,7310201B,Chính trị học (Sư phạm Triết học),C19,26.62,
SPH,Đại học Sư phạm Hà Nội,7480201A,Công nghệ thông tin,A00,23.7,
SPH,Đại học Sư phạm Hà Nội,7760101C,Công tác xã hội,C00,23.48,
SPH,Đại học Sư phạm Hà Nội,7480201B,Công nghệ thông tin,A01,23.56,
SPH,Đại học Sư phạm Hà Nội,7760101D,Công tác xã hội,D01 | D02 | D03,22.75,
SPH,Đại học Sư phạm Hà Nội,7140204B,Giáo dục công dân,C19,27.83,
SPH,Đại học Sư phạm Hà Nội,7140205B,Giáo dục chính trị,C19,28.13,
SPH,Đại học Sư phạm Hà Nội,7140201C,Giáo dục Mầm non,M02,22.35,
SPH,Đại học Sư phạm Hà Nội,7140208D,Giáo dục Quốc phòng - An ninh,D01 | D02 | D03,25.05,
SPH,Đại học Sư phạm Hà Nội,7140201B,Giáo dục Mầm non,M01,20.63,
SPH,Đại học Sư phạm Hà Nội,7140203D,Giáo dục Đặc biệt,D01 | D02 | D03,26.83,
SPH,Đại học Sư phạm Hà Nội,7140206,Giáo dục Thể chất,T01,22.85,
SPH,Đại học Sư phạm Hà Nội,7140202B,Giáo dục Tiểu học,D01,26.96,
SPH,Đại học Sư phạm Hà Nội,7140204C,Giáo dục công dân,C20,27.31,
SPH,Đại học Sư phạm Hà Nội,7140205C,Giáo dục chính trị,C20,27.47,
SPH,Đại học Sư phạm Hà Nội,7140202A,Giáo dục Tiểu học,D01 | D02 | D03,26.62,
SPH,Đại học Sư phạm Hà Nội,7140208C,Giáo dục Quốc phòng – An ninh,C00,26.5,
SPH,Đại học Sư phạm Hà Nội,7140203C,Giáo dục Đặc biệt,C00,27.9,
SPH,Đại học Sư phạm Hà Nội,7140201A,Giáo dục Mầm non,M00,22.25,
SPH,Đại học Sư phạm Hà Nội,7760103C,Hỗ trợ giáo dục người khuyết tật,C00,22.5,
SPH,Đại học Sư phạm Hà Nội,7760103D,Hỗ trợ giáo dục người khuyết tật,D01 | D02 | D03,21.45,
SPH,Đại học Sư phạm Hà Nội,7440112A,Hóa học phân tích môi trường,A00,22.75,
SPH,Đại học Sư phạm Hà Nội,7440112B,Hoá học,B00,22.1,
SPH,Đại học Sư phạm Hà Nội,7220201,Ngôn ngữ Anh,D01,26.6,
SPH,Đại học Sư phạm Hà Nội,7220204B,Ngôn ngữ Trung Quốc,D04,26.12,
SPH,Đại học Sư phạm Hà Nội,7220204A,Ngôn ngữ Trung Quốc (Chuyên ngành Trung - Anh),D01,26.56,
SPH,Đại học Sư phạm Hà Nội,7810103D,Quản trị dịch vụ du lịch và lữ hành,D15,23.65,
SPH,Đại học Sư phạm Hà Nội,7810103C,Quản trị dịch vụ du lịch và lữ hành,C00,25.8,
SPH,Đại học Sư phạm Hà Nội,7140114D,Quản lí giáo dục,D01 | D02 | D03,24.8,
SPH,Đại học Sư phạm Hà Nội,7140114C,Quản lý giáo dục,C20,26.5,
SPH,Đại học Sư phạm Hà Nội,7420101B,Sinh học,B00,20.71,
SPH,Đại học Sư phạm Hà Nội,7420101D,Sinh học,D08 | D32 | D34,19.63,
SPH,Đại học Sư phạm Hà Nội,7140211D,SP Vật lý,A01,25.8,
SPH,Đại học Sư phạm Hà Nội,7140231A,Sư phạm Tiếng Anh,D01,27.54,
SPH,Đại học Sư phạm Hà Nội,7140233D,Sư phạm Tiếng Pháp,D01 | D02 | D03,25.73,
SPH,Đại học Sư phạm Hà Nội,7140219C,Sư phạm Địa lý,C00,27.67,
SPH,Đại học Sư phạm Hà Nội,7140213B,Sư phạm Sinh học (đào tạo GV THCS),B00,24.93,
SPH,Đại học Sư phạm Hà Nội,7140211C,Sư phạm Vật lý,A00,25.36,
SPH,Đại học Sư phạm Hà Nội,7140209A,Sư phạm Toán học,A00,26.23,
SPH,Đại học Sư phạm Hà Nội,7140222B,Sư phạm Mỹ thuật,H02,19.94,
SPH,Đại học Sư phạm Hà Nội,7140233C,Sư phạm Tiếng Pháp,D15 | D42 | D44,25.61,
SPH,Đại học Sư phạm Hà Nội,7140219B,Sư phạm Địa lý,C04,26.05,
SPH,Đại học Sư phạm Hà Nội,7140212B,Sư phạm Hóa học (đào tạo GV THCS),D07,26.36,
SPH,Đại học Sư phạm Hà Nội,7140211B,Sư phạm Vật lý (đào tạo GV THCS),A01,25.95,
SPH,Đại học Sư phạm Hà Nội,7140210B,Sư phạm Tin học,A01,23.66,
SPH,Đại học Sư phạm Hà Nội,7140246C,Sư phạm Công nghệ,C01,20.15,
SPH,Đại học Sư phạm Hà Nội,7140221B,Sư phạm Âm nhạc,N02,18.5,
SPH,Đại học Sư phạm Hà Nội,7140217C,Sư phạm Ngữ văn,C00,27.83,
SPH,Đại học Sư phạm Hà Nội,7140218C,Sư phạm Lịch sử,C00,28.42,
SPH,Đại học Sư phạm Hà Nội,7140212A,Sư phạm Hóa học (đào tạo GV THPT),A00,26.13,
SPH,Đại học Sư phạm Hà Nội,7140209D,Sư phạm Toán học (dạy Toán bằng tiếng Anh),D01,27.43,
SPH,Đại học Sư phạm Hà Nội,7140246A,Sư phạm Công nghệ,A00,21.15,
SPH,Đại học Sư phạm Hà Nội,7140221A,Sư phạm Âm nhạc,N01,19.55,
SPH,Đại học Sư phạm Hà Nội,7140213D,Sư phạm Sinh học (dạy Sinh bằng tiếng Anh),D08,22.85,
SPH,Đại học Sư phạm Hà Nội,7140217D,Sư phạm Ngữ văn,D01 | D02 | D03,26.4,
SPH,Đại học Sư phạm Hà Nội,7140209B,Sư phạm Toán học,A00,27.63,
SPH,Đại học Sư phạm Hà Nội,7140218D,Sư phạm Lịch sử,D14,27.76,
SPH,Đại học Sư phạm Hà Nội,7140222A,Sư phạm Mĩ thuật,H01,18.3,
SPH,Đại học Sư phạm Hà Nội,7140212C,Sư phạm hoá học,B00,26.68,
SPH,Đại học Sư phạm Hà Nội,7140211A,Sư phạm Vật lý (đào tạo GV THPT),A00,25.89,
SPH,Đại học Sư phạm Hà Nội,7140210A,Sư phạm Tin học (đào tạo giáo viên dạy Tin học bằng tiếng Anh),A00,24.2,
SPH,Đại học Sư phạm Hà Nội,7310403D,Tâm lý học giáo dục,D01 | D02 | D03,25.7,
SPH,Đại học Sư phạm Hà Nội,7310401D,Tâm lý học,D01 | D02 | D03,25.15,
SPH,Đại học Sư phạm Hà Nội,7310401C,Tâm lý học,C00,25.89,
SPH,Đại học Sư phạm Hà Nội,7310403C,Tâm lý học giáo dục,C00,26.5,
SPH,Đại học Sư phạm Hà Nội,7460101D,Toán học,D01,25.02,
SPH,Đại học Sư phạm Hà Nội,7460101A,Toán học,A00,25.31,
SPH,Đại học Sư phạm Hà Nội,7229001C,Triết học,C00,24.2,
SPH,Đại học Sư phạm Hà Nội,7229001B,Triết học,C19,25.8,
SPH,Đại học Sư phạm Hà Nội,7229030C,Văn học,C00,26.5,
SPH,Đại học Sư phạm Hà Nội,7229030D,Văn học,D01 | D02 | D03,25.4,
SPH,Đại học Sư phạm Hà Nội,7310630C,Việt Nam học,C00,24.87,
SPH,Đại học Sư phạm Hà Nội,7310630D,Việt Nam học,D15,22.75,
DPQ,Đại học Phạm Văn Đồng,7480201,Công nghệ thông tin,A00,15,
DPQ,Đại học Phạm Văn Đồng,7510201,Công nghệ kỹ thuật cơ khí (chuyên ngành Cơ khí chế tạo),A00,15,
DPQ,Đại học Phạm Văn Đồng,51140201,Giáo dục Mầm non,M00,20.35,
DPQ,Đại học Phạm Văn Đồng,7140202,Giáo dục Tiểu học,A00,22.55,
DPQ,Đại học Phạm Văn Đồng,7310105,Kinh tế phát triển,A10,15,
DPQ,Đại học Phạm Văn Đồng,7520114,Kỹ thuật cơ điện tử,A00,15,
DPQ,Đại học Phạm Văn Đồng,7340101,Quản trị Kinh doanh,A10,15,
DPQ,Đại học Phạm Văn Đồng,7140231,Sư phạm Tiếng Anh,D01,23.2,
DPQ,Đại học Phạm Văn Đồng,7140211,Sư phạm Vật lý,A00,19,
DPQ,Đại học Phạm Văn Đồng,7140210,Sư phạm Tin học (Chuyên ngành Tin học – Công nghệ Tiểu học),A00,19,
DPQ,Đại học Phạm Văn Đồng,7140217,Sư phạm Ngữ văn,C00,23.2,
DPQ,Đại học Phạm Văn Đồng,7140209,Sư phạm Toán học,A00,22.35,
CEA,Đại học Kinh Tế Nghệ An,7480201,Công nghệ thông tin,A00,16.5,
CEA,Đại học Kinh Tế Nghệ An,7340301,Kế toán,A00,16,
CEA,Đại học Kinh Tế Nghệ An,7310109 (trước 2023),Kinh tế tài chính,A00,20,
CEA,Đại học Kinh Tế Nghệ An,7310101,Kinh tế,A00,16.5,
CEA,Đại học Kinh Tế Nghệ An,7620201,Lâm học,A00,23,
CEA,Đại học Kinh Tế Nghệ An,7340115,Marketing,A00,16.5,
CEA,Đại học Kinh Tế Nghệ An,7620101,Nông nghiệp,A00,16,
CEA,Đại học Kinh Tế Nghệ An,7340101,Quản trị Kinh doanh,A00,16.5,
CEA,Đại học Kinh Tế Nghệ An,7850103,Quản lý đất đai,A00,16,
CEA,Đại học Kinh Tế Nghệ An,7340201,Tài chính – Ngân hàng,A00,16,
CEA,Đại học Kinh Tế Nghệ An,7640101,Thú y,A00,16,
QSY,Khoa Y - Đại học Quốc Gia TP HCM,7720301,Điều dưỡng,B00,19.65,
QSY,Khoa Y - Đại học Quốc Gia TP HCM,7720201,Dược học,A00 | B00,25.12,
QSY,Khoa Y - Đại học Quốc Gia TP HCM,7720201_A,Dược học (kết hợp chứng chỉ quốc tế),A00,23.55,
QSY,Khoa Y - Đại học Quốc Gia TP HCM,7720501_A,Răng - Hàm - Mặt (kết hợp chứng chỉ quốc tế),B00,25.55,
QSY,Khoa Y - Đại học Quốc Gia TP HCM,7720501,Răng- Hàm -Mặt,B00,26.05,
QSY,Khoa Y - Đại học Quốc Gia TP HCM,7720115_A,Y học cổ truyền (kết hợp chứng chỉ quốc tế),B00,22.65,
QSY,Khoa Y - Đại học Quốc Gia TP HCM,7720101,Y khoa,B00,26.15,
QSY,Khoa Y - Đại học Quốc Gia TP HCM,7720115,Y học cổ truyền,B00,23.75,
QSY,Khoa Y - Đại học Quốc Gia TP HCM,7720101_A,Y khoa (kết hợp chứng chỉ quốc tế),B00,25.25,
HQT,Học viện Ngoại giao,HQT08-01,Hàn Quốc học,C00,28.2,
HQT,Học viện Ngoại giao,HQT08-01,Hàn Quốc học,A01 | D01 | D07,26.7,
HQT,Học viện Ngoại giao,HQT08-02,Hoa Kỳ học,C00,27.9,
HQT,Học viện Ngoại giao,HQT08-02,Hoa Kỳ học,A01 | D01 | D07,26.4,
HQT,Học viện Ngoại giao,HQT06,Kinh doanh quốc tế,A01 | D01 | D07,26.8,
HQT,Học viện Ngoại giao,HQT06,Kinh doanh quốc tế,A00 | D03 | D04 | D06,25.8,
HQT,Học viện Ngoại giao,HQT03,Kinh tế quốc tế,A01 | D01 | D07,26.76,
HQT,Học viện Ngoại giao,HQT03,Kinh tế quốc tế,A00 | D03 | D04 | D06,25.76,
HQT,Học viện Ngoại giao,HQT04,Luật quốc tế,A01 | D01 | D07,26.52,
HQT,Học viện Ngoại giao,HQT07,Luật thương mại quốc tế,D03 | D04 | D06,25.7,
HQT,Học viện Ngoại giao,HQT04,Luật quốc tế,C00,28.02,
HQT,Học viện Ngoại giao,HQT07,Luật thương mại quốc tế,A01 | D01 | D07,26.7,
HQT,Học viện Ngoại giao,HQT04,Luật quốc tế,D03 | D04 | D06,25.52,
HQT,Học viện Ngoại giao,HQT07,Luật thương mại quốc tế,C00,28.2,
HQT,Học viện Ngoại giao,HQT02,Ngôn ngữ Anh,A01 | D01 | D07,35.99,
HQT,Học viện Ngoại giao,HQT08-03,Nhật Bản học,D06,25.27,
HQT,Học viện Ngoại giao,HQT08-03,Nhật Bản học,A01 | D01 | D07,26.27,
HQT,Học viện Ngoại giao,HQT08-03,Nhật Bản học,C00,27.77,
HQT,Học viện Ngoại giao,HQT01,Quan hệ quốc tế,D03 | D04 | D06,25.8,
HQT,Học viện Ngoại giao,HQT01,Quan hệ quốc tế,A01 | D01 | D07,26.8,
HQT,Học viện Ngoại giao,HQT01,Quan hệ quốc tế,C00,28.3,
HQT,Học viện Ngoại giao,HQT08-04,Trung Quốc học,D04,25.92,
HQT,Học viện Ngoại giao,HQT08-04,Trung Quốc học,A01 | D01 | D07,26.92,
HQT,Học viện Ngoại giao,HQT08-04,Trung Quốc học,C00,28.42,
HQT,Học viện Ngoại giao,HQT05,Truyền thông quốc tế,D03 | D04 | D06,25.96,
HQT,Học viện Ngoại giao,HQT05,Truyền thông quốc tế,A01 | D01 | D07,26.96,
HQT,Học viện Ngoại giao,HQT05,Truyền thông quốc tế,C00,28.46,
DPX,Đại học Dân Lập Phú Xuân,7510205,Công nghệ kỹ thuật ô tô,A00,16,
DPX,Đại học Dân Lập Phú Xuân,7480201,Công nghệ thông tin,A00,15,
DPX,Đại học Dân Lập Phú Xuân,7540101,Công nghệ thực phẩm,A00,15,
DPX,Đại học Dân Lập Phú Xuân,7340301,Kế toán,A00,15,
DPX,Đại học Dân Lập Phú Xuân,7220204,Ngôn ngữ Trung Quốc,A01,16,
DPX,Đại học Dân Lập Phú Xuân,7220201,Ngôn ngữ Anh,A01,15,
DPX,Đại học Dân Lập Phú Xuân,7320108,Quan hệ công chúng,A00,16,
DPX,Đại học Dân Lập Phú Xuân,7340101,Quản trị Kinh doanh,A00,15,Quản trị kinh doanh - Marketing
DPX,Đại học Dân Lập Phú Xuân,7810103,Quản trị dịch vụ du lịch và lữ hành,A01,15,
DPX,Đại học Dân Lập Phú Xuân,7810201,Quản trị khách sạn,A01,15.5,
DPX,Đại học Dân Lập Phú Xuân,7580108,Thiết kế nội thất,A00,15.5,
DPX,Đại học Dân Lập Phú Xuân,7320104,Truyền thông đa phương tiện,A00,15,
DPX,Đại học Dân Lập Phú Xuân,7310630D,Việt Nam học,A00,17,
SP2,Đại học Sư phạm Hà Nội 2,7480201,Công nghệ thông tin,A00 | A01 | C01 | D01,15,
SP2,Đại học Sư phạm Hà Nội 2,7420201,Công nghệ sinh học,A02 | B00 | B03 | B08,15,
SP2,Đại học Sư phạm Hà Nội 2,7140201,Giáo dục Mầm non,M01 | M03 | M09,23.75,
SP2,Đại học Sư phạm Hà Nội 2,7140204,Giáo dục Công dân,C00 | C19 | D01 | D66,26.68,
SP2,Đại học Sư phạm Hà Nội 2,7140208,Giáo dục Quốc phòng - An ninh,C00 | C19 | D01 | D66,25.57,
SP2,Đại học Sư phạm Hà Nội 2,7140202,Giáo dục Tiểu học,A00 | A01 | C04 | D01,26.03,
SP2,Đại học Sư phạm Hà Nội 2,7140206,Giáo dục Thể chất,C00 | C19 | D01 | D66,21,
SP2,Đại học Sư phạm Hà Nội 2,7220201,Ngôn ngữ Anh,A01 | D01 | D11 | D12,25.02,
SP2,Đại học Sư phạm Hà Nội 2,7220204,Ngôn ngữ Trung Quốc,A01 | D01 | D04 | D11,24.63,
SP2,Đại học Sư phạm Hà Nội 2,7140211,Sư phạm Vật lý,A00 | A01 | A04 | C01,25.5,
SP2,Đại học Sư phạm Hà Nội 2,7140231,Sư phạm Tiếng Anh,A01 | D01 | D11 | D12,26.25,
SP2,Đại học Sư phạm Hà Nội 2,7140210,Sư phạm Tin học (Chuyên ngành Tin học – Công nghệ Tiểu học),A00 | A01 | C01 | D01,22.7,
SP2,Đại học Sư phạm Hà Nội 2,7140218,Sư phạm Lịch sử,C00 | C03 | C19 | D14,28.58,
SP2,Đại học Sư phạm Hà Nội 2,7140249,Sư phạm Lịch sử - Địa lý,A07 | C00 | C19 | C20,27.43,
SP2,Đại học Sư phạm Hà Nội 2,7140213,Sư phạm Sinh học,B00 | B02 | B03 | D08,24.49,
SP2,Đại học Sư phạm Hà Nội 2,7140212,Sư phạm Hóa học,A00 | A06 | B00 | D07,25.29,
SP2,Đại học Sư phạm Hà Nội 2,7140209,Sư phạm Toán học,A00 | A01 | D01 | D84,26.28,
SP2,Đại học Sư phạm Hà Nội 2,7140217,Sư phạm Ngữ văn,C00 | C14 | D01 | D15,27.47,
SP2,Đại học Sư phạm Hà Nội 2,7310630D,Việt Nam học,C00 | C14 | D01 | D15,16.4,
QHI,Đại học Công nghệ - Đại học Quốc gia Hà Nội,CN4,Cơ kỹ thuật,A00 | A01 | D01,25.65,
QHI,Đại học Công nghệ - Đại học Quốc gia Hà Nội,CN7,Công nghệ Hàng không vũ trụ,A00 | A01 | D01,24.1,
QHI,Đại học Công nghệ - Đại học Quốc gia Hà Nội,CN6,Công nghệ kỹ thuật cơ điện tử,A00 | A01 | D01,25,
QHI,Đại học Công nghệ - Đại học Quốc gia Hà Nội,CN16,Công nghệ thông tin định hướng thị trường Nhật Bản,A00 | A01 | D01,27.5,
QHI,Đại học Công nghệ - Đại học Quốc gia Hà Nội,CN1,Công nghệ Thông tin,A00 | A01 | D01,27.85,
QHI,Đại học Công nghệ - Đại học Quốc gia Hà Nội,CN9,Công nghệ kỹ thuật điện tử - viễn thông,A00 | A01 | D01,25.15,
QHI,Đại học Công nghệ - Đại học Quốc gia Hà Nội,CN5,Công nghệ kỹ thuật xây dựng,A00 | A01 | D01,23.1,
QHI,Đại học Công nghệ - Đại học Quốc gia Hà Nội,CN10,Công nghệ nông nghiệp*,A00 | A01 | B00,22,
QHI,Đại học Công nghệ - Đại học Quốc gia Hà Nội,CN14,Hệ thống thông tin,A00 | A01 | D01,26.95,
QHI,Đại học Công nghệ - Đại học Quốc gia Hà Nội,CN8,Khoa học máy tính,A00 | A01 | D01,27.25,
QHI,Đại học Công nghệ - Đại học Quốc gia Hà Nội,CN11,Kỹ thuật điều khiển và tự động hóa,A00 | A01 | D01,27.1,
QHI,Đại học Công nghệ - Đại học Quốc gia Hà Nội,CN17,Kỹ thuật Robot,A00 | A01 | D01,25.35,
QHI,Đại học Công nghệ - Đại học Quốc gia Hà Nội,CN13,Kỹ thuật năng lượng,A00 | A01 | D01,23.8,
QHI,Đại học Công nghệ - Đại học Quốc gia Hà Nội,CN15,Mạng máy tính và truyền thông dữ liệu,A00 | A01 | D01,26.25,
QHI,Đại học Công nghệ - Đại học Quốc gia Hà Nội,CN2,Máy tính và Robot,A00 | A01 | D01,27.25,
QHI,Đại học Công nghệ - Đại học Quốc gia Hà Nội,CN12,Trí tuệ nhân tạo,A00 | A01 | D01,27.2,
QHI,Đại học Công nghệ - Đại học Quốc gia Hà Nội,CN3,Vật lý kỹ thuật,A00 | A01 | D01,24.2,
SPD,Đại học Đồng Tháp,7760101,Công tác xã hội,C00,15,
SPD,Đại học Đồng Tháp,7480201,Công nghệ thông tin,A00,16,
SPD,Đại học Đồng Tháp,7420201,Công nghệ sinh học,A00,15,
SPD,Đại học Đồng Tháp,7620301,ĐH Nuôi trồng thủy sản,A00,15,
SPD,Đại học Đồng Tháp,7310501,Địa lý học,A07,15,
SPD,Đại học Đồng Tháp,51140201,Giáo dục Mầm non,M00,23,
SPD,Đại học Đồng Tháp,7140205,Giáo dục Chính trị,C00,25.8,
SPD,Đại học Đồng Tháp,7140202,Giáo dục Tiểu học,C01,23.28,
SPD,Đại học Đồng Tháp,7140201,Giáo dục Mầm non,M00,23.23,
SPD,Đại học Đồng Tháp,7140204,Giáo dục Công dân,C00,26.51,
SPD,Đại học Đồng Tháp,7140206,Giáo dục Thể chất,T00,24.66,
SPD,Đại học Đồng Tháp,7340301,Kế toán,A00,15,
SPD,Đại học Đồng Tháp,7440301,Khoa học môi trường,A00,15,
SPD,Đại học Đồng Tháp,7480101,Khoa học máy tính,A00,15,
SPD,Đại học Đồng Tháp,7380101,Ngành Luật,A00,15.5,
SPD,Đại học Đồng Tháp,7340120,Ngành Kinh doanh quốc tế,A00,15,
SPD,Đại học Đồng Tháp,7220204,Ngôn ngữ Trung Quốc,C00,18,
SPD,Đại học Đồng Tháp,7220201,Ngôn ngữ Anh,D01,18,
SPD,Đại học Đồng Tháp,7620109,Nông học,A00,15,
SPD,Đại học Đồng Tháp,7340403,Quản lý công,A00,15,
SPD,Đại học Đồng Tháp,7850103,Quản lý đất đai,A00,15,
SPD,Đại học Đồng Tháp,7340101,Quản trị Kinh doanh,A00,15,
SPD,Đại học Đồng Tháp,7850101,Quản lý tài nguyên và môi trường,A00,15,
SPD,Đại học Đồng Tháp,7229042,Quản lý văn hoá,C00,15,
SPD,Đại học Đồng Tháp,7140247,Sư phạm khoa học tự nhiên,A00,19,
SPD,Đại học Đồng Tháp,7140218,Sư phạm Lịch sử,C00,27.4,
SPD,Đại học Đồng Tháp,7140231,Sư phạm Tiếng Anh,D01,23.79,
SPD,Đại học Đồng Tháp,7140210,Sư phạm Tin học (Chuyên ngành Tin học – Công nghệ Tiểu học),A00,19,
SPD,Đại học Đồng Tháp,7140222,Sư phạm Mỹ thuật,H00,18,
SPD,Đại học Đồng Tháp,7140217,Sư phạm Ngữ văn,C00,26.4,
SPD,Đại học Đồng Tháp,7140209,Sư phạm Toán học,A00,24.17,
SPD,Đại học Đồng Tháp,7140212,Sư phạm Hóa học,A00,24.45,
SPD,Đại học Đồng Tháp,7140249,Sư phạm Lịch sử - Địa lý,A07,20.25,
SPD,Đại học Đồng Tháp,7140246,Sư phạm công nghệ,A00,19,
SPD,Đại học Đồng Tháp,7140211,Sư phạm Vật lý,A00,23.98,
SPD,Đại học Đồng Tháp,7140219,Sư phạm Địa lý,A07,25.57,
SPD,Đại học Đồng Tháp,7140221,Sư phạm Âm nhạc,N00,18,
SPD,Đại học Đồng Tháp,7140213,Sư phạm Sinh học,A02,23.2,
SPD,Đại học Đồng Tháp,7340201,Tài chính – Ngân hàng,A00,15,
SPD,Đại học Đồng Tháp,7310403,Tâm lý học giáo dục,A00,15,
SPD,Đại học Đồng Tháp,7310630,Việt Nam học,C00,15,
THP,Đại học Hải Phòng,7510303,Công nghệ kỹ thuật điều khiển và tự động hóa,A00 | A01 | C01 | D01,16,
THP,Đại học Hải Phòng,7510301,"Công nghệ kỹ thuật điện, điện tử",A00 | A01 | C01 | D01,16,
THP,Đại học Hải Phòng,7760101,Công tác xã hội,C00 | D01 | D14 | D15,15,
THP,Đại học Hải Phòng,7480201,Công nghệ thông tin,A00 | A01 | C01 | D01,21.5,
THP,Đại học Hải Phòng,7510202,Công nghệ chế tạo máy,A00 | A01 | C01 | D01,15,
THP,Đại học Hải Phòng,7510103,Công nghệ kỹ thuật xây dựng (chuyên ngành Xây dựng dân dụng & Công nghiệp),A00 | A01 | C01 | D01,15,
THP,Đại học Hải Phòng,7510203,Công nghệ kỹ thuật cơ điện tử,A00 | A01 | C01 | D01,15,
THP,Đại học Hải Phòng,7140201,Giáo dục Mầm non,M00 | M01 | M03 | M04,19,
THP,Đại học Hải Phòng,51140201,Giáo dục Mầm non,M00 | M01 | M03 | M04,17,
THP,Đại học Hải Phòng,7140202,Giáo dục Tiểu học,A00 | C01 | C02 | D01,22,
THP,Đại học Hải Phòng,7140206,Giáo dục Thể chất,T00 | T01,22,
THP,Đại học Hải Phòng,7340301,Kế toán,A00 | A01 | C01 | D01,15,
THP,Đại học Hải Phòng,7580101,Kiến trúc,A00 | A01 | D01 | V01,15,
THP,Đại học Hải Phòng,7310101,Kinh tế,A00 | A01 | C01 | D01,17,
THP,Đại học Hải Phòng,7220201,Ngôn ngữ Anh,D06 | D15,24,
THP,Đại học Hải Phòng,7220204,Ngôn ngữ Trung Quốc,D01 | D03 | D04 | D06,27.5,
THP,Đại học Hải Phòng,7810103,Quản trị dịch vụ du lịch và lữ hành,C00 | D01 | D06 | D15,16,
THP,Đại học Hải Phòng,7340101,Quản trị Kinh doanh,A00 | A01 | C01 | D01,17,
THP,Đại học Hải Phòng,7140231,Sư phạm Tiếng Anh,D06 | D15,30.5,
THP,Đại học Hải Phòng,7140209,Sư phạm Toán học,A00 | A01 | C01 | D01,23.5,
THP,Đại học Hải Phòng,7140217,Sư phạm Ngữ văn,C00 | D01 | D14 | D15,23.5,
THP,Đại học Hải Phòng,7340201,Tài chính – Ngân hàng,A00 | A01 | C01 | D01,15,
THP,Đại học Hải Phòng,7340122,Thương mại điện tử,A00 | A01 | C01 | D01,15,
THP,Đại học Hải Phòng,7310630D,Việt Nam học,C00 | D01 | D06 | D15,15,
HVN,Học viện Nông nghiệp Việt Nam,HVN03(Trước 2024),Chăn nuôi thú y,A00,17,
HVN,Học viện Nông nghiệp Việt Nam,HVN01(Trước 2024),Chương trình quốc tế,A00,19,
HVN,Học viện Nông nghiệp Việt Nam,HVN06(Trước 2024),Công nghệ rau hoa quả và cảnh quan,A00,23,
HVN,Học viện Nông nghiệp Việt Nam,HVN05(Trước 2024),Công nghệ kỹ thuật ô tô,A00,22,
HVN,Học viện Nông nghiệp Việt Nam,HVN08(Trước 2024),Công nghệ thông tin và truyền thông số,A00,22.5,
HVN,Học viện Nông nghiệp Việt Nam,HVN07(Trước 2024),Công nghệ sinh học,A00,24.5,
HVN,Học viện Nông nghiệp Việt Nam,HVN16(Trước 2024),Công nghệ hóa học và môi trường,A00,16.5,
HVN,Học viện Nông nghiệp Việt Nam,HVN09(Trước 2024),"Công nghệ bảo quản, chế biến và quản lý chất lượng an toàn thực phẩm",A00,18,
HVN,Học viện Nông nghiệp Việt Nam,HVN04(Trước 2024),Công nghệ kỹ thuật cơ điện tử,A00,24,
HVN,Học viện Nông nghiệp Việt Nam,HVN10(Trước 2024),Kế toán – Tài chính,A00,19,
HVN,Học viện Nông nghiệp Việt Nam,HVN15(trước 2024),Khoa học môi trường,A00,17,
HVN,Học viện Nông nghiệp Việt Nam,HVN11(Trước 2024),Khoa học đất - dinh dưỡng cây trồng,A00,18,
HVN,Học viện Nông nghiệp Việt Nam,HVN13(Trước 2024),Kinh tế nông nghiệp và Phát triển nông thôn,A09,21.5,
HVN,Học viện Nông nghiệp Việt Nam,HVN12(Trước 2024),Kinh tế và quản lý,A09,17,
HVN,Học viện Nông nghiệp Việt Nam,HVN14(Trước 2024),Luật,A00,22,
HVN,Học viện Nông nghiệp Việt Nam,HVN17(Trước 2024),Ngôn ngữ Anh,D01,20,
HVN,Học viện Nông nghiệp Việt Nam,HVN18(Trước 2024),Nông nghiệp công nghệ cao,A00,19,
HVN,Học viện Nông nghiệp Việt Nam,HVN02(Trước 2024),Trồng trọt và Bảo vệ thực vật,A00,17,
HQH,Học viện Hải Quân,7860202|22A01,Chỉ huy tham mưu Hải quân (Nam - Phía Nam),A01,24.1,
HQH,Học viện Hải Quân,7860202|21A01,Chỉ huy tham mưu Hải quân (Nam - Phía Bắc),A01,23.7,
HQH,Học viện Hải Quân,7860202|21A00,Chỉ huy tham mưu Hải quân (Nam - Phía Bắc),A00,23.7,
HQH,Học viện Hải Quân,7860202|22A00,Chỉ huy tham mưu Hải quân (Nam - Phía Nam),A00,24.1,
DDK,Đại học Bách Khoa - Đại học Đà Nẵng,PFIEV,Chương trình tiên tiến ngành Hệ thống nhúng,A00 | A01,21,
DDK,Đại học Bách Khoa - Đại học Đà Nẵng,7520207VM,Chương trình Tiên tiến Việt - Mỹ Kỹ thuật điện tử viễn thông,A01 | D07,17.5,
DDK,Đại học Bách Khoa - Đại học Đà Nẵng,7480118VM,Chương trình Tiên tiến Việt - Mỹ Hệ thống nhúng và IoT,A01 | D07,20.33,
DDK,Đại học Bách Khoa - Đại học Đà Nẵng,7540101,Công nghệ thực phẩm,A00 | B00 | D07,22.1,
DDK,Đại học Bách Khoa - Đại học Đà Nẵng,7480201,Công nghệ thông tin,A00 | A01,25.86,
DDK,Đại học Bách Khoa - Đại học Đà Nẵng,7480201B,Công nghệ thông tin,A00 | A01,26.45,
DDK,Đại học Bách Khoa - Đại học Đà Nẵng,7510701,Công nghệ dầu khí và khai thác dầu,A00 | A01,21.75,
DDK,Đại học Bách Khoa - Đại học Đà Nẵng,7510202,Công nghệ chế tạo máy,A00 | A01,22.5,
DDK,Đại học Bách Khoa - Đại học Đà Nẵng,7420201,Công nghệ sinh học,A00 | B00 | D07,23.33,
DDK,Đại học Bách Khoa - Đại học Đà Nẵng,7480201A,Công nghệ thông tin,A00 | A01 | D06,25,
DDK,Đại học Bách Khoa - Đại học Đà Nẵng,7510105,Công nghệ kỹ thuật vật liệu xây dựng,A00 | A01,17,
DDK,Đại học Bách Khoa - Đại học Đà Nẵng,7420201A,Công nghệ sinh học (chất lượng cao),A00 | B00 | D07,23.45,
DDK,Đại học Bách Khoa - Đại học Đà Nẵng,7580101,Kiến trúc,V00 | V01 | V02,22,
DDK,Đại học Bách Khoa - Đại học Đà Nẵng,7580301,Kinh tế xây dựng,A00 | A01,20,
DDK,Đại học Bách Khoa - Đại học Đà Nẵng,7580201A,KT xây dựng – c.ngành XD dân dụng & công nghiệp,A00 | A01,17,
DDK,Đại học Bách Khoa - Đại học Đà Nẵng,7580205,Kỹ thuật xây dựng công trình giao thông,A00 | A01,18,
DDK,Đại học Bách Khoa - Đại học Đà Nẵng,7520201,Kỹ thuật điện,A00 | A01,22.4,
DDK,Đại học Bách Khoa - Đại học Đà Nẵng,7520103A,Kỹ thuật cơ khí (chuyên ngành Kỹ thuật cơ khí),A00 | A01,22.4,
DDK,Đại học Bách Khoa - Đại học Đà Nẵng,7580202,Kỹ thuật xây dựng công trình thủy,A00 | A01,17,
DDK,Đại học Bách Khoa - Đại học Đà Nẵng,7520118,Kỹ thuật hệ thống công nghiệp,A00 | A01,17,
DDK,Đại học Bách Khoa - Đại học Đà Nẵng,7520130,Kỹ thuật ô tô,A00 | A01,25.05,
DDK,Đại học Bách Khoa - Đại học Đà Nẵng,7480106,Kỹ thuật máy tính,A00 | A01,25.45,
DDK,Đại học Bách Khoa - Đại học Đà Nẵng,7580201,Kỹ thuật xây dựng,A00 | A01,18.6,
DDK,Đại học Bách Khoa - Đại học Đà Nẵng,7520114,Kỹ thuật cơ điện tử,A00 | A01,24.55,
DDK,Đại học Bách Khoa - Đại học Đà Nẵng,7580210,Kỹ thuật cơ sở hạ tầng,A00 | A01,17,
DDK,Đại học Bách Khoa - Đại học Đà Nẵng,7520103B,Kỹ thuật cơ khí (chuyên ngành Kỹ thuật cơ khí động lực),A00 | A01,23.1,
DDK,Đại học Bách Khoa - Đại học Đà Nẵng,7580201C,Kỹ thuật xây dựng (Chương trình chất lượng cao),A00 | A01,17,
DDK,Đại học Bách Khoa - Đại học Đà Nẵng,7520301,Kỹ thuật hóa học,A00 | D07,21.3,
DDK,Đại học Bách Khoa - Đại học Đà Nẵng,7520115,"Kỹ thuật nhiệt (3 chuyên ngành: Kỹ thuật điện lạnh; Máy lạnh, điều hòa không khí và thông gió; Máy lạnh và thiết bị thực phẩm)",A00 | A01,19.25,
DDK,Đại học Bách Khoa - Đại học Đà Nẵng,7580201B,Kỹ thuật xây dựng - chuyên ngành Tin học xây dựng,A00 | A01,17,
DDK,Đại học Bách Khoa - Đại học Đà Nẵng,7520320,Ngành Kỹ thuật môi trường,A00 | B00 | D07,17.5,
DDK,Đại học Bách Khoa - Đại học Đà Nẵng,7520216,Ngành Kỹ thuật điều khiển & Tự động hóa,A00 | A01,25.3,
DDK,Đại học Bách Khoa - Đại học Đà Nẵng,7520207,Ngành Kỹ thuật điện tử truyền thông,A00 | A01,24.05,
DDK,Đại học Bách Khoa - Đại học Đà Nẵng,7520122,Ngành Kỹ thuật tàu thủy,A00 | A01,17,
DDK,Đại học Bách Khoa - Đại học Đà Nẵng,7850101,Quản lý tài nguyên và môi trường,A00 | B00 | D07,17,
DDK,Đại học Bách Khoa - Đại học Đà Nẵng,7510601,Quản lý công nghiệp,A00 | A01,22,
PCS,Đại học Phòng Cháy Chữa Cháy (phía Nam),7860113|12A00,"Phòng cháy chữa cháy và cứu nạn, cứu hộ (Nữ - Phía Nam)",A00,20.61,
PCS,Đại học Phòng Cháy Chữa Cháy (phía Nam),7860113|22A00,"Phòng cháy chữa cháy và cứu nạn, cứu hộ (Nam - Phía Nam)",A00,16.87,
HCA,Học viện Chính Trị Công An Nhân Dân,7310200|22D01,Xây dựng lực lượng CAND (phía Nam - Nam),D01,22.24,
HCA,Học viện Chính Trị Công An Nhân Dân,7310200|11C00,Xây dựng lực lượng CAND (phía Bắc - Nữ),C00,24.94,
HCA,Học viện Chính Trị Công An Nhân Dân,7310200|11D01,Xây dựng lực lượng CAND (Phía Bắc - Nữ),D01,24.94,
HCA,Học viện Chính Trị Công An Nhân Dân,7310200|12C03,Xây dựng lực lượng CAND (Phía Nam - Nữ),C03,23.21,
HCA,Học viện Chính Trị Công An Nhân Dân,7310200|22C03,Xây dựng lực lượng CAND (Phía Bắc - Nam),C03,22.24,
HCA,Học viện Chính Trị Công An Nhân Dân,7310200|21D01,Xây dựng lực lượng CAND (Phía Bắc - Nam),D01,23.41,
HCA,Học viện Chính Trị Công An Nhân Dân,7310200|11A01,Xây dựng lực lượng CAND (Phía Bắc - Nữ),A01,24.94,
HCA,Học viện Chính Trị Công An Nhân Dân,7310200|12A01,Xây dựng lực lượng CAND (Phía Nam - Nữ),A01,23.21,
HCA,Học viện Chính Trị Công An Nhân Dân,7310200|21C00,Xây dựng lực lượng CAND (Phía Bắc - Nam),C00,23.41,
HCA,Học viện Chính Trị Công An Nhân Dân,7310200|22A01,Xây dựng lực lượng CAND (Phía Nam - Nam),A01,22.24,
HCA,Học viện Chính Trị Công An Nhân Dân,7310200|11C03,Xây dựng lực lượng CAND (Phía Bắc - Nữ),C03,24.94,
HCA,Học viện Chính Trị Công An Nhân Dân,7310200|21A01,Xây dựng lực lượng CAND (Phía Bắc - Nam),A01,23.41,
HCA,Học viện Chính Trị Công An Nhân Dân,7310200|12C00,Xây dựng lực lượng CAND (phía Nam - Nữ),C00,23.21,
HCA,Học viện Chính Trị Công An Nhân Dân,7310200|12D01,Xây dựng lực lượng CAND (Phía Nam - Nữ),D01,23.21,
HCA,Học viện Chính Trị Công An Nhân Dân,7310200|22C00,Xây dựng lực lượng CAND (phía Nam - Nam),C00,22.24,
HCA,Học viện Chính Trị Công An Nhân Dân,7310200|21C03,Xây dựng lực lượng CAND (Phía Bắc - Nam),C03,23.41,
SDU,Đại học Sao Đỏ,7540101,Công nghệ thực phẩm,A00,16,
SDU,Đại học Sao Đỏ,7510205,Công nghệ kỹ thuật ô tô,A00,18,
SDU,Đại học Sao Đỏ,7510301,"Công nghệ kỹ thuật điện, điện tử",A00,17,
SDU,Đại học Sao Đỏ,7540204,Công nghệ may,A00,16,
SDU,Đại học Sao Đỏ,7480201,Công nghệ thông tin,A00,17,
SDU,Đại học Sao Đỏ,7510201,Công nghệ kỹ thuật cơ khí (chuyên ngành Cơ khí chế tạo),A00,17,
SDU,Đại học Sao Đỏ,7340301,Kế toán,A00,16,
SDU,Đại học Sao Đỏ,7520114,Kỹ thuật cơ điện tử,A00,16,
SDU,Đại học Sao Đỏ,7520216,Ngành Kỹ thuật điều khiển & Tự động hóa,A00,17,
SDU,Đại học Sao Đỏ,7220204,Ngôn ngữ Trung Quốc,D01,18,
SDU,Đại học Sao Đỏ,7810103,Quản trị dịch vụ du lịch và lữ hành,C00,16,
SDU,Đại học Sao Đỏ,7340101,Quản trị Kinh doanh,A00,16,
HDT,Đại học Hồng Đức,7620106,Chăn nuôi thú y,A00 | B00 | C14 | C20,15,
HDT,Đại học Hồng Đức,7480201,Công nghệ thông tin,A00 | A01 | D01 | D84,16,
HDT,Đại học Hồng Đức,7810101,Du lịch,C00 | C19 | C20 | D66,15,
HDT,Đại học Hồng Đức,7140202,Giáo dục Tiểu học,A00 | C00 | D01 | M00,27.63,
HDT,Đại học Hồng Đức,7140201,Giáo dục Mầm non,M00 | M05 | M07 | M11,25.67,
HDT,Đại học Hồng Đức,7340301,Kế toán,A00 | C04 | C14 | D01,18,
HDT,Đại học Hồng Đức,7620110,Khoa học cây trồng,A00 | B00 | C14 | C20,15,
HDT,Đại học Hồng Đức,7340302,Kiểm toán,A00 | C04 | C14 | D01,15,
HDT,Đại học Hồng Đức,7310101,Kinh tế,A00 | C04 | C14 | D01,15,
HDT,Đại học Hồng Đức,7520201,Kỹ thuật điện,A00 | A01 | A02 | B00,15,
HDT,Đại học Hồng Đức,7580201,Kỹ thuật xây dựng,A00 | A01 | A02 | B00,15,
HDT,Đại học Hồng Đức,7380107,Luật kinh tế,C00 | C19 | C20,15,
HDT,Đại học Hồng Đức,7380101,Ngành Luật,C00 | C19 | C20,16,
HDT,Đại học Hồng Đức,7220201,Ngôn ngữ Anh,A01 | D01 | D14 | D66,16,
HDT,Đại học Hồng Đức,7850101,Quản lý tài nguyên và môi trường,A00 | C00 | C20 | D66,15,
HDT,Đại học Hồng Đức,7340101,Quản trị Kinh doanh,A00 | C04 | C14 | D01,16.5,
HDT,Đại học Hồng Đức,7810201,Quản trị khách sạn,C04 | C14 | C20 | D01,15,
HDT,Đại học Hồng Đức,7850103,Quản lý đất đai,A00 | B00 | C14 | C20,15,
HDT,Đại học Hồng Đức,7140247,Sư phạm khoa học tự nhiên,A00 | A02 | B00 | C01,24.78,
HDT,Đại học Hồng Đức,7140210,Sư phạm Tin học (Chuyên ngành Tin học – Công nghệ Tiểu học),A00 | A01 | D01 | D84,22.15,
HDT,Đại học Hồng Đức,7140231,Sư phạm Tiếng Anh,A01 | D01 | D09 | D10,25.98,
HDT,Đại học Hồng Đức,7340201,Tài chính – Ngân hàng,A00 | C04 | C14 | D01,15,
HDT,Đại học Hồng Đức,7310401,Tâm lý học,C00 | C19 | D01,15,
HDT,Đại học Hồng Đức,7320104,Truyền thông đa phương tiện,A01 | C14 | D01,15,
QHY,Đại học Y Dược - Đại học Quốc Gia Hà Nội,7720301,Điều dưỡng,B00,23.85,
QHY,Đại học Y Dược - Đại học Quốc Gia Hà Nội,7720201,Dược học,B00,24.35,
QHY,Đại học Y Dược - Đại học Quốc Gia Hà Nội,7720601,Kỹ thuật xét nghiệm y học,B00,23.95,
QHY,Đại học Y Dược - Đại học Quốc Gia Hà Nội,7720602,Kỹ thuật hình ảnh y học,B00,23.55,
QHY,Đại học Y Dược - Đại học Quốc Gia Hà Nội,7720501,Răng- Hàm -Mặt,B00,26.8,
QHY,Đại học Y Dược - Đại học Quốc Gia Hà Nội,7720101,Y khoa,B00,26.75,
DTE,Đại học Kinh Tế  & Quản Trị Kinh Doanh - Đại học Thái Nguyên,7340301,Kế toán,A00 | A01 | D01 | D07,17,
DTE,Đại học Kinh Tế  & Quản Trị Kinh Doanh - Đại học Thái Nguyên,7310101,Kinh tế,A00 | A01 | C04 | D01,17,
DTE,Đại học Kinh Tế  & Quản Trị Kinh Doanh - Đại học Thái Nguyên,7310105,Kinh tế phát triển,A00 | A01 | C04 | D01,16,
DTE,Đại học Kinh Tế  & Quản Trị Kinh Doanh - Đại học Thái Nguyên,7310104,Kinh tế đầu tư,A00 | A01 | C04 | D01,16,
DTE,Đại học Kinh Tế  & Quản Trị Kinh Doanh - Đại học Thái Nguyên,7510605,Logistics và Quản lý chuỗi cung ứng,A00 | A01 | C01 | D01,18,
DTE,Đại học Kinh Tế  & Quản Trị Kinh Doanh - Đại học Thái Nguyên,7380107,Luật kinh tế,A00 | C00 | C01 | D14,18,
DTE,Đại học Kinh Tế  & Quản Trị Kinh Doanh - Đại học Thái Nguyên,7340115-TA,Marketing (Quản trị Marketing - chương trình dạy và học bằng tiếng Anh),A00 | A01 | C04 | D01,19,
DTE,Đại học Kinh Tế  & Quản Trị Kinh Doanh - Đại học Thái Nguyên,7340115,Marketing,A00 | A01 | C04 | D01,18,
DTE,Đại học Kinh Tế  & Quản Trị Kinh Doanh - Đại học Thái Nguyên,7340120,Ngành Kinh doanh quốc tế,A00 | A01 | C04 | D01,18,
DTE,Đại học Kinh Tế  & Quản Trị Kinh Doanh - Đại học Thái Nguyên,7340101,Quản trị Kinh doanh,A00 | A01 | C01 | D01,18,
DTE,Đại học Kinh Tế  & Quản Trị Kinh Doanh - Đại học Thái Nguyên,7810103-TA,Quản trị dịch vụ du lịch và lữ hành - chương trình dạy và học bằng tiếng Anh,A00 | C00 | C04 | D01,19,
DTE,Đại học Kinh Tế  & Quản Trị Kinh Doanh - Đại học Thái Nguyên,7810103,Quản trị dịch vụ du lịch và lữ hành,A00 | C00 | C04 | D01,18,
DTE,Đại học Kinh Tế  & Quản Trị Kinh Doanh - Đại học Thái Nguyên,7340101-TA,Quản trị kinh doanh - chương trình dạy và học bằng tiếng Anh,A00 | A01 | C01 | D01,19,
DTE,Đại học Kinh Tế  & Quản Trị Kinh Doanh - Đại học Thái Nguyên,7340403,Quản lý công,A00 | A01 | C01 | D01,16,
DTE,Đại học Kinh Tế  & Quản Trị Kinh Doanh - Đại học Thái Nguyên,7340201,Tài chính – Ngân hàng,A00 | A01 | C01 | D01,18,
DTE,Đại học Kinh Tế  & Quản Trị Kinh Doanh - Đại học Thái Nguyên,7340201-TA,Tài chính – Ngân hàng - chương trình dạy và học bằng tiếng Anh,A00,19,
YTB,Đại học Y Dược Thái Bình,7720301,Điều dưỡng,B00 | D08,22.1,
YTB,Đại học Y Dược Thái Bình,7720201,Dược học,A00 | A01 | D07,23.14,
YTB,Đại học Y Dược Thái Bình,7720601,Kỹ thuật xét nghiệm y học,A00 | B00,23.7,
YTB,Đại học Y Dược Thái Bình,7720110,Y học dự phòng,B00 | D08,19,
YTB,Đại học Y Dược Thái Bình,7720115,Y học cổ truyền,B00 | D08,23.25,
YTB,Đại học Y Dược Thái Bình,7720701,Y tế công cộng,A00 | B00,15,
YTB,Đại học Y Dược Thái Bình,7720101,Y khoa,B00 | D07 | D08,25.8,
TTH,Trường Sĩ Quan Thông Tin - Hệ Quân sự - Đại học Thông Tin Liên Lạc,7860221|21A01,Ngành Chỉ huy tham mưu Tham mưu thông tin (Thí sinh Nam miền Bắc),A01,22.8,
TTH,Trường Sĩ Quan Thông Tin - Hệ Quân sự - Đại học Thông Tin Liên Lạc,7860221|22A01,Ngành Chỉ huy tham mưu Tham mưu thông tin (Thí sinh Nam miền Nam),A01,22.94,
TTH,Trường Sĩ Quan Thông Tin - Hệ Quân sự - Đại học Thông Tin Liên Lạc,7860221|21A00,Ngành Chỉ huy tham mưu Tham mưu thông tin (Thí sinh Nam miền Bắc),A00,22.8,
TTH,Trường Sĩ Quan Thông Tin - Hệ Quân sự - Đại học Thông Tin Liên Lạc,7860221|22A00,Ngành Chỉ huy tham mưu Tham mưu thông tin (Thí sinh Nam miền Nam),A00,22.94,
LCH,Trường Sĩ Quan Chính Trị - Đại học Chính Trị,7310202|22A00,Ngành Xây dựng Đảng và chính quyền Nhà nước (Nam - Phía Nam),A00,19.8,
LCH,Trường Sĩ Quan Chính Trị - Đại học Chính Trị,7310202|21A00,Ngành Xây dựng Đảng và chính quyền Nhà nước (Nam - Phía Bắc),A00,19.55,
LCH,Trường Sĩ Quan Chính Trị - Đại học Chính Trị,7310202|21C00,Ngành Xây dựng Đảng và chính quyền Nhà nước (Nam - Phía Bắc),C00,27.62,
LCH,Trường Sĩ Quan Chính Trị - Đại học Chính Trị,7310202|21D01,Ngành Xây dựng Đảng và chính quyền Nhà nước (Nam - Phía Bắc),D01,23.75,
LCH,Trường Sĩ Quan Chính Trị - Đại học Chính Trị,7310202|21D01,Ngành Xây dựng Đảng và chính quyền Nhà nước (Nam - Phía Bắc),D01,24.2,
LCH,Trường Sĩ Quan Chính Trị - Đại học Chính Trị,7310202|22C00,Ngành Xây dựng Đảng và chính quyền Nhà nước (Nam - Phía Nam),C00,26.27,
HPN,Học viện Phụ nữ Việt Nam,7480201,Công nghệ thông tin,A00 | A01 | D01 | D09,18.5,
HPN,Học viện Phụ nữ Việt Nam,7760101,Công tác xã hội,A00 | A01 | C00 | D01,16.25,
HPN,Học viện Phụ nữ Việt Nam,7760101PH,Công tác xã hội (phân hiệu Học viện phụ nữ Việt Nam tại TP HCM),A00,15,
HPN,Học viện Phụ nữ Việt Nam,7310399,Giới và Phát triển*,A00 | A01 | C00 | D01,15,
HPN,Học viện Phụ nữ Việt Nam,7310101,Kinh tế,A00 | A01 | D01,22,
HPN,Học viện Phụ nữ Việt Nam,7310101,Kinh tế,C00,23,
HPN,Học viện Phụ nữ Việt Nam,7380107,Luật kinh tế,A00 | A01 | C00 | D01,21,
HPN,Học viện Phụ nữ Việt Nam,7380101,Ngành Luật,A00 | A01 | C00 | D01,21.5,
HPN,Học viện Phụ nữ Việt Nam,7340101,Quản trị Kinh doanh,A00 | A01 | D01,23,
HPN,Học viện Phụ nữ Việt Nam,7340101CLC,Quản trị kinh doanh CLC (TT23),C00,24,
HPN,Học viện Phụ nữ Việt Nam,7340101CLC,Quản trị kinh doanh CLC (TT23),A00 | A01 | D01,23,
HPN,Học viện Phụ nữ Việt Nam,7810103PHE,"Quản trị dịch vụ du lịch và lữ hành (chuyên ngành Quản trị khách sạn, chương trình định hướng nghề nghiệp, đào tạo song ngữ Anh - Việt)",A00 | A01 | C00 | D01,16,
HPN,Học viện Phụ nữ Việt Nam,7340101LK,Quản trị kinh doanh Hệ liên kết quốc tế,A00 | A01 | D01,23,
HPN,Học viện Phụ nữ Việt Nam,7810103,Quản trị dịch vụ du lịch và lữ hành,A00 | A01 | C00 | D01,23.25,
HPN,Học viện Phụ nữ Việt Nam,7340101,Quản trị Kinh doanh,C00,24,
HPN,Học viện Phụ nữ Việt Nam,7340101LK,Quản trị kinh doanh Hệ liên kết quốc tế,C00,24,
HPN,Học viện Phụ nữ Việt Nam,7310401,Tâm lý học,A00 | A01 | C00 | D01,21.25,
HPN,Học viện Phụ nữ Việt Nam,7320104,Truyền thông đa phương tiện,A00 | A01 | C00 | D01,24.75,
DNC,Đại học Nam Cần Thơ,7340116,Bất động sản,A00,15,
DNC,Đại học Nam Cần Thơ,7540101,Công nghệ thực phẩm,A00,15,
DNC,Đại học Nam Cần Thơ,7480201,Công nghệ thông tin,A00,16,
DNC,Đại học Nam Cần Thơ,7510401,Công nghệ kỹ thuật hoá học,A00,15,
DNC,Đại học Nam Cần Thơ,7510205,Công nghệ kỹ thuật ô tô,A00,19,
DNC,Đại học Nam Cần Thơ,7720201,Dược học,A00,21,
DNC,Đại học Nam Cần Thơ,7340301,Kế toán,A00,15,
DNC,Đại học Nam Cần Thơ,7480101,Khoa học máy tính,A00,15,
DNC,Đại học Nam Cần Thơ,7580101,Kiến trúc,A00,15,
DNC,Đại học Nam Cần Thơ,7310109 (trước 2023),Kinh tế tài chính,A00,15,
DNC,Đại học Nam Cần Thơ,7480103,Kỹ thuật phần mềm,A00,15,
DNC,Đại học Nam Cần Thơ,7720601,Kỹ thuật xét nghiệm y học,A00,19,
DNC,Đại học Nam Cần Thơ,7520212,Kỹ thuật y sinh,A00,15,
DNC,Đại học Nam Cần Thơ,7520116,Kỹ thuật cơ khí động lực,A00,15,
DNC,Đại học Nam Cần Thơ,7580201,Kỹ thuật xây dựng,A00,15,
DNC,Đại học Nam Cần Thơ,7720602,Kỹ thuật hình ảnh y học,A00,19,
DNC,Đại học Nam Cần Thơ,7510605,Logistics và Quản lý chuỗi cung ứng,A00,15,
DNC,Đại học Nam Cần Thơ,7380107,Luật kinh tế,C00,15,
DNC,Đại học Nam Cần Thơ,7480102,Mạng máy tính và truyền thông dữ liệu,A00,15,
DNC,Đại học Nam Cần Thơ,7340115,Marketing,A00,15,
DNC,Đại học Nam Cần Thơ,7340120,Ngành Kinh doanh quốc tế,A00,15,
DNC,Đại học Nam Cần Thơ,7380101,Ngành Luật,C00,15,
DNC,Đại học Nam Cần Thơ,7220201,Ngôn ngữ Anh,D01,15,
DNC,Đại học Nam Cần Thơ,7850101,Quản lý tài nguyên và môi trường,A00,15,
DNC,Đại học Nam Cần Thơ,7810202,Quản trị nhà hàng và dịch vụ ăn uống,A00,15,
DNC,Đại học Nam Cần Thơ,7810201,Quản trị khách sạn,A00,15,
DNC,Đại học Nam Cần Thơ,7850103,Quản lý đất đai,A00,15,
DNC,Đại học Nam Cần Thơ,7320108,Quan hệ công chúng,C00,15,
DNC,Đại học Nam Cần Thơ,7810103,Quản trị dịch vụ du lịch và lữ hành,A00,15,
DNC,Đại học Nam Cần Thơ,7340101,Quản trị Kinh doanh,A00,15,
DNC,Đại học Nam Cần Thơ,7510601,Quản lý công nghiệp,A00,15,
DNC,Đại học Nam Cần Thơ,7720802,Quản lý bệnh viện,B00,15,
DNC,Đại học Nam Cần Thơ,7340201,Tài chính – Ngân hàng,A00,15,
DNC,Đại học Nam Cần Thơ,7340122,Thương mại điện tử,A00,15,
DNC,Đại học Nam Cần Thơ,7320104,Truyền thông đa phương tiện,C00,15,
DNC,Đại học Nam Cần Thơ,7720101,Y khoa,A02,22.5,
VTT,Đại học Võ Trường Toản,7480201,Công nghệ thông tin,A00,15,
VTT,Đại học Võ Trường Toản,7720201,Dược học,B00,21,
VTT,Đại học Võ Trường Toản,7340301,Kế toán,A00,15,
VTT,Đại học Võ Trường Toản,7380101,Ngành Luật,A00,15,
VTT,Đại học Võ Trường Toản,7340120,Ngành Kinh doanh quốc tế,A00,15,
VTT,Đại học Võ Trường Toản,7310205,Quản lý nhà nước,A01,15,
VTT,Đại học Võ Trường Toản,7340101,Quản trị Kinh doanh,A00,15,
VTT,Đại học Võ Trường Toản,7340201,Tài chính – Ngân hàng,A00,15,
VTT,Đại học Võ Trường Toản,7340122,Thương mại điện tử,A00,15,
VTT,Đại học Võ Trường Toản,7720101,Y khoa,B00,22.5,
QST,Đại học Khoa học Tự nhiên - Đại học Quốc gia TP HCM,7510401_CLC,Công nghệ kỹ thuật Hoá học (Chất lượng cao),A00 | B00 | D07 | D90,24.7,
QST,Đại học Khoa học Tự nhiên - Đại học Quốc gia TP HCM,7510406,Công nghệ kỹ thuật Môi trường,A00 | B00 | B08 | D07,17,
QST,Đại học Khoa học Tự nhiên - Đại học Quốc gia TP HCM,7420201,Công nghệ sinh học,A02 | B00 | B08 | D90,24.68,
QST,Đại học Khoa học Tự nhiên - Đại học Quốc gia TP HCM,7510402,Công nghệ vật liệu,A00 | A01 | B00 | D07,23,
QST,Đại học Khoa học Tự nhiên - Đại học Quốc gia TP HCM,7480201_CLC,Công nghệ thông tin (Chất lượng cao): Chương trình đào tạo đạt chuẩn kiểm định quốc tế AUN-QA,A00 | A01 | B08 | D07,26,
QST,Đại học Khoa học Tự nhiên - Đại học Quốc gia TP HCM,7420201_CLC,Công nghệ Sinh học (Chương trình Chất lượng cao),A02 | B00 | B08 | D90,24.68,
QST,Đại học Khoa học Tự nhiên - Đại học Quốc gia TP HCM,7440201,Địa chất học,A00 | A01 | B00 | D07,17,
QST,Đại học Khoa học Tự nhiên - Đại học Quốc gia TP HCM,7440228,Hải dương học,A00 | A01 | B00 | D07,19,
QST,Đại học Khoa học Tự nhiên - Đại học Quốc gia TP HCM,7440112_CLC,Hóa học (CT Chất lượng cao),A00 | B00 | D07 | D90,24.2,
QST,Đại học Khoa học Tự nhiên - Đại học Quốc gia TP HCM,7440112,Hóa học,A00 | B00 | D07 | D90,24.5,
QST,Đại học Khoa học Tự nhiên - Đại học Quốc gia TP HCM,7460108,Khoa học dữ liệu (Data Science),A00 | A01 | B08 | D07,26.4,
QST,Đại học Khoa học Tự nhiên - Đại học Quốc gia TP HCM,7440301,Khoa học môi trường,A00 | B00 | B08 | D07,17,
QST,Đại học Khoa học Tự nhiên - Đại học Quốc gia TP HCM,7480101_TT,Khoa học máy tính (Chương trình Tiên tiến),A00 | A01 | B08 | D07,28.05,
QST,Đại học Khoa học Tự nhiên - Đại học Quốc gia TP HCM,7440122,Khoa học vật liệu,A00 | A01 | B00 | D07,17,
QST,Đại học Khoa học Tự nhiên - Đại học Quốc gia TP HCM,7440301_CLC,Khoa học môi trường (CT Chất lượng cao),A00 | B00 | B08 | D07,17,
QST,Đại học Khoa học Tự nhiên - Đại học Quốc gia TP HCM,7520501,Kỹ thuật địa chất,A00 | A01 | B00 | B01 | D07,17,
QST,Đại học Khoa học Tự nhiên - Đại học Quốc gia TP HCM,7520207_CLC,Kỹ thuật điện tử - viễn thông (Chương trình Chất lượng cao),A00 | A01 | D07 | D90,23.25,
QST,Đại học Khoa học Tự nhiên - Đại học Quốc gia TP HCM,7520402,Kỹ thuật hạt nhân,A00 | A01 | A02 | D90,17,
QST,Đại học Khoa học Tự nhiên - Đại học Quốc gia TP HCM,7520207,Ngành Kỹ thuật điện tử truyền thông,A00 | A01 | D07 | D90,24.55,
QST,Đại học Khoa học Tự nhiên - Đại học Quốc gia TP HCM,7440102_NN,"Nhóm ngành Vật lý học, công nghệ Vật lý điện tử và tin học",A00 | A01 | A02 | D90,22,
QST,Đại học Khoa học Tự nhiên - Đại học Quốc gia TP HCM,7480201_NN,Nhóm ngành máy tính và Công nghệ thông tin,A00 | A01 | B08 | D07,26.5,
QST,Đại học Khoa học Tự nhiên - Đại học Quốc gia TP HCM,7460101_NN,"Nhóm ngành Toán học, Toán tin, Toán ứng dụng",A00 | A01 | B00 | D01,25.3,
QST,Đại học Khoa học Tự nhiên - Đại học Quốc gia TP HCM,7850101,Quản lý tài nguyên và môi trường,A00 | B00 | B08 | D07,18.5,
QST,Đại học Khoa học Tự nhiên - Đại học Quốc gia TP HCM,7480107 (trước 2023),Quản trị và phân tích dữ liệu,A00 | A01 | B08 | D07,27,
QST,Đại học Khoa học Tự nhiên - Đại học Quốc gia TP HCM,7420101,Sinh hoc,A02 | B00 | B08,21.5,
QST,Đại học Khoa học Tự nhiên - Đại học Quốc gia TP HCM,7420101_CLC,Sinh học (CT Chất lượng cao),A02 | B00 | B08,21.5,
QST,Đại học Khoa học Tự nhiên - Đại học Quốc gia TP HCM,7520403,Vật lý Y khoa,A00 | A01 | A02 | D90,24,
DSK,Đại học Sư phạm Kỹ thuật - Đại học Đà Nẵng,7510301A,Công nghệ kỹ thuật điện - Điện tử (hệ Chất lượng cao tiếng Anh),A00 | A01 | C01 | D01,20.7,
DSK,Đại học Sư phạm Kỹ thuật - Đại học Đà Nẵng,7510104,Công nghệ kỹ thuật giao thông (chuyên ngành Xây dựng cầu đường),A00 | A01 | C01 | D01,15.35,
DSK,Đại học Sư phạm Kỹ thuật - Đại học Đà Nẵng,7510101,Công nghệ kỹ thuật kiến trúc,A00 | A01 | V00 | V01,19.3,
DSK,Đại học Sư phạm Kỹ thuật - Đại học Đà Nẵng,7510406,Công nghệ kỹ thuật Môi trường,A00 | A01 | B00 | D01,15.7,
DSK,Đại học Sư phạm Kỹ thuật - Đại học Đà Nẵng,7510206,Công nghệ kỹ thuật nhiệt,A00 | A01 | C01 | D01,18.65,
DSK,Đại học Sư phạm Kỹ thuật - Đại học Đà Nẵng,7480201,Công nghệ thông tin,A00 | A01 | C01 | D01,23.79,
DSK,Đại học Sư phạm Kỹ thuật - Đại học Đà Nẵng,7510103,Công nghệ kỹ thuật xây dựng (chuyên ngành Xây dựng dân dụng & Công nghiệp),A00 | A01 | C01 | D01,15,
DSK,Đại học Sư phạm Kỹ thuật - Đại học Đà Nẵng,7510205KT,Công nghệ kỹ thuật ô tô (đào tạo 2 năm đầu tại Kon Tum),A00 | A01 | C01 | D01,16.55,
DSK,Đại học Sư phạm Kỹ thuật - Đại học Đà Nẵng,7510401,Công nghệ kỹ thuật hoá học,A00 | A01 | B00 | D01,19.65,
DSK,Đại học Sư phạm Kỹ thuật - Đại học Đà Nẵng,7510203,Công nghệ kỹ thuật cơ điện tử,A00 | A01 | C01 | D01,21.2,
DSK,Đại học Sư phạm Kỹ thuật - Đại học Đà Nẵng,7510301B,"Công nghệ kĩ thuật điện, điện tử",A00 | A01 | C01 | D01,15.5,
DSK,Đại học Sư phạm Kỹ thuật - Đại học Đà Nẵng,7510201,Công nghệ kỹ thuật cơ khí (chuyên ngành Cơ khí chế tạo),A00 | A01 | C01 | D01,19.7,
DSK,Đại học Sư phạm Kỹ thuật - Đại học Đà Nẵng,7510303,Công nghệ kỹ thuật điều khiển và tự động hóa,A00 | A01 | C01 | D01,22.25,
DSK,Đại học Sư phạm Kỹ thuật - Đại học Đà Nẵng,7510402,Công nghệ vật liệu,A00 | A01 | B00 | D01,15.45,
DSK,Đại học Sư phạm Kỹ thuật - Đại học Đà Nẵng,7510205,Công nghệ kỹ thuật ô tô,A00 | A01 | C01 | D01,22.65,
DSK,Đại học Sư phạm Kỹ thuật - Đại học Đà Nẵng,7510302,Điện tử - viễn thông,A00 | A01 | C01 | D01,21.3,
DSK,Đại học Sư phạm Kỹ thuật - Đại học Đà Nẵng,7540102,Kỹ thuật thực phẩm,A00 | A01 | B00 | D01,16.45,
DSK,Đại học Sư phạm Kỹ thuật - Đại học Đà Nẵng,7580210,Kỹ thuật cơ sở hạ tầng,A00 | A01 | C01 | D01,15.4,
DSK,Đại học Sư phạm Kỹ thuật - Đại học Đà Nẵng,7140214,Sư phạm Kỹ thuật công nghiệp (chuyên ngành Công nghệ thông tin),A00 | A01 | C01 | D01,21.7,
QHQ,Trường Quốc Tế - Đại học Quốc Gia Hà Nội,QHQ11,Công nghệ tài chính và Kinh doanh số,A00 | A01 | D01 | D03 | D06 | D07 | D23 | D24,22.25,
QHQ,Trường Quốc Tế - Đại học Quốc Gia Hà Nội,QHQ10,Công nghệ thông tin ứng dụng,A00 | A01 | D01 | D03 | D06 | D07 | D23 | D24,21.85,
QHQ,Trường Quốc Tế - Đại học Quốc Gia Hà Nội,QHQ03,Hệ thống thông tin quản lý,A00 | A01 | D01 | D03 | D06 | D96 | D97,22.6,
QHQ,Trường Quốc Tế - Đại học Quốc Gia Hà Nội,QHQ02,Kế toán. Phân tích và Kiểm toán,A00 | A01 | D01 | D03 | D06 | D96 | D97,22.9,
QHQ,Trường Quốc Tế - Đại học Quốc Gia Hà Nội,QHQ01,Kinh doanh quốc tế,A00 | A01 | D01 | D03 | D06 | D96 | D97,24.35,
QHQ,Trường Quốc Tế - Đại học Quốc Gia Hà Nội,QHQ12,Kỹ thuật hệ thống công nghiệp và Logistics,A00 | A01 | D01 | D03 | D06 | D07 | D23 | D24,22,
QHQ,Trường Quốc Tế - Đại học Quốc Gia Hà Nội,QHQ06,Marketing (CTĐT cấp 2 bằng ĐH của ĐHQGHN và trường ĐH HELP - Malaysia),A00 | A01 | D01 | D03 | D06 | D96 | D97,22.75,
QHQ,Trường Quốc Tế - Đại học Quốc Gia Hà Nội,QHQ09,Ngôn ngữ Anh(chuyên sâu Kinh doanh và CNTT - CTĐT CLC),A01 | D01 | D78 | D90,23.85,
QHQ,Trường Quốc Tế - Đại học Quốc Gia Hà Nội,QHQ05,Phân tích dữ liệu kinh doanh,A00 | A01 | D01 | D03 | D06 | D07 | D23 | D24,23.6,
QHQ,Trường Quốc Tế - Đại học Quốc Gia Hà Nội,QHQ07,Quản lý (CTĐT cấp 2 bằng ĐH của ĐHQGHN và trường ĐH Keuka – Hoa Kỳ),A00 | A01 | D01 | D03 | D06 | D96 | D97,21,
QHQ,Trường Quốc Tế - Đại học Quốc Gia Hà Nội,QHQ04,Tin học và Kỹ thuật máy tính,A00 | A01 | D01 | D03 | D06 | D07 | D23 | D24,21,
QHQ,Trường Quốc Tế - Đại học Quốc Gia Hà Nội,QHQ08,Tự động hoá và tin học (CTĐT CLC),A00 | A01 | D01 | D03 | D06 | D07 | D23 | D24,21,
BPH,Học viện Biên Phòng,7860214|23C00|7,Biên phòng (Nam - quân khu 7),C00,24.87,
BPH,Học viện Biên Phòng,7860214|23A01|4,Biên phòng (Nam - quân khu 4),A01,20.45,
BPH,Học viện Biên Phòng,7860214|23C00|4,Biên phòng (Nam - quân khu 4),C00,22.75,
BPH,Học viện Biên Phòng,7860214|21C00,Biên phòng (Nam - Miền Bắc),C00,26.99,
BPH,Học viện Biên Phòng,7860214|21A01,Biên phòng (Nam - Miền Bắc),A01,23.86,
BPH,Học viện Biên Phòng,7860214|23A01|7,Biên phòng (Nam - quân khu 7),A01,23.09,
BPH,Học viện Biên Phòng,7860214|23C00|5,Biên phòng (Nam - quân khu 5),C00,25.57,
BPH,Học viện Biên Phòng,7860214|23C00|9,Biên phòng (Nam - quân khu 9),C00,25.75,
BPH,Học viện Biên Phòng,7860214|23A01|5,Biên phòng (Nam - quân khu 5),A01,21.95,
BPH,Học viện Biên Phòng,7860214|23A01|9,Biên phòng (Nam - quân khu 9),A01,21.25,
BPH,Học viện Biên Phòng,7380101|21C00,Luật (Nam - Phía Bắc),C00,27.47,
BPH,Học viện Biên Phòng,7380101|22C00,Luật (Nam - Phía Nam),C00,25.5,
THV,Đại học Hùng Vương,7510301,"Công nghệ kỹ thuật điện, điện tử",A00,17,
THV,Đại học Hùng Vương,7480201,Công nghệ thông tin,A00,17,
THV,Đại học Hùng Vương,7480201,Công nghệ thông tin,A00 | A01 | C14 | D01,15,
THV,Đại học Hùng Vương,7510201,Công nghệ kỹ thuật cơ khí (chuyên ngành Cơ khí chế tạo),A00,16,
THV,Đại học Hùng Vương,7720301,Điều dưỡng,A00 | B00,19,
THV,Đại học Hùng Vương,7140201,Giáo dục Mầm non,M00,31.9,
THV,Đại học Hùng Vương,7140202,Giáo dục Tiểu học,A00,26.75,
THV,Đại học Hùng Vương,7140206,Giáo dục Thể chất,T00,31.75,
THV,Đại học Hùng Vương,7340301,Kế toán,A00,17,
THV,Đại học Hùng Vương,7340301,Kế toán,A00 | C03 | C14 | D01,15,
THV,Đại học Hùng Vương,7310101,Kinh tế,A00,17,
THV,Đại học Hùng Vương,7340115,Marketing,A00 | A01 | C00 | C01,15,
THV,Đại học Hùng Vương,7380101,Ngành Luật,A00 | A09 | C00 | C14,15,
THV,Đại học Hùng Vương,7220204,Ngôn ngữ Trung Quốc,C00 | D01 | D04 | D15,15,
THV,Đại học Hùng Vương,7220201,Ngôn ngữ Anh,D01 | D14 | D15 | D66,15,
THV,Đại học Hùng Vương,7220209,Ngôn ngữ Nhật,C00 | D01 | D15 | D66,15,
THV,Đại học Hùng Vương,7340101,Quản trị Kinh doanh,A00,17,
THV,Đại học Hùng Vương,7720802,Quản lý bệnh viện,B00 | B03 | C01 | C02,15,
THV,Đại học Hùng Vương,7340101,Quản trị Kinh doanh,A00 | C00 | C01 | D01,15,
THV,Đại học Hùng Vương,7810201,Quản trị khách sạn,A00 | A01 | C00 | D01,15,
THV,Đại học Hùng Vương,7810103,Quản trị dịch vụ du lịch và lữ hành,A00 | A01 | C00 | D01,15,
THV,Đại học Hùng Vương,7810103,Quản trị dịch vụ du lịch và lữ hành,C00,16,
THV,Đại học Hùng Vương,7140221,Sư phạm Âm nhạc,N00,29,
THV,Đại học Hùng Vương,7140209,Sư phạm Toán học,A00,24.75,
THV,Đại học Hùng Vương,7140231,Sư phạm Tiếng Anh,D01,25.3,
THV,Đại học Hùng Vương,7140217,Sư phạm Ngữ văn,C00,27.45,
THV,Đại học Hùng Vương,7340201,Tài chính – Ngân hàng,A00,17,
THV,Đại học Hùng Vương,7340201,Tài chính – Ngân hàng,A00 | C00 | C04 | D01,15,
THV,Đại học Hùng Vương,7640101,Thú y,A00,16,
THV,Đại học Hùng Vương,7340122,Thương mại điện tử,A00 | A01 | C00 | C01,15,
DQN,Đại học Quy Nhơn,7760101,Công tác xã hội,C00 | D01 | D14,15,
DQN,Đại học Quy Nhơn,7480201,Công nghệ thông tin,A00 | A01 | D01,15,
DQN,Đại học Quy Nhơn,7510401,Công nghệ kỹ thuật hoá học,A00 | B00 | C02 | D07,15,
DQN,Đại học Quy Nhơn,7510205,Công nghệ kỹ thuật ô tô,A00 | A01,22,
DQN,Đại học Quy Nhơn,7540101,Công nghệ thực phẩm,A00 | B00 | C02 | D07,15,
DQN,Đại học Quy Nhơn,7460112,ĐH Toán ứng dụng,A00 | A01 | D07 | D90,15,
DQN,Đại học Quy Nhơn,7310608,Đông phương học,C00 | C19 | D01 | D15,15,
DQN,Đại học Quy Nhơn,7140202,Giáo dục Tiểu học,A00 | C00 | D01,24.45,
DQN,Đại học Quy Nhơn,7140206,Giáo dục Thể chất,T00 | T02 | T03 | T05,22.25,
DQN,Đại học Quy Nhơn,7140201,Giáo dục Mầm non,M00,20.25,
DQN,Đại học Quy Nhơn,7140205,Giáo dục Chính trị,C00 | C19 | D01,24.5,
DQN,Đại học Quy Nhơn,7340301,Kế toán,A00 | A01 | D01,15,
DQN,Đại học Quy Nhơn,7340301C,Kế toán (CT chất lượng cao),A00 | A01 | D01,15,
DQN,Đại học Quy Nhơn,7460108,Khoa học dữ liệu (Data Science),A00 | A01 | D07 | D90,15,
DQN,Đại học Quy Nhơn,7340302,Kiểm toán,A00 | A01 | D01,15,
DQN,Đại học Quy Nhơn,7310101,Kinh tế,A00 | A01 | D01,18.5,
DQN,Đại học Quy Nhơn,7580201,Kỹ thuật xây dựng,A00 | A01 | D07,15,
DQN,Đại học Quy Nhơn,7480103,Kỹ thuật phần mềm,A00 | A01,15,
DQN,Đại học Quy Nhơn,7520201,Kỹ thuật điện,A00 | A01 | D07,15,
DQN,Đại học Quy Nhơn,7510605,Logistics và Quản lý chuỗi cung ứng,A00 | A01 | D01,21,
DQN,Đại học Quy Nhơn,7520216,Ngành Kỹ thuật điều khiển & Tự động hóa,A00 | A01 | D07,15,
DQN,Đại học Quy Nhơn,7520207,Ngành Kỹ thuật điện tử truyền thông,A00 | A01 | D07,15,
DQN,Đại học Quy Nhơn,7380101,Ngành Luật,A00 | C00 | C19 | D01,17.75,
DQN,Đại học Quy Nhơn,7220204,Ngôn ngữ Trung Quốc,A01 | D01 | D04 | D15,22.25,
DQN,Đại học Quy Nhơn,7220201,Ngôn ngữ Anh,A01 | D01 | D14 | D15,19.5,
DQN,Đại học Quy Nhơn,7620109,Nông học,B00 | B03 | B04 | C08,15,
DQN,Đại học Quy Nhơn,7340101,Quản trị Kinh doanh,A00 | A01 | D01,15,
DQN,Đại học Quy Nhơn,7140114,Quản lý giáo dục,A00 | A01 | C00 | D01,15,
DQN,Đại học Quy Nhơn,7850103,Quản lý đất đai,A00 | B00 | C04 | D01,15,
DQN,Đại học Quy Nhơn,7810201,Quản trị khách sạn,A00 | A01 | D01,15,
DQN,Đại học Quy Nhơn,7810103,Quản trị dịch vụ du lịch và lữ hành,A00 | A01 | D01 | D14,17.75,
DQN,Đại học Quy Nhơn,7310205,Quản lý nhà nước,A00 | C00 | C19 | D01,17.5,
DQN,Đại học Quy Nhơn,7850101,Quản lý tài nguyên và môi trường,A00 | B00 | C04 | D01,15,
DQN,Đại học Quy Nhơn,7480107 (trước 2023),Quản trị và phân tích dữ liệu,A00 | A01 | D07 | D90,15,
DQN,Đại học Quy Nhơn,7140217,Sư phạm Ngữ văn,C00 | D14 | D15,25.25,
DQN,Đại học Quy Nhơn,7140213,Sư phạm Sinh học,A02 | B00 | B08,20,
DQN,Đại học Quy Nhơn,7140247,Sư phạm khoa học tự nhiên,A00 | A01 | A02 | B00,19,
DQN,Đại học Quy Nhơn,7140219,Sư phạm Địa lý,A00 | C00 | D15,23.5,
DQN,Đại học Quy Nhơn,7140210,Sư phạm Tin học (Chuyên ngành Tin học – Công nghệ Tiểu học),A00 | A01 | D07,19,
DQN,Đại học Quy Nhơn,7140218,Sư phạm Lịch sử,C00 | C19 | D14,25.75,
DQN,Đại học Quy Nhơn,7140209,Sư phạm Toán học,A00 | A01,25.25,
DQN,Đại học Quy Nhơn,7140231,Sư phạm Tiếng Anh,D01,24.75,
DQN,Đại học Quy Nhơn,7140249,Sư phạm Lịch sử - Địa lý,C00 | C19 | C20,24.25,
DQN,Đại học Quy Nhơn,7140211,Sư phạm Vật lý,A00 | A01 | A02,23.5,
DQN,Đại học Quy Nhơn,7340201,Tài chính – Ngân hàng,A00 | A01 | D01,15,
DQN,Đại học Quy Nhơn,7310403,Tâm lý học giáo dục,A00 | C00 | C19 | D01,15,
DQN,Đại học Quy Nhơn,7229030,Văn học,C00 | C19 | D14 | D15,15,
DQN,Đại học Quy Nhơn,7310630D,Việt Nam học,C00 | C19 | D14 | D15,15,
XDA,Đại học Xây dựng Hà Nội,7520103_04,Chuyên ngành kỹ thuật oto,A00 | A01 | D07,23.37,
XDA,Đại học Xây dựng Hà Nội,7580302_03,Chuyên ngành quản lý hạ tầng đất đai đô thi,A00 | A01 | D01 | D07,19.4,
XDA,Đại học Xây dựng Hà Nội,7510105,Công nghệ kỹ thuật vật liệu xây dựng,A00 | A01 | B00 | D07,17,
XDA,Đại học Xây dựng Hà Nội,7480201,Công nghệ thông tin,A00 | A01 | D01 | D07,24.25,
XDA,Đại học Xây dựng Hà Nội,7480101,Khoa học máy tính,A00 | A01 | D01 | D07,23.91,
XDA,Đại học Xây dựng Hà Nội,7480101_QT,Khoa học máy tính (LK với ĐH Frostburg ),A00 | A01 | D01 | D07,22.9,
XDA,Đại học Xây dựng Hà Nội,7580102,Kiến trúc cảnh quan,V00 | V02 | V06,19.23,
XDA,Đại học Xây dựng Hà Nội,7580101_02,Kiến trúc (chuyên ngành: Kiến trúc công nghệ),V00 | V02,20.64,
XDA,Đại học Xây dựng Hà Nội,7580101,Kiến trúc,V00 | V02 | V10,21.05,
XDA,Đại học Xây dựng Hà Nội,7580103,Kiến trúc nội thất (Hệ 5 năm; tốt nghiệp cấp bằng kiến trúc sư),V00 | V02,21.53,
XDA,Đại học Xây dựng Hà Nội,7580301,Kinh tế xây dựng,A00 | A01 | D01 | D07,22.4,
XDA,Đại học Xây dựng Hà Nội,7520201,Kỹ thuật điện,A00 | A01 | D07,19.2,
XDA,Đại học Xây dựng Hà Nội,7580201_01,Kỹ thuật công trình xây dựng (chuyên ngành: Xây dựng Dân dụng và Công nghiệp),A00 | A01 | D07 | D24 | D29,20,
XDA,Đại học Xây dựng Hà Nội,7520103_01,Kỹ thuật cơ khí (chuyên ngành: Máy xây dựng),A00 | A01 | D07,17,
XDA,Đại học Xây dựng Hà Nội,7580213_01,Kỹ thuật Cấp thoát nước (chuyên ngành: Cấp thoát nước - Môi trường nước),A00 | A01 | B00 | D07,17,
XDA,Đại học Xây dựng Hà Nội,7580201_03,Kỹ thuật xây dựng (chuyên ngành: Tin học xây dựng),A00 | A01 | D01 | D07,21.2,
XDA,Đại học Xây dựng Hà Nội,7520103_03,Kỹ thuật cơ khí (chuyên ngành: Kỹ thuật cơ điện),A00 | A01 | D07,22.4,
XDA,Đại học Xây dựng Hà Nội,7520309,Kỹ thuật vật liệu,A00 | A01 | B00 | D07,17,
XDA,Đại học Xây dựng Hà Nội,7580201_02,Kỹ thuật công trình xây dựng (chuyên ngành: Hệ thống kỹ thuật trong công trình),A00 | A01 | D07,20,
XDA,Đại học Xây dựng Hà Nội,7580201,Kỹ thuật xây dựng,A00 | A01 | D01 | D07,17,
XDA,Đại học Xây dựng Hà Nội,7520103,Kỹ thuật cơ khí,A00 | A01 | D07,22.65,
XDA,Đại học Xây dựng Hà Nội,7580205_01,Kỹ thuật xây dựng công trình Giao thông (Chuyên ngành: Xây dựng Cầu đường),A00 | A01 | D01 | D07,18,
XDA,Đại học Xây dựng Hà Nội,7510605,Logistics và Quản lý chuỗi cung ứng,A00 | A01 | D01 | D07,24.49,
XDA,Đại học Xây dựng Hà Nội,7520320,Ngành Kỹ thuật môi trường,A00 | A01 | B00 | D07,17,
XDA,Đại học Xây dựng Hà Nội,7580201_QT,Ngành kỹ thuật xây dựng liên kết với Mississippi,A00 | A01 | D01 | D07,17,
XDA,Đại học Xây dựng Hà Nội,7580302_02,Quản lý xây dựng (chuyên ngành:Kinh tế và Quản lý Bất động sản).,A00 | A01 | D01 | D07,21.5,
XDA,Đại học Xây dựng Hà Nội,7580302_01,Quản lý xây dựng (chuyên ngành: Kinh tế và Quản lý đô thị).,A00 | A01 | D01 | D07,21.25,
XDA,Đại học Xây dựng Hà Nội,7580105,Quy hoạch vùng và đô thị,V00 | V01 | V02,17,
VGU,Đại học Việt Đức,7480101,Khoa học máy tính,A00 | A01 | D07,22,
VGU,Đại học Việt Đức,7580101,Kiến trúc,A00 | A01 | V00 | V02,20,
VGU,Đại học Việt Đức,7520103,Kỹ thuật cơ khí,A00 | A01 | D07,20,
VGU,Đại học Việt Đức,7580201,Kỹ thuật xây dựng,A00 | A01 | D07,18,
VGU,Đại học Việt Đức,7520208 (trước 2023),Kỹ thuật điện và công nghệ thông tin,A00 | A01 | D07,20,
VGU,Đại học Việt Đức,7340101,Quản trị Kinh doanh,A00 | A01 | D01 | D03 | D05 | D07,20,
VGU,Đại học Việt Đức,7340202,Tài chính và Kế toán (FA),A00 | A01 | D01 | D03 | D05 | D07,20,
DTL,Đại học Thăng Long,7480201,Công nghệ thông tin,A00 | A01,24.02,
DTL,Đại học Thăng Long,7720301,Điều dưỡng,B00,19,
DTL,Đại học Thăng Long,7480104,Hệ thống thông tin,A00 | A01,23.29,
DTL,Đại học Thăng Long,7340301,Kế toán,A00 | A01 | D01 | D90,24.35,
DTL,Đại học Thăng Long,7480101,Khoa học máy tính,A00 | A01,23.66,
DTL,Đại học Thăng Long,7340106,Kinh tế quốc tế,A00 | A01 | D01 | D90,24.78,
DTL,Đại học Thăng Long,7510605,Logistics và Quản lý chuỗi cung ứng,A00 | A01 | D01 | D90,24.77,
DTL,Đại học Thăng Long,7380107,Luật kinh tế,A00 | A01 | C00 | D01,23.96,
DTL,Đại học Thăng Long,7480102,Mạng máy tính và truyền thông dữ liệu,A00 | A01,23.46,
DTL,Đại học Thăng Long,7340115,Marketing,A00 | A01 | D01 | D90,25.41,
DTL,Đại học Thăng Long,7220209,Ngôn ngữ Nhật,D01 | D06 | D78 | D96,23.63,
DTL,Đại học Thăng Long,7220201,Ngôn ngữ Anh,D01 | D78 | D96,24.5,
DTL,Đại học Thăng Long,7220204,Ngôn ngữ Trung Quốc,D01 | D04 | D78 | D96,25.18,
DTL,Đại học Thăng Long,7220210,Ngôn ngữ Hàn Quốc,D01 | D78 | D96,24.91,
DTL,Đại học Thăng Long,7810103,Quản trị dịch vụ du lịch và lữ hành,A00 | A01 | C00 | D01,23.84,
DTL,Đại học Thăng Long,7340101,Quản trị Kinh doanh,A00 | A01 | D01 | D90,24.54,
DTL,Đại học Thăng Long,7810201,Quản trị khách sạn,A00 | A01 | C00 | D01,24.1,
DTL,Đại học Thăng Long,7340201,Tài chính – Ngân hàng,A00 | A01 | D01 | D90,24.49,
DTL,Đại học Thăng Long,7210403,Thiết kế đồ họa,H00 | H01 | H04 | V00,18,
DTL,Đại học Thăng Long,7340122,Thương mại điện tử,A00 | A01 | D01 | D90,24.97,
DTL,Đại học Thăng Long,7480207,Trí tuệ nhân tạo,A00 | A01,22.93,
DTL,Đại học Thăng Long,7320104,Truyền thông đa phương tiện,A00 | A01 | C00 | D01,25.89,
DTL,Đại học Thăng Long,7310630D,Việt Nam học,C00 | D01 | D14 | D15,22.5,
HCN,Đại học Kỹ Thuật - Hậu Cần Công An Nhân Dân ( Phía Nam ),7480200|12A01,Nhóm ngành Kỹ thuật CAND (Thí sinh Nữ - Phía Nam),A01,21.75,
HCN,Đại học Kỹ Thuật - Hậu Cần Công An Nhân Dân ( Phía Nam ),7480200|12A00,Thí sinh nữ (Phía Nam),A00,21.75,
HCN,Đại học Kỹ Thuật - Hậu Cần Công An Nhân Dân ( Phía Nam ),7480200|22A00,Thí sinh nam (Phía Nam),A00,17.67,
HCN,Đại học Kỹ Thuật - Hậu Cần Công An Nhân Dân ( Phía Nam ),7480200|22A01,Thí sinh nam (Phía Nam),A01,17.67,
GDU,Đại học Gia Định,7480201,Công nghệ thông tin,A00 | A01 | C01 | D01,16.25,
GDU,Đại học Gia Định,7480201,Công nghệ thông tin,A00 | A01 | C01 | D01,18,tài năng
GDU,Đại học Gia Định,7310608,Đông phương học,A00 | A01 | C00 | D01,15,
GDU,Đại học Gia Định,7340301,Kế toán,A00 | A01 | C00 | D01,15,
GDU,Đại học Gia Định,7480103,Kỹ thuật phần mềm,A00 | A01 | C01 | D01,15,
GDU,Đại học Gia Định,7510605,Logistics và Quản lý chuỗi cung ứng,A00 | A01 | C00 | D01,16,
GDU,Đại học Gia Định,7480102,Mạng máy tính và truyền thông dữ liệu,A00 | A01 | C01 | D01,15,
GDU,Đại học Gia Định,7340115,Marketing,A00 | A01 | C00 | D01,18,tài năng
GDU,Đại học Gia Định,7340115,Marketing,A00 | A01 | C00 | D01,15.75,
GDU,Đại học Gia Định,7380101,Ngành Luật,A00 | A01 | C00 | D01,15,
GDU,Đại học Gia Định,7340120,Ngành Kinh doanh quốc tế,A00 | A01 | C00 | D01,15,
GDU,Đại học Gia Định,7220201,Ngôn ngữ Anh,A00 | A01 | C00 | D01,15,
GDU,Đại học Gia Định,7810103,Quản trị dịch vụ du lịch và lữ hành,A00 | A01 | C00 | D01,15,
GDU,Đại học Gia Định,7340101,Quản trị Kinh doanh,A00 | A01 | C00 | D01,18,tài năng
GDU,Đại học Gia Định,7320108,Quan hệ công chúng,A00 | A01 | C00 | D01,16.5,
GDU,Đại học Gia Định,7340101,Quản trị Kinh doanh,A00 | A01 | C00 | D01,15,
GDU,Đại học Gia Định,7810201,Quản trị khách sạn,A00 | A01 | C00 | D01,15,
GDU,Đại học Gia Định,7340201,Tài chính – Ngân hàng,A00 | A01 | C00 | D01,15,
GDU,Đại học Gia Định,7340122,Thương mại điện tử,A00 | A01 | C00 | D01,15,
GDU,Đại học Gia Định,7320104,Truyền thông đa phương tiện,A00 | A01 | C00 | D01,15,
DHI,Khoa Quốc Tế - ĐH Huế,7850102,Kinh tế tài nguyên thiên nhiên,A00 | A01 | C00 | D01,17,
DHI,Khoa Quốc Tế - ĐH Huế,7310206,Quan hệ quốc tế,C00 | D01 | D14 | D15,20,
DHI,Khoa Quốc Tế - ĐH Huế,7320104,Truyền thông đa phương tiện,C00 | D01 | D14 | D15,23,
BMU,Đại học Buôn Ma Thuột,7720301,Điều dưỡng,A00,19,
BMU,Đại học Buôn Ma Thuột,7720201,Dược học,A00,21,
BMU,Đại học Buôn Ma Thuột,7720701,Y tế công cộng,A00,16,
BMU,Đại học Buôn Ma Thuột,7720101,Y khoa,A00,22.75,
TDD,Đại học Thành Đô,7510301,"Công nghệ kỹ thuật điện, điện tử",A00 | A01 | B00 | D01,16.5,
TDD,Đại học Thành Đô,7510205,Công nghệ kỹ thuật ô tô,A00 | A01 | B00 | D01,16.5,
TDD,Đại học Thành Đô,7480201,Công nghệ thông tin,A00 | A01 | B00 | D01,16.5,
TDD,Đại học Thành Đô,7720201,Dược học,A00 | A11 | B00 | D07,16.5,
TDD,Đại học Thành Đô,7340301,Kế toán,A00 | A01 | B00 | D01,16.5,
TDD,Đại học Thành Đô,7380107,Luật kinh tế,A00 | A01 | C00 | D01,16.5,
TDD,Đại học Thành Đô,7380101,Ngành Luật,A00 | A01 | C00 | D01,16.5,
TDD,Đại học Thành Đô,7220201,Ngôn ngữ Anh,D01 | D07 | D14 | D15,16.5,
TDD,Đại học Thành Đô,7340101,Quản trị Kinh doanh,A00 | A01 | C00 | D01,16.5,
TDD,Đại học Thành Đô,7810201,Quản trị khách sạn,A00 | A01 | C00 | D01,16.5,
TDD,Đại học Thành Đô,7340406,Quản trị văn phòng,A00 | A01 | C00 | D01,16.5,
TDD,Đại học Thành Đô,7310630D,Việt Nam học,A00 | A01 | C00 | D01,16.5,
SIU,Đại học Quốc tế Sài Gòn,7310608,Đông phương học,A01 | C00 | D01 | D04,17,
SIU,Đại học Quốc tế Sài Gòn,7340301,Kế toán,A00 | A01 | C01 | D01,17,
SIU,Đại học Quốc tế Sài Gòn,7480101,Khoa học máy tính,A00 | A01 | D01 | D07,17,
SIU,Đại học Quốc tế Sài Gòn,7510605,Logistics và Quản lý chuỗi cung ứng,A00 | A01 | A07 | D01,17,
SIU,Đại học Quốc tế Sài Gòn,7380107,Luật kinh tế,A00 | A01 | C00 | D01,17,
SIU,Đại học Quốc tế Sài Gòn,7220201,Ngôn ngữ Anh,D01 | D11 | D12 | D15,17,
SIU,Đại học Quốc tế Sài Gòn,7340101,Quản trị Kinh doanh,A00 | A01 | A07 | D01,17,
SIU,Đại học Quốc tế Sài Gòn,7810201,Quản trị khách sạn,A00 | A01 | A07 | D01,17,
SIU,Đại học Quốc tế Sài Gòn,7310401,Tâm lý học,C00 | D01 | D14 | D15,17,
SIU,Đại học Quốc tế Sài Gòn,7340122,Thương mại điện tử,A00 | A01 | A07 | D01,17,
DDS,Đại học Sư Phạm - Đại học Đà Nẵng,7320101,Báo chí,C00 | C14 | D15 | D66,24.77,
DDS,Đại học Sư Phạm - Đại học Đà Nẵng,7420201,Công nghệ sinh học,A01 | B00 | B03 | B08,16.85,
DDS,Đại học Sư Phạm - Đại học Đà Nẵng,7480201,Công nghệ thông tin,A00 | A01,21.15,
DDS,Đại học Sư Phạm - Đại học Đà Nẵng,7760101,Công tác xã hội,C00 | C19 | C20 | D01,21.75,
DDS,Đại học Sư Phạm - Đại học Đà Nẵng,7310501,Địa lý học,C00 | D15,29.5,
DDS,Đại học Sư Phạm - Đại học Đà Nẵng,7140202,Giáo dục Tiểu học,A00 | B00 | C00 | D01,25.02,
DDS,Đại học Sư Phạm - Đại học Đà Nẵng,7140201,Giáo dục Mầm non,M01 | M09,20,
DDS,Đại học Sư Phạm - Đại học Đà Nẵng,7140205,Giáo dục Chính trị,C00 | C19 | C20 | D66,25.8,
DDS,Đại học Sư Phạm - Đại học Đà Nẵng,7140204,Giáo dục Công dân,C00 | C19 | C20 | D66,25.33,
DDS,Đại học Sư Phạm - Đại học Đà Nẵng,7140206,Giáo dục Thể chất,T00 | T02 | T03 | T05,20.63,
DDS,Đại học Sư Phạm - Đại học Đà Nẵng,7440112,Hóa học,A00 | B00 | D07,17.8,
DDS,Đại học Sư Phạm - Đại học Đà Nẵng,7229010,Lịch sử,C00 | C19 | D14,22.25,
DDS,Đại học Sư Phạm - Đại học Đà Nẵng,7850101,Quản lý tài nguyên và môi trường,A01 | B00 | B03 | B08,15.9,
DDS,Đại học Sư Phạm - Đại học Đà Nẵng,7140221,Sư phạm Âm nhạc,N00 | N01,22.2,
DDS,Đại học Sư Phạm - Đại học Đà Nẵng,7140249,Sư phạm Lịch sử - Địa lý,C00 | C19 | C20 | D78,25.8,
DDS,Đại học Sư Phạm - Đại học Đà Nẵng,7140212,Sư phạm Hóa học,A00 | B00 | D07,25.02,
DDS,Đại học Sư Phạm - Đại học Đà Nẵng,7140219,Sư phạm Địa lý,C00 | D15,24.63,
DDS,Đại học Sư Phạm - Đại học Đà Nẵng,7140211,Sư phạm Vật lý,A00 | A01 | A02,24.7,
DDS,Đại học Sư Phạm - Đại học Đà Nẵng,7140217,Sư phạm Ngữ văn,C00 | C14 | D66,25.92,
DDS,Đại học Sư Phạm - Đại học Đà Nẵng,7140209,Sư phạm Toán học,A00 | A01,24.96,
DDS,Đại học Sư Phạm - Đại học Đà Nẵng,7140247,Sư phạm khoa học tự nhiên,A00 | A02 | B00 | D90,23.5,
DDS,Đại học Sư Phạm - Đại học Đà Nẵng,7140250,Sư phạm Tin học và Công nghệ Tiểu học,A00 | B00 | C00 | D01,22.3,
DDS,Đại học Sư Phạm - Đại học Đà Nẵng,7140213,Sư phạm Sinh học,B00 | B03 | B08,22.35,
DDS,Đại học Sư Phạm - Đại học Đà Nẵng,7140218,Sư phạm Lịch sử,C00 | C19,27.58,
DDS,Đại học Sư Phạm - Đại học Đà Nẵng,7140210,Sư phạm Tin học (Chuyên ngành Tin học – Công nghệ Tiểu học),A00 | A01,21.4,
DDS,Đại học Sư Phạm - Đại học Đà Nẵng,7310401,Tâm lý học,B00 | C00 | D01 | D66,23,
DDS,Đại học Sư Phạm - Đại học Đà Nẵng,7229040,Văn hoá học,C00 | C14 | D15 | D66,21.35,
DDS,Đại học Sư Phạm - Đại học Đà Nẵng,7229030,Văn học,C00 | C14 | D15 | D66,23.34,
DDS,Đại học Sư Phạm - Đại học Đà Nẵng,7520401,Vật lý kỹ thuật,A00 | A01 | A02,15.35,
DDS,Đại học Sư Phạm - Đại học Đà Nẵng,7310630D,Việt Nam học,C00 | D14 | D15,20.5,
LPH,Đại học Luật Hà Nội,7380107,Luật kinh tế,C00,27.36,
LPH,Đại học Luật Hà Nội,7380107,Luật kinh tế,A00 | A01,25.5,
LPH,Đại học Luật Hà Nội,7380109,Luật Thương mại Quốc tế,A01,24.8,
LPH,Đại học Luật Hà Nội,7380107,Luật kinh tế,D01 | D02 | D03 | D05 | D06,26.5,
LPH,Đại học Luật Hà Nội,7380109,Luật Thương mại Quốc tế,D01,25.75,
LPH,Đại học Luật Hà Nội,7380101,Ngành Luật,D01 | D02 | D03 | D05 | D06,25.75,
LPH,Đại học Luật Hà Nội,7380101,Ngành Luật,C00,26.5,
LPH,Đại học Luật Hà Nội,7380101,Ngành Luật,A00 | A01,24,
LPH,Đại học Luật Hà Nội,7220201,Ngôn ngữ Anh,D01,24.5,
LPH,Đại học Luật Hà Nội,7220201,Ngôn ngữ Anh,A01,24,
UKH,Đại học Khánh Hòa,7140202,Giáo dục Tiểu học,A00,24.44,
UKH,Đại học Khánh Hòa,7440112,Hóa học,A00,15,
UKH,Đại học Khánh Hòa,7220201,Ngôn ngữ Anh,D01,15,
UKH,Đại học Khánh Hòa,7220201A,Ngôn ngữ Anh,D01,15,chuyên ngành Du lịch
UKH,Đại học Khánh Hòa,7229020,Ngôn ngữ học,D01,16,
UKH,Đại học Khánh Hòa,7810103,Quản trị dịch vụ du lịch và lữ hành,D01,15,
UKH,Đại học Khánh Hòa,7340101B,Quản trị kinh doanh,D01,16,chuyên ngành Marketing
UKH,Đại học Khánh Hòa,7810201,Quản trị khách sạn,D01,15,
UKH,Đại học Khánh Hòa,7340101,Quản trị Kinh doanh,D01,15,
UKH,Đại học Khánh Hòa,7340101C,Quản trị kinh doanh,D01,15,ngành Nhà hàng và dịch vụ ăn uống
UKH,Đại học Khánh Hòa,7340101A,Quản trị kinh doanh,D01,15,chuyên ngành Quản lý bán lẻ
UKH,Đại học Khánh Hòa,7420203A,Sinh học ứng dụng - dược liệu,A00,15,
UKH,Đại học Khánh Hòa,7140231A,Sư phạm Tiếng Anh,D01,25.85,"Giảng dạy THCS, THPT"
UKH,Đại học Khánh Hòa,7140231,Sư phạm Tiếng Anh,D01,24.15,Giảng dạy Tiểu học
UKH,Đại học Khánh Hòa,7229040,Văn hoá học,C00,15,
UKH,Đại học Khánh Hòa,7229030,Văn học,C00,20,
UKH,Đại học Khánh Hòa,7310630A,Việt Nam học (Văn hóa Du lịch),C00,15,
UKH,Đại học Khánh Hòa,7310630D,Việt Nam học,C00,20,chuyên ngành Hướng dẫn du lịch
QHL,Khoa Luật - Đại học Quốc gia Hà Nội,7380101CLC,Luật chất lượng cao đáp ứng Thông tư 23,A01 | D01 | D07 | D78,25.1,
QHL,Khoa Luật - Đại học Quốc gia Hà Nội,7380110,Luật kinh doanh,A00 | A01 | D01 | D03 | D78 | D82,25.29,
QHL,Khoa Luật - Đại học Quốc gia Hà Nội,7380109,Luật Thương mại Quốc tế,A00 | A01 | D01 | D78 | D82,25.7,
QHL,Khoa Luật - Đại học Quốc gia Hà Nội,7380101,Ngành Luật,A00,24.35,
QHL,Khoa Luật - Đại học Quốc gia Hà Nội,7380101,Ngành Luật,D82,24.28,
QHL,Khoa Luật - Đại học Quốc gia Hà Nội,7380101,Ngành Luật,D01 | D78,25.1,
QHL,Khoa Luật - Đại học Quốc gia Hà Nội,7380101,Ngành Luật,C00,27.5,
QHL,Khoa Luật - Đại học Quốc gia Hà Nội,7380101,Ngành Luật,D03,24.6,
KQH,Học viện Kĩ Thuật Quân Sự - Hệ Quân sự,7860220|22A01,"Chỉ huy, quản lý kỹ thuật (Nam - Phía Nam)",A01,24.42,
KQH,Học viện Kĩ Thuật Quân Sự - Hệ Quân sự,7860220|11A00,"Chỉ huy, quản lý kỹ thuật (Nữ - Phía Bắc)",A00,26.87,
KQH,Học viện Kĩ Thuật Quân Sự - Hệ Quân sự,7860220|21A00,"Chỉ huy, quản lý kỹ thuật (Nam - Phía Bắc)",A00,24.91,
KQH,Học viện Kĩ Thuật Quân Sự - Hệ Quân sự,7860220|12A00,"Chỉ huy, quản lý kỹ thuật (Nữ - Phía Nam)",A00,26.28,
KQH,Học viện Kĩ Thuật Quân Sự - Hệ Quân sự,7860220|11A01,"Chỉ huy, quản lý kỹ thuật (Nữ - Phía Bắc)",A01,26.87,
KQH,Học viện Kĩ Thuật Quân Sự - Hệ Quân sự,7860220|12A01,"Chỉ huy, quản lý kỹ thuật (Nữ - Phía Nam)",A01,26.28,
KQH,Học viện Kĩ Thuật Quân Sự - Hệ Quân sự,7860220|21A01,"Chỉ huy, quản lý kỹ thuật (Nam - Phía Bắc)",A01,24.91,
KQH,Học viện Kĩ Thuật Quân Sự - Hệ Quân sự,7860220|22A00,"Chỉ huy, quản lý kỹ thuật (Nam - Phía Nam)",A00,24.42,
HEH,Học viện Hậu Cần - Hệ Quân sự,7860218|12A00,Hậu cần quân sự (Nữ - Phía Nam),A00,25.6,
HEH,Học viện Hậu Cần - Hệ Quân sự,7860218|22A01,Hậu cần quân sự (Nam - Phía Nam),A01,21.7,
HEH,Học viện Hậu Cần - Hệ Quân sự,7860218|11A00,Hậu cần quân sự (Nữ - Phía Bắc),A00,26.01,
HEH,Học viện Hậu Cần - Hệ Quân sự,7860218|21A01,Hậu cần quân sự (Nam - Phía Bắc),A01,24.68,
HEH,Học viện Hậu Cần - Hệ Quân sự,7860218|12A01,Hậu cần quân sự (Nữ - Phía Bắc),A01,25.6,
HEH,Học viện Hậu Cần - Hệ Quân sự,7860218|11A01,Hậu cần quân sự (Nữ - Phía Bắc),A01,26.01,
HEH,Học viện Hậu Cần - Hệ Quân sự,7860218|21A00,Hậu cần quân sự (Nam - Phía Bắc),A00,24.68,
HEH,Học viện Hậu Cần - Hệ Quân sự,7860218|22A00,Hậu cần quân sự (Nam - Phía Nam),A00,21.7,
XDT,Đại học Xây dựng Miền Trung,7510205,Công nghệ kỹ thuật ô tô,A00 | A01 | C01 | D01,15,
XDT,Đại học Xây dựng Miền Trung,7480201,Công nghệ thông tin,A00 | A01 | C01 | D01,15,
XDT,Đại học Xây dựng Miền Trung,7340301,Kế toán,A00 | A01 | C01 | D01,15,
XDT,Đại học Xây dựng Miền Trung,7580103,Kiến trúc nội thất (Hệ 5 năm; tốt nghiệp cấp bằng kiến trúc sư),A01 | D01 | V00 | V01,15,
XDT,Đại học Xây dựng Miền Trung,7580101,Kiến trúc,A01 | D01 | V00 | V01,15,
XDT,Đại học Xây dựng Miền Trung,7580301,Kinh tế xây dựng,A00 | A01 | C01 | D01,15,
XDT,Đại học Xây dựng Miền Trung,7580205,Kỹ thuật xây dựng công trình giao thông,A00 | A01 | C01 | D01,15,
XDT,Đại học Xây dựng Miền Trung,7580201,Kỹ thuật xây dựng,A00 | A01 | C01 | D01,15,
XDT,Đại học Xây dựng Miền Trung,7580213,Kỹ thuật cấp thoát nước,A00 | A01 | C01 | D01,15,
XDT,Đại học Xây dựng Miền Trung,7510605,Logistics và Quản lý chuỗi cung ứng,A00 | A01 | C01 | D01,15,
XDT,Đại học Xây dựng Miền Trung,7520216,Ngành Kỹ thuật điều khiển & Tự động hóa,A00 | A01 | C01 | D01,15,
XDT,Đại học Xây dựng Miền Trung,7580106,Quản lý đô thị và công trình,A00 | A01 | C01 | D01,15,
XDT,Đại học Xây dựng Miền Trung,7580302,Quản lý xây dựng,A00 | A01 | C01 | D01,15,
XDT,Đại học Xây dựng Miền Trung,7340101,Quản trị Kinh doanh,A00 | A01 | C01 | D01,15,
XDT,Đại học Xây dựng Miền Trung,7340201,Tài chính – Ngân hàng,A00 | A01 | C01 | D01,15,
DDL,Đại học Điện lực,7510203,Công nghệ kỹ thuật cơ điện tử,A00 | A01 | D01 | D07,23.25,
DDL,Đại học Điện lực,7510406,Công nghệ kỹ thuật Môi trường,A00 | A01 | D01 | D07,18,
DDL,Đại học Điện lực,7510403,Công nghệ kỹ thuật năng lượng,A00 | A01 | D01 | D07,20,
DDL,Đại học Điện lực,7510201,Công nghệ kỹ thuật cơ khí (chuyên ngành Cơ khí chế tạo),A00 | A01 | D01 | D07,22.3,
DDL,Đại học Điện lực,7480201,Công nghệ thông tin,A00 | A01 | D01 | D07,23.25,
DDL,Đại học Điện lực,7510301,"Công nghệ kỹ thuật điện, điện tử",A00 | A01 | D01 | D07,22.75,
DDL,Đại học Điện lực,7510303,Công nghệ kỹ thuật điều khiển và tự động hóa,A00 | A01 | D01 | D07,23,
DDL,Đại học Điện lực,7510102,Công nghệ kỹ thuật xây dựng dân dụng và công nghiệp,A00 | A01 | D01 | D07,20.5,
DDL,Đại học Điện lực,7510302,Điện tử - viễn thông,A00 | A01 | D01 | D07,22.75,
DDL,Đại học Điện lực,7340301,Kế toán,A00 | A01 | D01 | D07,22.35,
DDL,Đại học Điện lực,7340302,Kiểm toán,A00 | A01 | D01 | D07,22.5,
DDL,Đại học Điện lực,7520115,"Kỹ thuật nhiệt (3 chuyên ngành: Kỹ thuật điện lạnh; Máy lạnh, điều hòa không khí và thông gió; Máy lạnh và thiết bị thực phẩm)",A00 | A01 | D01 | D07,21.3,
DDL,Đại học Điện lực,7510605,Logistics và Quản lý chuỗi cung ứng,A00 | A01 | D01 | D07,23.25,
DDL,Đại học Điện lực,7510602,Quản lý năng lượng,A00 | A01 | D01 | D07,22,
DDL,Đại học Điện lực,7340101,Quản trị Kinh doanh,A00 | A01 | D01 | D07,22.5,
DDL,Đại học Điện lực,7510601,Quản lý công nghiệp,A00 | A01 | D01 | D07,23.5,
DDL,Đại học Điện lực,7810103,Quản trị dịch vụ du lịch và lữ hành,A00 | A01 | D01 | D07,21.3,
DDL,Đại học Điện lực,7340201,Tài chính – Ngân hàng,A00 | A01 | D01 | D07,22.5,
DDL,Đại học Điện lực,7340122,Thương mại điện tử,A00 | A01 | D01 | D07,24,
ANS,Đại học An Ninh Nhân Dân,7860100|13C03|8,Nghiệp vụ An ninh (Địa bàn 8 - Nữ),C03,18.1,
ANS,Đại học An Ninh Nhân Dân,7860100|13D01|4,Nghiệp vụ An ninh (Địa bàn 4 - Nữ),D01,24.16,
ANS,Đại học An Ninh Nhân Dân,7860100|13A01|5,Nghiệp vụ An ninh (Địa bàn 5 - Nữ),A01,24.14,
ANS,Đại học An Ninh Nhân Dân,7860100|23D01|6,Nghiệp vụ An ninh (Địa bàn 6 - Nam),D01,18.62,
ANS,Đại học An Ninh Nhân Dân,7860100|13A00|4,Nghiệp vụ An ninh (Địa bàn 4 - Nữ),A00,24.16,
ANS,Đại học An Ninh Nhân Dân,7860100|23C03|5,Nghiệp vụ An ninh (Địa bàn 5 - Nam),C03,20.45,
ANS,Đại học An Ninh Nhân Dân,7860100|23A01|6,Nghiệp vụ An ninh (Địa bàn 6 - Nam),A01,18.62,
ANS,Đại học An Ninh Nhân Dân,7860100|23A00|5,Nghiệp vụ An ninh (Địa bàn 5 - Nam),A00,20.45,
ANS,Đại học An Ninh Nhân Dân,7860100|13A00|8,Nghiệp vụ An ninh (Địa bàn 8 - Nữ),A00,18.1,
ANS,Đại học An Ninh Nhân Dân,7860100|13C03|7,Nghiệp vụ An ninh (Địa bàn 7 - Nữ),C03,23.66,
ANS,Đại học An Ninh Nhân Dân,7860100|13A01|4,Nghiệp vụ An ninh (Địa bàn 4 - Nữ),A01,24.16,
ANS,Đại học An Ninh Nhân Dân,7860100|23D01|5,Nghiệp vụ An ninh (Địa bàn 5 - Nam),D01,20.45,
ANS,Đại học An Ninh Nhân Dân,7860100|23D01|7,Nghiệp vụ An ninh (Địa bàn 7 - Nam),D01,21.14,
ANS,Đại học An Ninh Nhân Dân,7860100|23C03|4,Nghiệp vụ An ninh (Địa bàn 4 - Nam),C03,20.6,
ANS,Đại học An Ninh Nhân Dân,7860100|23A01|5,Nghiệp vụ An ninh (Địa bàn 5 - Nam),A01,20.45,
ANS,Đại học An Ninh Nhân Dân,7860100|23A00|4,Nghiệp vụ An ninh (Địa bàn 4 - Nam),A00,20.6,
ANS,Đại học An Ninh Nhân Dân,7860100|13D01|8,Nghiệp vụ An ninh (Địa bàn 8 - Nữ),D01,18.1,
ANS,Đại học An Ninh Nhân Dân,7860100|13D01|6,Nghiệp vụ An ninh (Địa bàn 6 - Nữ),D01,22.37,
ANS,Đại học An Ninh Nhân Dân,7860100|13A01|7,Nghiệp vụ An ninh (Địa bàn 7 - Nữ),A01,23.66,
ANS,Đại học An Ninh Nhân Dân,7860100|13C03|5,Nghiệp vụ An ninh (Địa bàn 5 - Nữ),C03,24.14,
ANS,Đại học An Ninh Nhân Dân,7860100|13A00|6,Nghiệp vụ An ninh (Địa bàn 6 - Nữ),A00,22.37,
ANS,Đại học An Ninh Nhân Dân,7860100|23C03|7,Nghiệp vụ An ninh (Địa bàn 7 - Nam),C03,21.14,
ANS,Đại học An Ninh Nhân Dân,7860100|23C03|8,Nghiệp vụ An ninh (Địa bàn 8 - Nam),C03,19.2,
ANS,Đại học An Ninh Nhân Dân,7860100|23A00|8,Nghiệp vụ An ninh (Địa bàn 8 - Nam),A00,19.2,
ANS,Đại học An Ninh Nhân Dân,7860100|23A00|7,Nghiệp vụ An ninh (Địa bàn 7 - Nam),A00,21.14,
ANS,Đại học An Ninh Nhân Dân,7860100|13D01|5,Nghiệp vụ An ninh (Địa bàn 5 - Nữ),D01,24.14,
ANS,Đại học An Ninh Nhân Dân,7860100|13A01|6,Nghiệp vụ An ninh (Địa bàn 6 - Nữ),A01,22.37,
ANS,Đại học An Ninh Nhân Dân,7860100|13A00|5,Nghiệp vụ An ninh (Địa bàn 5 - Nữ),A00,24.14,
ANS,Đại học An Ninh Nhân Dân,7860100|23C03|6,Nghiệp vụ An ninh (Địa bàn 6 - Nam),C03,18.62,
ANS,Đại học An Ninh Nhân Dân,7860100|23A01|7,Nghiệp vụ An ninh (Địa bàn 7 - Nam),A01,21.14,
ANS,Đại học An Ninh Nhân Dân,7860100|23A01|8,Nghiệp vụ An ninh (Địa bàn 8 - Nam),A01,19.2,
ANS,Đại học An Ninh Nhân Dân,7860100|23A00|6,Nghiệp vụ An ninh (Địa bàn 6 - Nam),A00,18.62,
ANS,Đại học An Ninh Nhân Dân,7860100|13A01|8,Nghiệp vụ An ninh (Địa bàn 8 - Nữ),A01,18.1,
ANS,Đại học An Ninh Nhân Dân,7860100|13C03|6,Nghiệp vụ An ninh (Địa bàn 6 - Nữ),C03,22.37,
ANS,Đại học An Ninh Nhân Dân,7860100|13D01|7,Nghiệp vụ An ninh (Địa bàn 7 - Nữ),D01,23.66,
ANS,Đại học An Ninh Nhân Dân,7860100|13A00|7,Nghiệp vụ An ninh (Địa bàn 7 - Nữ),A00,23.66,
ANS,Đại học An Ninh Nhân Dân,7860100|13C03|4,Nghiệp vụ An ninh (Địa bàn 4 - Nữ),C03,24.16,
ANS,Đại học An Ninh Nhân Dân,7860100|23D01|4,Nghiệp vụ An ninh (Địa bàn 4 - Nam),D01,20.6,
ANS,Đại học An Ninh Nhân Dân,7860100|23D01|8,Nghiệp vụ An ninh (Địa bàn 8 - Nam),D01,19.2,
ANS,Đại học An Ninh Nhân Dân,7860100|23A01|4,Nghiệp vụ An ninh (Địa bàn 4 - Nam),A01,20.6,
NLS,Đại học Nông Lâm TP HCM,7620112,Bảo vệ thực vật,A00 | B00 | D07 | D08,17,
NLS,Đại học Nông Lâm TP HCM,7340116,Bất động sản,A00 | A01 | A04 | D01,20,
NLS,Đại học Nông Lâm TP HCM,7859007,Cảnh quan và kỹ thuật hoa viên,A00 | B00 | D07 | D08,16,
NLS,Đại học Nông Lâm TP HCM,7620105,Chăn nuôi,A00 | B00 | D07 | D08,16,
NLS,Đại học Nông Lâm TP HCM,7510201,Công nghệ kỹ thuật cơ khí (chuyên ngành Cơ khí chế tạo),A00 | A01 | D07,21.5,
NLS,Đại học Nông Lâm TP HCM,7510205,Công nghệ kỹ thuật ô tô,A00 | A01 | D07,23,
NLS,Đại học Nông Lâm TP HCM,7540101C,Công nghệ thực phẳm,A00 | A01 | B00 | D08,21.25,
NLS,Đại học Nông Lâm TP HCM,7480201,Công nghệ thông tin,A00 | A01 | D07,23,
NLS,Đại học Nông Lâm TP HCM,7510203,Công nghệ kỹ thuật cơ điện tử,A00 | A01 | D07,22.5,
NLS,Đại học Nông Lâm TP HCM,7510201C,Công nghệ kỹ thuật cơ khí,A00 | A01 | D07,21.5,
NLS,Đại học Nông Lâm TP HCM,7540101T,Công nghệ thực phẩm (CT tiên tiến),A00 | A01 | B00 | D08,21.25,
NLS,Đại học Nông Lâm TP HCM,7510401,Công nghệ kỹ thuật hoá học,A00 | A01 | B00 | D07,23,
NLS,Đại học Nông Lâm TP HCM,7540105,Công nghệ chế biến thủy sản,A00 | B00 | D07 | D08,16,
NLS,Đại học Nông Lâm TP HCM,7540101,Công nghệ thực phẩm,A00 | A01 | B00 | D08,21.25,
NLS,Đại học Nông Lâm TP HCM,7510206,Công nghệ kỹ thuật nhiệt,A00 | A01 | D07,18.5,
NLS,Đại học Nông Lâm TP HCM,7420201,Công nghệ sinh học,A00 | A02 | B00,22.25,
NLS,Đại học Nông Lâm TP HCM,7519007,Công nghệ kỹ thuật năng lượng tái tạo,A00 | A01 | D07,16,
NLS,Đại học Nông Lâm TP HCM,7549001,Công nghệ chế biến lâm sản,A00 | A01 | B00 | D01,16,
NLS,Đại học Nông Lâm TP HCM,7420201C,Công nghệ sinh học,A01 | D07 | D08,22.25,
NLS,Đại học Nông Lâm TP HCM,7620301,ĐH Nuôi trồng thủy sản,A00 | B00 | D07 | D08,16,
NLS,Đại học Nông Lâm TP HCM,51140201,Giáo dục Mầm non,M00,17,
NLS,Đại học Nông Lâm TP HCM,7140201,Giáo dục Mầm non,M00,19,
NLS,Đại học Nông Lâm TP HCM,7480104,Hệ thống thông tin,A00 | A01 | D07,21.5,
NLS,Đại học Nông Lâm TP HCM,7340301,Kế toán,A00 | A01 | D01,23,
NLS,Đại học Nông Lâm TP HCM,7440301,Khoa học môi trường,A00 | A01 | B00 | D07,16,
NLS,Đại học Nông Lâm TP HCM,7620114,Kinh doanh nông nghiệp,A00 | A01 | D01,17,
NLS,Đại học Nông Lâm TP HCM,7310101,Kinh tế,A00 | A01 | D01,22.25,
NLS,Đại học Nông Lâm TP HCM,7620201,Lâm học,A00 | B00 | D01 | D08,16,
NLS,Đại học Nông Lâm TP HCM,7620202,Lâm nghiệp đô thị,A00 | B00 | D01 | D08,16,
NLS,Đại học Nông Lâm TP HCM,7520320,Ngành Kỹ thuật môi trường,A00 | A01 | B00 | D07,16,
NLS,Đại học Nông Lâm TP HCM,7520216,Ngành Kỹ thuật điều khiển & Tự động hóa,A00 | A01 | D07,22,
NLS,Đại học Nông Lâm TP HCM,7220201,Ngôn ngữ Anh,A01 | D01 | D14 | D15,23,
NLS,Đại học Nông Lâm TP HCM,7620109,Nông học,A00 | B00 | D07 | D08,17,
NLS,Đại học Nông Lâm TP HCM,7620116,Phát triển nông thôn,A00 | A01 | D01,16,
NLS,Đại học Nông Lâm TP HCM,7850101,Quản lý tài nguyên và môi trường,A00 | A01 | B00 | D07,16.5,
NLS,Đại học Nông Lâm TP HCM,7620211,Quản lý tài nguyên rừng,A00 | B00 | D01 | D08,16,
NLS,Đại học Nông Lâm TP HCM,7340101C,Quản trị kinh doanh,A00 | A01 | D01,22.25,
NLS,Đại học Nông Lâm TP HCM,7850103,Quản lý đất đai,A00 | A01 | A04 | D01,18.75,
NLS,Đại học Nông Lâm TP HCM,7340101,Quản trị Kinh doanh,A00 | A01 | D01,22.25,
NLS,Đại học Nông Lâm TP HCM,7140215,Sư phạm kỹ thuật nông nghiệp,A00 | A01 | B00 | D08,19,
NLS,Đại học Nông Lâm TP HCM,7859002,Tài nguyên và du lịch sinh thái,A00 | B00 | D01 | D08,19,
NLS,Đại học Nông Lâm TP HCM,7640101,Thú y,A00 | B00 | D07 | D08,24,
NLS,Đại học Nông Lâm TP HCM,7640101T,Thú y (CT tiên tiến),A00 | B00 | D07 | D08,25,
YDN,Đại học Kỹ thuật Y Dược Đà Nẵng,7720301,Điều dưỡng,B00 | D07 | D08,20,
YDN,Đại học Kỹ thuật Y Dược Đà Nẵng,7720201,Dược học,A00 | B00 | D07,24.7,
YDN,Đại học Kỹ thuật Y Dược Đà Nẵng,7720302,Hộ sinh,B00 | D07 | D08,19,
YDN,Đại học Kỹ thuật Y Dược Đà Nẵng,7720601,Kỹ thuật xét nghiệm y học,B00 | D07 | D08,24.25,
YDN,Đại học Kỹ thuật Y Dược Đà Nẵng,7720501,Răng- Hàm -Mặt,B00 | D07 | D08,26.25,
YDN,Đại học Kỹ thuật Y Dược Đà Nẵng,7720110,Y học dự phòng,B00 | D07 | D08,21.25,
YDN,Đại học Kỹ thuật Y Dược Đà Nẵng,7720101,Y khoa,B00 | D07 | D08,26,
DAD,Đại Học Đông Á,7510103 DL,Công nghệ Kỹ thuật xây dựng phân hiệu Đắk Lắk,A00 | A01 | D01 | D90,15,
DAD,Đại Học Đông Á,7510301,"Công nghệ kỹ thuật điện, điện tử",A00 | A01 | D01 | D90,15,
DAD,Đại Học Đông Á,7540101 DL,Công nghiệp thực phẩm phân hiệu Đắk Lắk,A00 | B00 | B08 | D01,15,
DAD,Đại Học Đông Á,7480201 DL,Công nghệ thông tin phân hiệu Đắk Lắk,A00 | A01 | D01 | D90,15,
DAD,Đại Học Đông Á,7480201,Công nghệ thông tin,A00 | A01 | D01 | D90,15,
DAD,Đại Học Đông Á,7510205,Công nghệ kỹ thuật ô tô,A00 | A01 | D01 | D90,15,
DAD,Đại Học Đông Á,7510301 DL,"Công nghệ Kỹ thuật điện, điện tử phân hiệu Đắk Lắk",A00 | A01 | D01 | D90,15,
DAD,Đại Học Đông Á,7510205 DL,Công nghệ Kỹ thuật Điện phân hiệu Đắk Lắk,A00 | A01 | D01 | D90,15,
DAD,Đại Học Đông Á,7510303,Công nghệ kỹ thuật điều khiển và tự động hóa,A00 | A01 | D01 | D90,15,
DAD,Đại Học Đông Á,7540101,Công nghệ thực phẩm,A00 | B00 | B08 | D01,15,
DAD,Đại Học Đông Á,7510103,Công nghệ kỹ thuật xây dựng (chuyên ngành Xây dựng dân dụng & Công nghiệp),A00 | A01 | D01 | D90,15,
DAD,Đại Học Đông Á,7720301,Điều dưỡng,A00 | B00 | B08 | D90,19,
DAD,Đại Học Đông Á,7720301 DL,Điều dưỡng phân hiệu Đắk Lắk,A00 | B00 | B08 | D90,19,
DAD,Đại Học Đông Á,7720401,Dinh dưỡng,A00 | B00 | B08 | D90,15,
DAD,Đại Học Đông Á,7720201,Dược học,A00 | B00 | D07 | D90,21,
DAD,Đại Học Đông Á,7720302,Hộ sinh,A00 | B00 | B08 | D90,19,
DAD,Đại Học Đông Á,7340301 US,Kế toán Liên kết Hoa Kỳ,A00 | D01,15,
DAD,Đại Học Đông Á,7340301,Kế toán,A00 | A01 | D01 | D78,15,
DAD,Đại Học Đông Á,7340301 DL,Kế toán phân hiệu Đắk Lắk,A00 | A01 | D01 | D78,15,
DAD,Đại Học Đông Á,7340120 UK,Kinh doanh quốc tế liên kết Anh Quốc,A00 | D01,15,
DAD,Đại Học Đông Á,7340123 DN,Kinh doanh thời trang và dệt may,A00 | A01 | D01 | D78,15,
DAD,Đại Học Đông Á,7340120 US,Kinh doanh quốc tế Liên kết Hoa Kỳ,A00 | D01,15,
DAD,Đại Học Đông Á,7480106,Kỹ thuật máy tính,A00 | A01 | D01 | D90,15,
DAD,Đại Học Đông Á,7480106 DL,Kỹ thuật máy tính phân hiệu Đắk Lắk,A00 | A01 | D01 | D90,15,
DAD,Đại Học Đông Á,7510605,Logistics và Quản lý chuỗi cung ứng,A00 | A01 | D01 | D90,15,
DAD,Đại Học Đông Á,7510605 DL,Logistics phân hiệu Đắk Lắk,A00 | A01 | D01 | D90,15,
DAD,Đại Học Đông Á,7380107,Luật kinh tế,A00 | C00 | D01 | D78,15,
DAD,Đại Học Đông Á,7340114 DL,Marketing kỹ thuật số phân hiệu Đắk Lắk,A00 | A01 | D01 | D78,15,
DAD,Đại Học Đông Á,7340115 US,Marketing liên kết Hoa Kỳ,A00 | D01,15,
DAD,Đại Học Đông Á,7340114 UK,Marketing kỹ thuật số liên kết Anh Quốc,A00 | D01,15,
DAD,Đại Học Đông Á,7340115 DL,Marketing phân hiệu Đắk Lắk,A00 | A01 | D01 | D78,15,
DAD,Đại Học Đông Á,7340115,Marketing,A00 | A01 | D01 | D78,15,
DAD,Đại Học Đông Á,7340114 DN,Marketing kỹ thuật số,A00 | A01 | D01 | D78,15,
DAD,Đại Học Đông Á,7340120,Ngành Kinh doanh quốc tế,A00 | A01 | D01 | D78,15,
DAD,Đại Học Đông Á,7380101,Ngành Luật,A00 | C00 | D01 | D78,15,
DAD,Đại Học Đông Á,7220210 DL,Ngôn ngữ Hàn phân hiệu Đắk Lắk,A01 | D01 | D78,15,
DAD,Đại Học Đông Á,7220204,Ngôn ngữ Trung Quốc,A01 | D01 | D04 | D78,15,
DAD,Đại Học Đông Á,7220209 DL,Ngôn ngữ Nhật phân hiệu Đắk Lắk,A01 | D01 | D06 | D78,15,
DAD,Đại Học Đông Á,7220210 KR,Ngôn ngữ Hàn liên kết Hàn Quốc,C00 | D01,15,
DAD,Đại Học Đông Á,7220201,Ngôn ngữ Anh,A01 | D01 | D78 | D90,15,
DAD,Đại Học Đông Á,7220201 DL,Ngôn ngữ Anh phân hiệu Đắk Lắk,A01 | D01 | D78 | D90,15,
DAD,Đại Học Đông Á,7220210,Ngôn ngữ Hàn Quốc,A01 | D01 | D78,15,
DAD,Đại Học Đông Á,7220209,Ngôn ngữ Nhật,A01 | D01 | D06 | D78,15,
DAD,Đại Học Đông Á,7220204 DL,Ngôn ngữ Trung phân hiệu Đắk Lắk,A01 | D01 | D04 | D78,15,
DAD,Đại Học Đông Á,7620101,Nông nghiệp,A00 | B00 | B08 | D01,15,
DAD,Đại Học Đông Á,7620101 DL,Nông nghiệp phân hiệu Đắk Lắk,A00 | B00 | B08 | D01,15,
DAD,Đại Học Đông Á,7810103 KR,Quản trị Dịch vụ du lịch và lữ hành liên kết Hàn Quốc,C00 | D01,15,
DAD,Đại Học Đông Á,7810201 DL,Quản trị khách sạn phân hiệu Đắk Lắk,C00 | D01 | D78 | D90,15,
DAD,Đại Học Đông Á,7810103,Quản trị dịch vụ du lịch và lữ hành,C00 | D01 | D78 | D90,15,
DAD,Đại Học Đông Á,7810103 DL,Quản trị dịch vụ du lịch và lữ hành phân hiệu Đắk Lắk,C00 | D01 | D78 | D90,15,
DAD,Đại Học Đông Á,7340101 UK,Quản trị kinh doanh liên kết  Anh Quốc,A00 | D01,15,
DAD,Đại Học Đông Á,7810202,Quản trị nhà hàng và dịch vụ ăn uống,C00 | D01 | D78 | D90,15,
DAD,Đại Học Đông Á,7340406,Quản trị văn phòng,A00 | C00 | D01 | D78,15,
DAD,Đại Học Đông Á,7229042,Quản lý văn hoá,A00 | C00 | D01 | D78,15,
DAD,Đại Học Đông Á,7340101 DL,Quản trị kinh doanh phân hiệu Đắk Lắk,A00 | A01 | D01 | D78,15,
DAD,Đại Học Đông Á,7810201,Quản trị khách sạn,C00 | D01 | D78 | D90,15,
DAD,Đại Học Đông Á,7340404,Quản trị nhân lực,A00 | C00 | D01 | D78,15,
DAD,Đại Học Đông Á,7340101,Quản trị Kinh doanh,A00 | A01 | D01 | D78,15,
DAD,Đại Học Đông Á,7310206,Quan hệ quốc tế,A00 | C00 | D01 | D78,15,
DAD,Đại Học Đông Á,7810201 KR,Quản trị khách sạn liên kết Hàn Quốc,C00 | D01,15,
DAD,Đại Học Đông Á,7480107 (trước 2023),Quản trị và phân tích dữ liệu,A00 | A01 | D01 | D90,15,
DAD,Đại Học Đông Á,7340201,Tài chính – Ngân hàng,A00 | A01 | D01 | D78,15,
DAD,Đại Học Đông Á,7310401,Tâm lý học,A00 | C00 | D01 | D78,15,
DAD,Đại Học Đông Á,7210404,Thiết kế thời trang,A00 | A01 | V00 | V01,15,
DAD,Đại Học Đông Á,7340122,Thương mại điện tử,A00 | A01 | D01 | D78,15,
DAD,Đại Học Đông Á,7220101 DN,Tiếng Việt và Văn hóa Việt Nam,A00 | C00 | D01 | D78,15,#REF!
DAD,Đại Học Đông Á,7320104,Truyền thông đa phương tiện,A00 | A01 | D01 | D78,15,
TYS,Đại học Y khoa Phạm Ngọc Thạch,7720301TP,Điều dưỡng,B00,22.4,
TYS,Đại học Y khoa Phạm Ngọc Thạch,7720301TQ,Điều dưỡng,B00,22.4,
TYS,Đại học Y khoa Phạm Ngọc Thạch,7720401TQ,Dinh dưỡng,B00,21.8,
TYS,Đại học Y khoa Phạm Ngọc Thạch,7720401TP,Dinh dưỡng,B00,22.25,
TYS,Đại học Y khoa Phạm Ngọc Thạch,7720201TP,Dược học,B00,25.8,
TYS,Đại học Y khoa Phạm Ngọc Thạch,7720201TQ,Dược học,B00,25.25,
TYS,Đại học Y khoa Phạm Ngọc Thạch,7720699TP,Khúc xạ nhãn khoa,B00,23.75,
TYS,Đại học Y khoa Phạm Ngọc Thạch,7720699TQ,Khúc xạ nhãn khoa,B00,23.57,
TYS,Đại học Y khoa Phạm Ngọc Thạch,7720603TP,Kỹ thuật phục hồi chức năng,B00,23.13,
TYS,Đại học Y khoa Phạm Ngọc Thạch,7720601TQ,Kỹ thuật xét nghiệm y học,B00,24.47,
TYS,Đại học Y khoa Phạm Ngọc Thạch,7720602TQ,Kỹ thuật hình ảnh Y học,B00,23.61,
TYS,Đại học Y khoa Phạm Ngọc Thạch,7720603TQ,Kỹ thuật phục hồi chức năng,B00,23.09,
TYS,Đại học Y khoa Phạm Ngọc Thạch,7720601TP,Kỹ thuật xét nghiệm y học,B00,24.54,
TYS,Đại học Y khoa Phạm Ngọc Thạch,7720602TP,Kỹ thuật hình ảnh y học,B00,23.45,
TYS,Đại học Y khoa Phạm Ngọc Thạch,7720501TQ,Răng - Hàm - Mặt,B00,26.28,
TYS,Đại học Y khoa Phạm Ngọc Thạch,7720501TP,Răng - Hàm - Mặt,B00,26,
TYS,Đại học Y khoa Phạm Ngọc Thạch,7720701TQ,Y tế công cộng,B00,18.35,
TYS,Đại học Y khoa Phạm Ngọc Thạch,7720101TP,Y khoa,B00,25.9,
TYS,Đại học Y khoa Phạm Ngọc Thạch,7720701TP,Y tế công cộng,B00,18.85,
TYS,Đại học Y khoa Phạm Ngọc Thạch,7720101TQ,Y khoa,B00,26.31,
NTH,Đại học Ngoại thương (phía Bắc),NTH02,Kinh doanh quốc tế và Quản trị kinh doanh,A01 | D01 | D02 | D03 | D04 | D06 | D07,27.2,
NTH,Đại học Ngoại thương (phía Bắc),NTH02,Kinh doanh quốc tế và Quản trị kinh doanh,A00,27.7,
NTH,Đại học Ngoại thương (phía Bắc),NTH09,Kinh tế chính trị,A01 | D01 | D06 | D07,26.4,
NTH,Đại học Ngoại thương (phía Bắc),NTH09,Kinh tế chính trị,A00,26.9,
NTH,Đại học Ngoại thương (phía Bắc),NTH06|01D04,Ngôn ngữ Trung,D04,27.5,
NTH,Đại học Ngoại thương (phía Bắc),NTH06|01D01,Ngôn ngữ Trung,D01,28.5,
NTH,Đại học Ngoại thương (phía Bắc),NTH07,Ngôn ngữ Nhật,D06,26.3,
NTH,Đại học Ngoại thương (phía Bắc),NTH05,Ngôn ngữ Pháp,D01,26.2,
NTH,Đại học Ngoại thương (phía Bắc),NTH07,Ngôn ngữ Nhật,D01,26.8,
NTH,Đại học Ngoại thương (phía Bắc),NTH04,Ngôn ngữ Anh,D01,27.5,
NTH,Đại học Ngoại thương (phía Bắc),NTH05,Ngôn ngữ Pháp,D03,25.2,
NTH,Đại học Ngoại thương (phía Bắc),NTH01-01,Nhóm ngành luật,A00,28.3,
NTH,Đại học Ngoại thương (phía Bắc),NTH01-02,Nhóm ngành Kinh tế; Kinh tế quốc tế,A01 | D01 | D02 | D03 | D04 | D06 | D07,27.8,
NTH,Đại học Ngoại thương (phía Bắc),NTH01-02,Nhóm ngành Kinh tế; Kinh tế quốc tế,A00,28.3,
NTH,Đại học Ngoại thương (phía Bắc),NTH01-02,Nhóm ngành Kinh tế; Kinh tế quốc tế,A00,28,
NTH,Đại học Ngoại thương (phía Bắc),NTH01-01,Nhóm ngành luật,A01 | D01 | D02 | D03 | D04 | D06 | D07,26.4,
NTH,Đại học Ngoại thương (phía Bắc),NTH01-02,Nhóm ngành Kinh tế; Kinh tế quốc tế,A01 | D01 | D02 | D03 | D04 | D06 | D07,27.5,
NTH,Đại học Ngoại thương (phía Bắc),NTH03,Tài chính - Ngân hàng và Kế toán,A01 | D01 | D02 | D03 | D04 | D06 | D07,26.95,
NTH,Đại học Ngoại thương (phía Bắc),NTH03,Tài chính - Ngân hàng và Kế toán,A00,27.45,
DQT,Đại học Quang Trung,7510103,Công nghệ kỹ thuật xây dựng (chuyên ngành Xây dựng dân dụng & Công nghiệp),A00,15,
DQT,Đại học Quang Trung,7420201,Công nghệ sinh học,B00,15,
DQT,Đại học Quang Trung,7480201,Công nghệ thông tin,A00,16,
DQT,Đại học Quang Trung,7720301,Điều dưỡng,B00,19,
DQT,Đại học Quang Trung,7340301,Kế toán,A00,15,
DQT,Đại học Quang Trung,7620115,Kinh tế nông nghiệp,A09,15,
DQT,Đại học Quang Trung,7310101,Kinh tế,A00,15,
DQT,Đại học Quang Trung,7220201,Ngôn ngữ Anh,D01,15,
DQT,Đại học Quang Trung,7810103,Quản trị dịch vụ du lịch và lữ hành,C00,15,
DQT,Đại học Quang Trung,7810203,Quản trị Khách sạn - Nhà hàng,C00,15,
DQT,Đại học Quang Trung,7340101,Quản trị Kinh doanh,A01,15,
DQT,Đại học Quang Trung,7340201,Tài chính – Ngân hàng,A00,15,
DQT,Đại học Quang Trung,7720701,Y tế công cộng,B00,15,
DDQ,Đại học Kinh Tế - Đại học Đà Nẵng,7340205,Công nghệ tài chính,A00 | A01 | D01 | D90,24.25,
DDQ,Đại học Kinh Tế - Đại học Đà Nẵng,7340405,Hệ thống thông tin,A00 | A01 | D01 | D90,23.75,
DDQ,Đại học Kinh Tế - Đại học Đà Nẵng,7340301,Kế toán,A00 | A01 | D01 | D90,23.85,
DDQ,Đại học Kinh Tế - Đại học Đà Nẵng,7460108,Khoa học dữ liệu (Data Science),A00 | A01 | D01 | D90,24.6,
DDQ,Đại học Kinh Tế - Đại học Đà Nẵng,7340302,Kiểm toán,A00 | A01 | D01 | D90,24.25,
DDQ,Đại học Kinh Tế - Đại học Đà Nẵng,7310101,Kinh tế,A00 | A01 | D01 | D90,24.5,
DDQ,Đại học Kinh Tế - Đại học Đà Nẵng,7340121,Kinh doanh thương mại,A00 | A01 | D01 | D90,26,
DDQ,Đại học Kinh Tế - Đại học Đà Nẵng,7380107,Luật kinh tế,A00 | A01 | D01 | D96,25.25,
DDQ,Đại học Kinh Tế - Đại học Đà Nẵng,7340115,Marketing,A00 | A01 | D01 | D90,25.75,
DDQ,Đại học Kinh Tế - Đại học Đà Nẵng,7380101,Ngành Luật,A00 | A01 | D01 | D96,23.5,
DDQ,Đại học Kinh Tế - Đại học Đà Nẵng,7340120,Ngành Kinh doanh quốc tế,A00 | A01 | D01 | D90,26.5,
DDQ,Đại học Kinh Tế - Đại học Đà Nẵng,7310205,Quản lý nhà nước,A00 | A01 | D01 | D96,23,
DDQ,Đại học Kinh Tế - Đại học Đà Nẵng,7810103,Quản trị dịch vụ du lịch và lữ hành,A00 | A01 | D01 | D90,24.5,
DDQ,Đại học Kinh Tế - Đại học Đà Nẵng,7340404,Quản trị nhân lực,A00 | A01 | D01 | D90,24.75,
DDQ,Đại học Kinh Tế - Đại học Đà Nẵng,7340101,Quản trị Kinh doanh,A00 | A01 | D01 | D90,24.75,
DDQ,Đại học Kinh Tế - Đại học Đà Nẵng,7810201,Quản trị khách sạn,A00 | A01 | D01 | D90,23.5,
DDQ,Đại học Kinh Tế - Đại học Đà Nẵng,7340201,Tài chính – Ngân hàng,A00 | A01 | D01 | D90,24,
DDQ,Đại học Kinh Tế - Đại học Đà Nẵng,7310107,Thống kê kinh tế,A00 | A01 | D01 | D90,23.5,
DDQ,Đại học Kinh Tế - Đại học Đà Nẵng,7340122,Thương mại điện tử,A00 | A01 | D01 | D90,26.5,
DQK,Đại học Kinh doanh và Công nghệ Hà Nội,7480201,Công nghệ thông tin,A00 | A01 | D01 | D08,22,
DQK,Đại học Kinh doanh và Công nghệ Hà Nội,7510203,Công nghệ kỹ thuật cơ điện tử,A00 | A02 | A09 | D01,19,
DQK,Đại học Kinh doanh và Công nghệ Hà Nội,7510205,Công nghệ kỹ thuật ô tô,A00 | A01 | B03 | C01,21,
DQK,Đại học Kinh doanh và Công nghệ Hà Nội,7510406,Công nghệ kỹ thuật Môi trường,A00 | B00 | B03 | C02,19,
DQK,Đại học Kinh doanh và Công nghệ Hà Nội,7510301,"Công nghệ kỹ thuật điện, điện tử",A00 | A01 | A09 | D01,19,
DQK,Đại học Kinh doanh và Công nghệ Hà Nội,7720301,Điều dưỡng,A00 | A02 | B00 | D07,19,
DQK,Đại học Kinh doanh và Công nghệ Hà Nội,7720201,Dược học,A00 | A02 | B00 | D07,21,
DQK,Đại học Kinh doanh và Công nghệ Hà Nội,7340301,Kế toán,A00 | A01 | A08 | D01,20.5,
DQK,Đại học Kinh doanh và Công nghệ Hà Nội,7580101,Kiến trúc,V00 | V01 | V02 | V06,19,
DQK,Đại học Kinh doanh và Công nghệ Hà Nội,7310101,Kinh tế,A00 | A01 | A08 | D01,19,
DQK,Đại học Kinh doanh và Công nghệ Hà Nội,7580201,Kỹ thuật xây dựng,A00 | A01 | B08 | C14,19,
DQK,Đại học Kinh doanh và Công nghệ Hà Nội,7380107,Luật kinh tế,A00 | C00 | C14 | D01,19,
DQK,Đại học Kinh doanh và Công nghệ Hà Nội,7340120,Ngành Kinh doanh quốc tế,A00 | A04 | A09 | D01,21,
DQK,Đại học Kinh doanh và Công nghệ Hà Nội,7220202,Ngôn ngữ Nga,A01 | D01 | D09 | D10,19,
DQK,Đại học Kinh doanh và Công nghệ Hà Nội,7220204,Ngôn ngữ Trung Quốc,A01 | D01 | D14 | D15,22.5,
DQK,Đại học Kinh doanh và Công nghệ Hà Nội,7220201,Ngôn ngữ Anh,A01 | D01 | D09 | D10,19,
DQK,Đại học Kinh doanh và Công nghệ Hà Nội,7580106,Quản lý đô thị và công trình,A00 | A01 | C01 | D01,19,
DQK,Đại học Kinh doanh và Công nghệ Hà Nội,7340101,Quản trị Kinh doanh,A00 | A01 | A08 | D01,22,
DQK,Đại học Kinh doanh và Công nghệ Hà Nội,7850101,Quản lý tài nguyên và môi trường,A00 | B00 | C00 | D01,19,
DQK,Đại học Kinh doanh và Công nghệ Hà Nội,7810103,Quản trị dịch vụ du lịch và lữ hành,A00 | A07 | C00 | D66,19,
DQK,Đại học Kinh doanh và Công nghệ Hà Nội,7310205,Quản lý nhà nước,C00 | C19 | D01 | D66,19,
DQK,Đại học Kinh doanh và Công nghệ Hà Nội,7720501,Răng- Hàm -Mặt,A00 | A02 | B00 | B08,23.5,
DQK,Đại học Kinh doanh và Công nghệ Hà Nội,7340201,Tài chính – Ngân hàng,A00 | A01 | A02 | D10,20,
DQK,Đại học Kinh doanh và Công nghệ Hà Nội,7580108,Thiết kế nội thất,H00 | H01 | H06 | H08,19,
DQK,Đại học Kinh doanh và Công nghệ Hà Nội,7210403,Thiết kế đồ họa,H00 | H01 | H06 | H08,19,
DQK,Đại học Kinh doanh và Công nghệ Hà Nội,7720101,Y khoa,A00 | A02 | B00 | B08,22.5,
KHA,Đại học Kinh tế quốc dân,7340204,Bảo hiểm,A00 | A01 | D01 | D07,26.4,
KHA,Đại học Kinh tế quốc dân,7340116,Bất động sản,A00 | A01 | D01 | D07,26.4,
KHA,Đại học Kinh tế quốc dân,EP09,Công nghệ tài chính (BFT),A00 | A01 | B00 | D07,26.75,
KHA,Đại học Kinh tế quốc dân,7480201,Công nghệ thông tin,A00 | A01 | D01 | D07,35.3,
KHA,Đại học Kinh tế quốc dân,EP10,Đầu tư tài chính (BFI - tiếng Anh hệ số 2),A01 | D01 | D07 | D10,36.5,
KHA,Đại học Kinh tế quốc dân,EP02,Định phí Bảo hiểm & Quản trị rủi ro (Actuary) học bằng tiếng Anh,A00 | A01 | D01 | D07,26.45,
KHA,Đại học Kinh tế quốc dân,7340405,Hệ thống thông tin,A00 | A01 | D01 | D07,36.15,
KHA,Đại học Kinh tế quốc dân,EP04,Kế toán tích hợp chứng chỉ quốc tế (ICAEW CFAB),A00 | A01 | D01 | D07,26.9,
KHA,Đại học Kinh tế quốc dân,7340301,Kế toán,A00 | A01 | D01 | D07,27.05,
KHA,Đại học Kinh tế quốc dân,7480101,Khoa học máy tính,A00 | A01 | D01 | D07,35.35,
KHA,Đại học Kinh tế quốc dân,7340401,Khoa học quản lý,A00 | A01 | D01 | D07,27.05,
KHA,Đại học Kinh tế quốc dân,EP03,Khoa học dữ liệu trong Kinh tế & Kinh doanh (DSEB),A00 | A01 | D01 | D07,26.85,
KHA,Đại học Kinh tế quốc dân,EP01,Khởi nghiệp và phát triển kinh doanh (BBAE) học bằng tiếng Anh (tiếng Anh hệ số 2),A01 | D01 | D07 | D09,36.1,
KHA,Đại học Kinh tế quốc dân,7340302,Kiểm toán,A00 | A01 | D01 | D07,27.2,
KHA,Đại học Kinh tế quốc dân,EP12,Kiểm toán tích hợp chứng chỉ quốc tế (AUD-ICAEW),A00 | A01 | D01 | D07,27.2,
KHA,Đại học Kinh tế quốc dân,7310101_1,Kinh tế,A00 | A01 | D01 | D07,27.1,
KHA,Đại học Kinh tế quốc dân,7620115,Kinh tế nông nghiệp,A00 | A01 | B00 | D01,26.2,
KHA,Đại học Kinh tế quốc dân,EP13,Kinh tế học tài chính (FE),A00 | A01 | D01 | D07,26.75,
KHA,Đại học Kinh tế quốc dân,7310105,Kinh tế phát triển,A00 | A01 | D01 | D07,27.35,
KHA,Đại học Kinh tế quốc dân,7310101_3,Kinh tế,A00 | A01 | D01 | D07,27.15,
KHA,Đại học Kinh tế quốc dân,7850102,Kinh tế tài nguyên thiên nhiên,A00 | A01 | B00 | D01,26.35,
KHA,Đại học Kinh tế quốc dân,7340121,Kinh doanh thương mại,A00 | A01 | D01 | D07,27.35,
KHA,Đại học Kinh tế quốc dân,7310101_2,Kinh tế,A00 | A01 | D01 | D07,27.05,
KHA,Đại học Kinh tế quốc dân,EP05,Kinh doanh số (E-BDB),A00 | A01 | D01 | D07,26.85,
KHA,Đại học Kinh tế quốc dân,7620114,Kinh doanh nông nghiệp,A00 | A01 | B00 | D01,26.6,
KHA,Đại học Kinh tế quốc dân,7310104,Kinh tế đầu tư,A00 | A01 | B00 | D01,27.5,
KHA,Đại học Kinh tế quốc dân,7310106,Kinh tế quốc tế,A00 | A01 | D01 | D07,27.35,
KHA,Đại học Kinh tế quốc dân,7510605,Logistics và Quản lý chuỗi cung ứng,A00 | A01 | D01 | D07,27.4,
KHA,Đại học Kinh tế quốc dân,EP14,Logistics và Quản lý chuỗi cung ứng tích hợp chứng chỉ quốc tế (LSIC),A00 | A01 | D01 | D07,36.4,
KHA,Đại học Kinh tế quốc dân,7380107,Luật kinh tế,A00 | A01 | D01 | D07,26.85,
KHA,Đại học Kinh tế quốc dân,POHE4,Luật kinh doanh,A01 | D01 | D07 | D09,36.2,
KHA,Đại học Kinh tế quốc dân,7340115,Marketing,A00 | A01 | D01 | D07,27.55,
KHA,Đại học Kinh tế quốc dân,7340120,Ngành Kinh doanh quốc tế,A00 | A01 | D01 | D07,27.5,
KHA,Đại học Kinh tế quốc dân,7380101,Ngành Luật,A00 | A01 | D01 | D07,26.6,
KHA,Đại học Kinh tế quốc dân,7220201,Ngôn ngữ Anh,A01 | D01 | D09 | D10,36.5,
KHA,Đại học Kinh tế quốc dân,EP06,Phân tích kinh doanh (BA),A00 | A01 | D01 | D07,27.15,
KHA,Đại học Kinh tế quốc dân,POHE6,Quản lí thị trường,A01 | D01 | D07 | D09,35.65,
KHA,Đại học Kinh tế quốc dân,EP11,Quản trị khách sạn quốc tế (IHME - tiếng Anh hệ số 2),A01 | D01 | D09 | D10,35.75,
KHA,Đại học Kinh tế quốc dân,EP07,Quản trị điều hành thông minh (E-SOM),A01 | D01 | D07 | D10,26.65,
KHA,Đại học Kinh tế quốc dân,7810103,Quản trị dịch vụ du lịch và lữ hành,A00 | A01 | D01 | D07,26.75,
KHA,Đại học Kinh tế quốc dân,POHE5,Quản trị kinh doanh thương mại,A01 | D01 | D07 | D09,36.85,
KHA,Đại học Kinh tế quốc dân,EP08,Quản trị chất lượng và Đổi mới (E-MQI),A01 | D01 | D07 | D10,26.6,
KHA,Đại học Kinh tế quốc dân,7340409,Quản lý dự án,A00 | A01 | B00 | D01,27.15,
KHA,Đại học Kinh tế quốc dân,POHE1,Quản trị khách sạn,A00 | A01 | D01 | D07,35.65,
KHA,Đại học Kinh tế quốc dân,7850101,Quản lý tài nguyên và môi trường,A00 | A01 | D01 | D07,26.4,
KHA,Đại học Kinh tế quốc dân,7850103,Quản lý đất đai,A00 | A01 | D01 | D07,26.55,
KHA,Đại học Kinh tế quốc dân,7340404,Quản trị nhân lực,A00 | A01 | D01 | D07,27.1,
KHA,Đại học Kinh tế quốc dân,7340101,Quản trị Kinh doanh,A00 | A01 | D01 | D07,27.25,
KHA,Đại học Kinh tế quốc dân,7810201,Quản trị khách sạn,A01 | D01 | D09 | D10,26.75,
KHA,Đại học Kinh tế quốc dân,7340403,Quản lý công,A00 | A01 | D01 | D07,26.75,
KHA,Đại học Kinh tế quốc dân,7320108,Quan hệ công chúng,A01 | C03 | C04 | D01,27.2,
KHA,Đại học Kinh tế quốc dân,POHE2,Quản trị lữ hành,A00 | A01 | D01 | D07,35.65,
KHA,Đại học Kinh tế quốc dân,EPMP,Quản lý công và chính sách học bằng tiếng Anh (EPMP),A00 | A01 | D01 | D07,26.1,
KHA,Đại học Kinh tế quốc dân,EBBA,Quản trị kinh doanh học bằng tiếng Anh (EBBA),A00 | A01 | D01 | D07,27.1,
KHA,Đại học Kinh tế quốc dân,7340201,Tài chính – Ngân hàng,A00 | A01 | D01 | D07,27.1,
KHA,Đại học Kinh tế quốc dân,POHE7,Thẩm định giá,A01 | D01 | D07 | D09,35.85,
KHA,Đại học Kinh tế quốc dân,7310107,Thống kê kinh tế,A00 | A01 | D01 | D07,36.2,
KHA,Đại học Kinh tế quốc dân,7340122,Thương mại điện tử,A00 | A01 | D01 | D07,27.65,
KHA,Đại học Kinh tế quốc dân,7310108,Toán kinh tế,A00 | A01 | D01 | D07,36.2,
KHA,Đại học Kinh tế quốc dân,POHE3,Truyền thông Marketing,A01 | D01 | D07 | D09,37.1,
DDF,Đại học Ngoại Ngữ - Đại học Đà Nẵng,7310608,Đông phương học,D01 | D06 | D78 | D96,21.81,
DDF,Đại học Ngoại Ngữ - Đại học Đà Nẵng,7220214,Ngôn ngữ Thái Lan,D01 | D15 | D78 | D96,22.43,
DDF,Đại học Ngoại Ngữ - Đại học Đà Nẵng,7220210,Ngôn ngữ Hàn Quốc,D01 | D78 | D96,25.14,
DDF,Đại học Ngoại Ngữ - Đại học Đà Nẵng,7220202,Ngôn ngữ Nga,D01 | D02 | D78 | D96,15.04,
DDF,Đại học Ngoại Ngữ - Đại học Đà Nẵng,7220204,Ngôn ngữ Trung Quốc,D01 | D04 | D78 | D96,24.78,
DDF,Đại học Ngoại Ngữ - Đại học Đà Nẵng,7220203,Ngôn ngữ Pháp,D01 | D03 | D78 | D96,20.58,
DDF,Đại học Ngoại Ngữ - Đại học Đà Nẵng,7220201,Ngôn ngữ Anh,A01 | D01 | D78 | D96,23.22,
DDF,Đại học Ngoại Ngữ - Đại học Đà Nẵng,7220201KT,Ngôn ngữ Anh (Đào tạo 2 năm đầu tại Kon Tum),A01 | D01 | D78 | D96,15.07,
DDF,Đại học Ngoại Ngữ - Đại học Đà Nẵng,7220209,Ngôn ngữ Nhật,D01 | D06,23.13,
DDF,Đại học Ngoại Ngữ - Đại học Đà Nẵng,7310601,Quốc tế học,D01 | D09 | D78 | D96,21.78,
DDF,Đại học Ngoại Ngữ - Đại học Đà Nẵng,7140234,Sư phạm Tiếng Trung Quốc,D01 | D04 | D78 | D96,24.48,
DDF,Đại học Ngoại Ngữ - Đại học Đà Nẵng,7140233,Sư phạm Tiếng Pháp,D01 | D03 | D78 | D96,21.79,
DDF,Đại học Ngoại Ngữ - Đại học Đà Nẵng,7140231,Sư phạm Tiếng Anh,D01,27.17,
GTA,Đại học Công nghệ Giao thông vận tải,GTADCTT1,Công nghệ thông tin (học tại Vĩnh Phúc),A00 | A01 | D01 | D07,21.3,
GTA,Đại học Công nghệ Giao thông vận tải,GTADCOT2,Công nghệ kỹ thuật Ô tô,A00 | A01 | D01 | D07,22.65,
GTA,Đại học Công nghệ Giao thông vận tải,GTADCOG2,Công nghệ ô tô và giao thông thông minh,A00,21.15,
GTA,Đại học Công nghệ Giao thông vận tải,GTADCCD2,Công nghệ kỹ thuật xây dựng cầu đường bộ,A00 | A01 | D01 | D07,16,
GTA,Đại học Công nghệ Giao thông vận tải,GTADCDT2,Công nghệ kỹ thuật Điện tử - viễn thông,A00 | A01 | D01 | D07,22.7,
GTA,Đại học Công nghệ Giao thông vận tải,GTADCMN2,Công nghệ và quản lý môi trường,A00 | A01 | D01 | D07,16,
GTA,Đại học Công nghệ Giao thông vận tải,GTADCOT1,Công nghệ kỹ thuật Ô tô (học tại Vĩnh Phúc),A00 | A01 | D01 | D07,20.85,
GTA,Đại học Công nghệ Giao thông vận tải,GTADCCO2,Công nghệ kỹ thuật cơ điện tử trên ô tô,A00 | A01 | D01 | D07,22.5,
GTA,Đại học Công nghệ Giao thông vận tải,GTADCTT2,Công nghệ thông tin,A00 | A01 | D01 | D07,23.1,
GTA,Đại học Công nghệ Giao thông vận tải,GTADCDD2,Công nghệ kỹ thuật xây dựng công trình dân dụng và công nghiệp,A00 | A01 | D01 | D07,16,
GTA,Đại học Công nghệ Giao thông vận tải,GTADCCK2,Công nghệ kỹ thuật Cơ khí,A00,21.25,
GTA,Đại học Công nghệ Giao thông vận tải,GTADCCD1,Công nghệ kỹ thuật xây dựng cầu đường bộ (học tại Vĩnh Phúc),A00 | A01 | D01 | D07,16,
GTA,Đại học Công nghệ Giao thông vận tải,GTADCCN2,Công nghệ kỹ thuật cơ điện tử,A00 | A01 | D01 | D07,23.09,
GTA,Đại học Công nghệ Giao thông vận tải,GTADCCH2,Hạ tầng giao thông đô thị thông minh,A00 | A01 | D01 | D07,16,
GTA,Đại học Công nghệ Giao thông vận tải,GTADCHL2,Hải quan và Logistics,A00,21.95,
GTA,Đại học Công nghệ Giao thông vận tải,GTADCHT2,Hệ thống thông tin,A00 | A01 | D01 | D07,21.9,
GTA,Đại học Công nghệ Giao thông vận tải,GTADCKT1,Kế toán doanh nghiệp (học tại Vĩnh Phúc),A00 | A01 | D01 | D07,21.6,
GTA,Đại học Công nghệ Giao thông vận tải,GTADCKT2,Kế toán doanh nghiệp,A00 | A01 | D01 | D07,22.15,
GTA,Đại học Công nghệ Giao thông vận tải,GTADCKN2,Kiến trúc nội thất,A00,16,
GTA,Đại học Công nghệ Giao thông vận tải,GTADCKX2,Kinh tế xây dựng,A00 | A01 | D01 | D07,21.4,
GTA,Đại học Công nghệ Giao thông vận tải,GTADCVL2,Logistics và vận tài đa phương thức,A00 | A01 | D01 | D07,23.6,
GTA,Đại học Công nghệ Giao thông vận tải,GTADCLG2,Logistics và quản lý chuỗi cung ứng,A00 | A01 | D01 | D07,24.12,
GTA,Đại học Công nghệ Giao thông vận tải,GTADCLH2,Logistics và hạ tầng giao thông,A00 | A01 | D01 | D07,23.15,
GTA,Đại học Công nghệ Giao thông vận tải,GTADCQM2,Quản trị Marketing,A00 | A01 | D01 | D07,23.65,
GTA,Đại học Công nghệ Giao thông vận tải,GTADCQT2,Quản trị doanh nghiệp,A00 | A01 | D01 | D07,22.85,
GTA,Đại học Công nghệ Giao thông vận tải,GTADCQX2,Quản lý xây dựng,A00 | A01 | D01 | D07,21.1,
GTA,Đại học Công nghệ Giao thông vận tải,GTADCTN2,Tài chính doanh nghiệp,A00 | A01 | D01 | D07,22.55,
GTA,Đại học Công nghệ Giao thông vận tải,GTADCTQ2,Thanh tra và quản lý công trình giao thông,A00,16,
GTA,Đại học Công nghệ Giao thông vận tải,GTADCTD2,Thương mại điện tử,A00 | A01 | D01 | D07,24.07,
GTA,Đại học Công nghệ Giao thông vận tải,GTADCTG2,Trí tuệ nhân tạo và giao thông thông minh,A00 | A01 | D01 | D07,22.8,
GTA,Đại học Công nghệ Giao thông vận tải,GTADCXQ2,Xây dựng và quản lý hạ tầng đô thị,A00,16,
QHF,Đại học Ngoại ngữ - Đại học Quốc Gia Hà Nội,7220204,Ngôn ngữ Trung Quốc,D01 | D04 | D78 | D90,35.55,
QHF,Đại học Ngoại ngữ - Đại học Quốc Gia Hà Nội,7220209,Ngôn ngữ Nhật,D01 | D06 | D78 | D90,34.65,
QHF,Đại học Ngoại ngữ - Đại học Quốc Gia Hà Nội,7220203,Ngôn ngữ Pháp,D01 | D03 | D78 | D90,34.12,
QHF,Đại học Ngoại ngữ - Đại học Quốc Gia Hà Nội,7220205,Ngôn ngữ Đức,D01 | D05 | D78 | D90,34.35,
QHF,Đại học Ngoại ngữ - Đại học Quốc Gia Hà Nội,7220211,Ngôn ngữ Ả Rập,D01 | D14 | D78 | D90,33.04,
QHF,Đại học Ngoại ngữ - Đại học Quốc Gia Hà Nội,7220201,Ngôn ngữ Anh,D01 | D14 | D78 | D90,35.55,
QHF,Đại học Ngoại ngữ - Đại học Quốc Gia Hà Nội,7220210,Ngôn ngữ Hàn Quốc,D01 | D78 | D90,35.4,
QHF,Đại học Ngoại ngữ - Đại học Quốc Gia Hà Nội,7220202,Ngôn ngữ Nga,D01 | D02 | D78 | D90,33.3,
QHF,Đại học Ngoại ngữ - Đại học Quốc Gia Hà Nội,7903124,Song ngành Kinh tế - Tài chính,A01 | D01 | D14 | D78,26.68,
QHF,Đại học Ngoại ngữ - Đại học Quốc Gia Hà Nội,7140236,Sư phạm tiếng Nhật,D01 | D06 | D78 | D90,35.61,
QHF,Đại học Ngoại ngữ - Đại học Quốc Gia Hà Nội,7140234,Sư phạm Tiếng Trung Quốc,D01 | D04 | D78 | D90,35.9,
QHF,Đại học Ngoại ngữ - Đại học Quốc Gia Hà Nội,7140237,Sư phạm tiếng Hàn Quốc,D01 | D06 | D78 | D90,36.23,
QHF,Đại học Ngoại ngữ - Đại học Quốc Gia Hà Nội,7140231,Sư phạm Tiếng Anh,D01 | D14 | D78 | D90,37.21,
QHF,Đại học Ngoại ngữ - Đại học Quốc Gia Hà Nội,7220212QTD,Văn hóa và truyền thông xuyên quốc gia,D01 | D14 | D78 | D90,34.49,
DCN,Đại học Công nghiệp Hà Nội,7540203,Công nghệ vật liệu dệt. may,A00 | A01,20.1,
DCN,Đại học Công nghiệp Hà Nội,7510401,Công nghệ kỹ thuật hoá học,A00 | B00 | D07,20.35,
DCN,Đại học Công nghiệp Hà Nội,7510205,Công nghệ kỹ thuật ô tô,A00 | A01,24.26,
DCN,Đại học Công nghiệp Hà Nội,7329001,Công nghệ đa phương tiện,A00 | A01,24.63,
DCN,Đại học Công nghiệp Hà Nội,7540101,Công nghệ thực phẩm,A00 | B00 | D07,23.51,
DCN,Đại học Công nghiệp Hà Nội,7510303,Công nghệ kỹ thuật điều khiển và tự động hóa,A00 | A01,25.47,
DCN,Đại học Công nghiệp Hà Nội,7510206,Công nghệ kỹ thuật nhiệt,A00 | A01,22.15,
DCN,Đại học Công nghiệp Hà Nội,7510203,Công nghệ kỹ thuật cơ điện tử,A00 | A01,24.63,
DCN,Đại học Công nghiệp Hà Nội,7519007,Công nghệ kỹ thuật năng lượng tái tạo,A00 | A01,19,
DCN,Đại học Công nghiệp Hà Nội,7480201,Công nghệ thông tin,A00 | A01,25.19,
DCN,Đại học Công nghiệp Hà Nội,7519005,Công nghệ kỹ thuật cơ điện tử ô tô,A00 | A01,24.17,
DCN,Đại học Công nghiệp Hà Nội,7540204,Công nghệ may,A00 | A01 | D01,21.8,
DCN,Đại học Công nghiệp Hà Nội,7510406,Công nghệ kỹ thuật Môi trường,A00 | B00,19,
DCN,Đại học Công nghiệp Hà Nội,7510301,"Công nghệ kỹ thuật điện, điện tử",A00 | A01,23.81,
DCN,Đại học Công nghiệp Hà Nội,7480108,Công nghệ kỹ thuật máy tính,A00 | A01,24.3,
DCN,Đại học Công nghiệp Hà Nội,7519003,Công nghệ kỹ thuật khuôn mẫu,A00 | A01,21.9,
DCN,Đại học Công nghiệp Hà Nội,7510201,Công nghệ kỹ thuật cơ khí (chuyên ngành Cơ khí chế tạo),A00 | A01,23.42,
DCN,Đại học Công nghiệp Hà Nội,7510302,Điện tử - viễn thông,A00 | A01,23.65,
DCN,Đại học Công nghiệp Hà Nội,7810101,Du lịch,C00 | D01 | D14,24.2,
DCN,Đại học Công nghiệp Hà Nội,7480104,Hệ thống thông tin,A00 | A01,24.31,
DCN,Đại học Công nghiệp Hà Nội,7720203,Hoá dược,A00 | B00 | D07,19.45,
DCN,Đại học Công nghiệp Hà Nội,7340301,Kế toán,A00 | A01 | D01,23.8,
DCN,Đại học Công nghiệp Hà Nội,7480101,Khoa học máy tính,A00 | A01,25.05,
DCN,Đại học Công nghiệp Hà Nội,7340302,Kiểm toán,A00 | A01 | D01,24.03,
DCN,Đại học Công nghiệp Hà Nội,7310104,Kinh tế đầu tư,A00 | A01 | D01,24.45,
DCN,Đại học Công nghiệp Hà Nội,7480103,Kỹ thuật phần mềm,A00 | A01,24.54,
DCN,Đại học Công nghiệp Hà Nội,75103031,Kỹ thuật sản xuất thông minh,A00 | A01,20,
DCN,Đại học Công nghiệp Hà Nội,7520118,Kỹ thuật hệ thống công nghiệp,A00 | A01,22.65,
DCN,Đại học Công nghiệp Hà Nội,7520116,Kỹ thuật cơ khí động lực,A00 | A01,21.55,
DCN,Đại học Công nghiệp Hà Nội,7510605,Logistics và Quản lý chuỗi cung ứng,A00 | A01 | D01,25.52,
DCN,Đại học Công nghiệp Hà Nội,7480102,Mạng máy tính và truyền thông dữ liệu,A00 | A01,24.17,
DCN,Đại học Công nghiệp Hà Nội,7340115,Marketing,A00 | A01 | D01,25.24,
DCN,Đại học Công nghiệp Hà Nội,7220201,Ngôn ngữ Anh,D01,24.3,
DCN,Đại học Công nghiệp Hà Nội,7220209,Ngôn ngữ Nhật,D01 | D06,24.02,
DCN,Đại học Công nghiệp Hà Nội,7220204,Ngôn ngữ Trung Quốc,D01 | D04,24.86,
DCN,Đại học Công nghiệp Hà Nội,7220210,Ngôn ngữ Hàn Quốc,D01,24.92,
DCN,Đại học Công nghiệp Hà Nội,7229020,Ngôn ngữ học,D01 | D14,22.25,
DCN,Đại học Công nghiệp Hà Nội,7340125,Phân tích dữ liệu kinh doanh,A00 | A01 | D01,23.67,
DCN,Đại học Công nghiệp Hà Nội,7810201,Quản trị khách sạn,A01 | D01 | D14,23.56,
DCN,Đại học Công nghiệp Hà Nội,7810103,Quản trị dịch vụ du lịch và lữ hành,A01 | D01 | D14,23.62,
DCN,Đại học Công nghiệp Hà Nội,7340404,Quản trị nhân lực,A00 | A01 | D01,24.59,
DCN,Đại học Công nghiệp Hà Nội,7810202,Quản trị nhà hàng và dịch vụ ăn uống,A01 | D01 | D14,22.8,
DCN,Đại học Công nghiệp Hà Nội,7340406,Quản trị văn phòng,A00 | A01 | D01,23.09,
DCN,Đại học Công nghiệp Hà Nội,7340101,Quản trị Kinh doanh,A00 | A01 | D01,24.21,
DCN,Đại học Công nghiệp Hà Nội,7510209,Robot và trí tuệ nhân tạo,A00 | A01,24.54,
DCN,Đại học Công nghiệp Hà Nội,7340201,Tài chính – Ngân hàng,A00 | A01 | D01,24.4,
DCN,Đại học Công nghiệp Hà Nội,7519004,Thiết kế cơ khí và kiểu dáng công nghiệp,A00 | A01,20.75,
DCN,Đại học Công nghiệp Hà Nội,7210404,Thiết kế thời trang,A00 | A01 | D01 | D14,23.84,
DCN,Đại học Công nghiệp Hà Nội,7310612,Trung Quốc học,D01 | D04,23.77,
DTV,Đại Học Lương Thế Vinh,7480201,Công nghệ thông tin,A00,15,
DTV,Đại Học Lương Thế Vinh,7510301,"Công nghệ kỹ thuật điện, điện tử",A00,15,
DTV,Đại Học Lương Thế Vinh,7340301,Kế toán,A00,15,
DTV,Đại Học Lương Thế Vinh,7580205,Kỹ thuật xây dựng công trình giao thông,A00,15,
DTV,Đại Học Lương Thế Vinh,7580201,Kỹ thuật xây dựng,A00,15,
DTV,Đại Học Lương Thế Vinh,7220201,Ngôn ngữ Anh,D01,15,
DTV,Đại Học Lương Thế Vinh,7340101,Quản trị Kinh doanh,A00,15,
DTV,Đại Học Lương Thế Vinh,7340201,Tài chính – Ngân hàng,A00,15,
DTV,Đại Học Lương Thế Vinh,7640101,Thú y,B00,15,
GTS,Đại học Giao thông vận tải TP HCM,758030101,Chuyên ngành Kinh tế xây dựng,A00 | A01 | D01 | D07,24.5,
GTS,Đại học Giao thông vận tải TP HCM,7480201,Công nghệ thông tin,A00 | A01 | D01 | D07,25.65,
GTS,Đại học Giao thông vận tải TP HCM,7340405,Hệ thống thông tin,A00 | A01 | D01 | D07,24.5,
GTS,Đại học Giao thông vận tải TP HCM,784010101,"Khai thác vận tải, chuyên ngành Quản trị Logistics và vận tải đa phương thức",A00 | A01 | D01 | D07,25.65,
GTS,Đại học Giao thông vận tải TP HCM,784010102,"Khai thác vận tải, chuyên ngành Quản lý và kinh doanh vận tải",A00 | A01 | D01 | D07,24.75,
GTS,Đại học Giao thông vận tải TP HCM,784010604,Khoa học hàng hải (chuyên ngành Quản lý hàng hải),A00 | A01 | D01 | D07,24.5,
GTS,Đại học Giao thông vận tải TP HCM,7460108,Khoa học dữ liệu (Data Science),A00 | A01 | D01 | D07,24.5,
GTS,Đại học Giao thông vận tải TP HCM,784010610,Khoa học hàng hải (chuyên ngành Luật và chính sách hàng hải),A00 | A01 | D01 | D07,23.5,
GTS,Đại học Giao thông vận tải TP HCM,784010608,"Khoa học hàng hải (chuyên ngành Kỹ thuật điện, điện tử và điều khiển)",A00 | A01 | D01 | D07,17.5,
GTS,Đại học Giao thông vận tải TP HCM,784010606,Khoa học hàng hải (chuyên ngành Điều khiển và quản lý tàu biển),A00 | A01 | D01 | D07,21.25,
GTS,Đại học Giao thông vận tải TP HCM,784010609,Khoa học hàng hải (chuyên ngành Quản lý cảng và logistics),A00 | A01 | D01 | D07,25,
GTS,Đại học Giao thông vận tải TP HCM,784010611,Khoa học hàng hải (chuyên ngành Cơ điện tử),A00 | A01 | D01 | D07,19,
GTS,Đại học Giao thông vận tải TP HCM,784010607,Khoa học hàng hải (chuyên ngành Khai thác máy tàu thủy và quản lý kỹ thuật),A00 | A01 | D01 | D07,20,
GTS,Đại học Giao thông vận tải TP HCM,784010402,"Kinh tế vận tải, chuyên nganh Kinh tế vận tải hàng không",A00 | A01 | D01 | D07,24.75,
GTS,Đại học Giao thông vận tải TP HCM,784010401 (trước 2023),"Kinh tế vận tải, chuyên ngành kinh tế vận tải hàng không",A00 | A01 | D01 | D07,25,
GTS,Đại học Giao thông vận tải TP HCM,758030103,Kinh tế xây dựng (chuyên ngành Kinh tế và quản lý bật động sản,A00 | A01 | D01 | D07,23.5,
GTS,Đại học Giao thông vận tải TP HCM,7520103_02,Kỹ thuật cơ khí (chuyên ngành: Cơ giới hoá xây dựng),A00 | A01 | D01 | D07,24.75,
GTS,Đại học Giao thông vận tải TP HCM,752013002,Kỹ thuật ô tô (chuyên ngành cơ điện tử ô tô),A00 | A01 | D01 | D07,25.5,
GTS,Đại học Giao thông vận tải TP HCM,752020101,Kỹ thuật Điện công nghiệp,A00 | A01 | D01 | D07,24.5,
GTS,Đại học Giao thông vận tải TP HCM,7580205,Kỹ thuật xây dựng công trình giao thông,A00 | A01 | D01 | D07,21.75,
GTS,Đại học Giao thông vận tải TP HCM,7520130_03,Kỹ thuật ô tô điện,A00 | A01 | D01 | D08,23.75,
GTS,Đại học Giao thông vận tải TP HCM,752020103,"Kỹ thuật Điện, chuyên ngành Năng lượng tái tạo",A00 | A01 | D01 | D09,24.5,
GTS,Đại học Giao thông vận tải TP HCM,7520103_03,Kỹ thuật cơ khí (chuyên ngành: Kỹ thuật cơ điện),A00 | A01 | D01 | D07,24.75,
GTS,Đại học Giao thông vận tải TP HCM,752013001,Kỹ thuật ô tô (chuyên ngành cơ khí ô tô),A00 | A01 | D01 | D07,25.5,
GTS,Đại học Giao thông vận tải TP HCM,7520103_01,Kỹ thuật cơ khí (chuyên ngành: Máy xây dựng),A00 | A01 | D01 | D07,24.75,
GTS,Đại học Giao thông vận tải TP HCM,752020102,"Kỹ thuật Điện, chuyên ngành Hệ thống điện giao thông",A00 | A01 | D01 | D08,24.5,
GTS,Đại học Giao thông vận tải TP HCM,7580201,Kỹ thuật xây dựng,A00 | A01 | D01 | D07,24.25,
GTS,Đại học Giao thông vận tải TP HCM,7580202,Kỹ thuật xây dựng công trình thủy,A00 | A01 | D01 | D07,17,
GTS,Đại học Giao thông vận tải TP HCM,7520320_01,"Kỹ thuật Môi trường, chuyên ngành Quản lý an toàn và môi trường",A00 | A01 | B00 | B01 | D01,20.75,
GTS,Đại học Giao thông vận tải TP HCM,7480102,Mạng máy tính và truyền thông dữ liệu,A00 | A01 | D01 | D07,24.75,
GTS,Đại học Giao thông vận tải TP HCM,7520320,Ngành Kỹ thuật môi trường,A00 | A01 | B00 | D01,20.75,
GTS,Đại học Giao thông vận tải TP HCM,7520122,Ngành Kỹ thuật tàu thủy,A00 | A01 | D01 | D07,19.5,
GTS,Đại học Giao thông vận tải TP HCM,7520207,Ngành Kỹ thuật điện tử truyền thông,A00 | A01 | D01 | D07,24.75,
GTS,Đại học Giao thông vận tải TP HCM,7520216,Ngành Kỹ thuật điều khiển & Tự động hóa,A00 | A01 | D01 | D07,25,
GTS,Đại học Giao thông vận tải TP HCM,7220201,Ngôn ngữ Anh,A01 | D01 | D14 | D15,24.5,
MHN,Đại học Mở Hà Nội,7480201,Công nghệ thông tin,A00 | A01 | D01,23.38,
MHN,Đại học Mở Hà Nội,7420201,Công nghệ sinh học,A00 | B00 | D07,17.25,
MHN,Đại học Mở Hà Nội,7510303,Công nghệ kỹ thuật điều khiển và tự động hóa,A00 | A01 | D01,22.45,
MHN,Đại học Mở Hà Nội,7540101,Công nghệ thực phẩm,A00 | B00 | D07,17.25,
MHN,Đại học Mở Hà Nội,7510302,Điện tử - viễn thông,A00 | A01 | D01,22.1,
MHN,Đại học Mở Hà Nội,7340301,Kế toán,A00 | A01 | D01,23.43,
MHN,Đại học Mở Hà Nội,7580101,Kiến trúc,V00 | V01 | V02,23,
MHN,Đại học Mở Hà Nội,7380107,Luật kinh tế,A00 | D01,22.8,
MHN,Đại học Mở Hà Nội,7380108,Luật quốc tế,A00 | D01,20.63,
MHN,Đại học Mở Hà Nội,7380107_C00,Luật kinh tế (THXT C00),C00,24.82,
MHN,Đại học Mở Hà Nội,7380101_C00,Luật (THXT C00),C00,23.96,
MHN,Đại học Mở Hà Nội,7380108_C00,Luật quốc tế (THXT C00),C00,23.7,
MHN,Đại học Mở Hà Nội,7380101,Ngành Luật,A00 | D01,22.55,
MHN,Đại học Mở Hà Nội,7220204,Ngôn ngữ Trung Quốc,D01 | D04,32.82,
MHN,Đại học Mở Hà Nội,7220201,Ngôn ngữ Anh,D01,31.51,
MHN,Đại học Mở Hà Nội,7810201,Quản trị khách sạn,D01,29.28,
MHN,Đại học Mở Hà Nội,7810103,Quản trị dịch vụ du lịch và lữ hành,D01,30.53,
MHN,Đại học Mở Hà Nội,7340101,Quản trị Kinh doanh,A00 | A01 | D01,23.62,
MHN,Đại học Mở Hà Nội,7340201,Tài chính – Ngân hàng,A00 | A01 | D01,23.33,
MHN,Đại học Mở Hà Nội,7210402,Thiết kế công nghiệp,H00 | H01 | H06,19.45,
MHN,Đại học Mở Hà Nội,7340122,Thương mại điện tử,A00 | A01 | D01,25.07,
TDB,Đại Học Thể Dục Thể Thao Bắc Ninh,7810302_BN,7810302_BN	Huấn luyện thể thao tại Đại học Thể dục thể thao Bắc Ninh,M08 | T00 | T01 | T05,18.7,
TDB,Đại Học Thể Dục Thể Thao Bắc Ninh,7810301,Quản lý thể dục thể thao,M08 | T00 | T01 | T05,18.7,
TDB,Đại Học Thể Dục Thể Thao Bắc Ninh,7729001,Y sinh học thể dục thể thao,M08 | T00 | T01 | T05,18.7,
VJU,Đại học Việt Nhật - Đại học Quốc gia Hà Nội,7480204,Khoa học và Kỹ thuật máy tính,A00 | A01 | D07 | D08 | D23 | D28 | D33,21,
VJU,Đại học Việt Nhật - Đại học Quốc gia Hà Nội,7580201,Kỹ thuật xây dựng,A00 | A01 | D01 | D06 | D28,20,
VJU,Đại học Việt Nhật - Đại học Quốc gia Hà Nội,7520114,Kỹ thuật cơ điện tử,A00 | A01 | D07 | D23 | D28,20,
VJU,Đại học Việt Nhật - Đại học Quốc gia Hà Nội,VJU1,Nhật Bản học,A00 | A01 | B00 | D01 | D06 | D28,20,
VJU,Đại học Việt Nhật - Đại học Quốc gia Hà Nội,7310613,Nhật Bản học,A01 | D01 | D06 | D14 | D28 | D63 | D78 | D81,22,
DDA,Đại học Công Nghệ Đông Á,7510205,Công nghệ kỹ thuật ô tô,A00,19,
DDA,Đại học Công Nghệ Đông Á,7540101,Công nghệ thực phẩm,A00,19.5,
DDA,Đại học Công Nghệ Đông Á,7510301,"Công nghệ kỹ thuật điện, điện tử",A00,18,
DDA,Đại học Công Nghệ Đông Á,7510303,Công nghệ kỹ thuật điều khiển và tự động hóa,A00,18,
DDA,Đại học Công Nghệ Đông Á,7510206,Công nghệ kỹ thuật nhiệt,A00,21,
DDA,Đại học Công Nghệ Đông Á,7480201,Công nghệ thông tin,A00,20,
DDA,Đại học Công Nghệ Đông Á,7510202,Công nghệ chế tạo máy,A00,23,
DDA,Đại học Công Nghệ Đông Á,7720301,Điều dưỡng,A00,19,
DDA,Đại học Công Nghệ Đông Á,7720201,Dược học,A00,21,
DDA,Đại học Công Nghệ Đông Á,7340301,Kế toán,A00,18,
DDA,Đại học Công Nghệ Đông Á,7580201,Kỹ thuật xây dựng,A00,22,
DDA,Đại học Công Nghệ Đông Á,7380101,Ngành Luật,A00,19,
DDA,Đại học Công Nghệ Đông Á,7220201,Ngôn ngữ Anh,A00,18.5,
DDA,Đại học Công Nghệ Đông Á,7810201,Quản trị khách sạn,A00,18,
DDA,Đại học Công Nghệ Đông Á,7810103,Quản trị dịch vụ du lịch và lữ hành,A00,18.5,
DDA,Đại học Công Nghệ Đông Á,7340101,Quản trị Kinh doanh,A00,20,
DDA,Đại học Công Nghệ Đông Á,7340201,Tài chính – Ngân hàng,A00,18,
DHA,Đại học Luật - Đại học Huế,7380107,Luật kinh tế,A00 | C00 | C20 | D01,19,
DHA,Đại học Luật - Đại học Huế,7380101,Ngành Luật,A00 | C00 | C20 | D66,19,
NHS,Đại học Ngân hàng TP HCM,7340002,Chương trình đại học chính quy quốc tế cấp song bằng ngành Quản trị kinh doanh,A00 | A01 | D01 | D07,24.5,
NHS,Đại học Ngân hàng TP HCM,7340001,Chương trình cử nhân chất lượng cao,A00 | A01 | D01 | D07,24.1,
NHS,Đại học Ngân hàng TP HCM,7340405,Hệ thống thông tin,A00 | A01 | D01 | D07,24.6,
NHS,Đại học Ngân hàng TP HCM,7340301,Kế toán,A00 | A01 | D01 | D07,24.87,
NHS,Đại học Ngân hàng TP HCM,7310106,Kinh tế quốc tế,A00 | A01 | D01 | D07,25.24,
NHS,Đại học Ngân hàng TP HCM,7380107,Luật kinh tế,A00 | A01 | D01 | D07,25.07,
NHS,Đại học Ngân hàng TP HCM,7220201,Ngôn ngữ Anh,A01 | D01 | D14 | D15,24.38,
NHS,Đại học Ngân hàng TP HCM,7340101,Quản trị Kinh doanh,A00 | A01 | D01 | D07,25.05,
NHS,Đại học Ngân hàng TP HCM,7340201,Tài chính – Ngân hàng,A00 | A01 | D01 | D07,24.9,
DHF,Đại học Ngoại Ngữ - Đại học Huế,7220204,Ngôn ngữ Trung Quốc,D01 | D04 | D15 | D45,23,
DHF,Đại học Ngoại Ngữ - Đại học Huế,7220203,Ngôn ngữ Pháp,D01 | D03 | D15 | D44,15,
DHF,Đại học Ngoại Ngữ - Đại học Huế,7220210,Ngôn ngữ Hàn Quốc,D01 | D14 | D15,22.5,
DHF,Đại học Ngoại Ngữ - Đại học Huế,7220201,Ngôn ngữ Anh,D01 | D14 | D15,19.5,
DHF,Đại học Ngoại Ngữ - Đại học Huế,7220209,Ngôn ngữ Nhật,D01 | D06 | D15 | D43,19.5,
DHF,Đại học Ngoại Ngữ - Đại học Huế,7220202,Ngôn ngữ Nga,D01 | D02 | D15 | D42,15,
DHF,Đại học Ngoại Ngữ - Đại học Huế,7310601,Quốc tế học,D01 | D14 | D15,15,
DHF,Đại học Ngoại Ngữ - Đại học Huế,7140231,Sư phạm Tiếng Anh,D01 | D14 | D15,25.5,
DHF,Đại học Ngoại Ngữ - Đại học Huế,7140234,Sư phạm Tiếng Trung Quốc,D01 | D04 | D15 | D45,24.85,
DHF,Đại học Ngoại Ngữ - Đại học Huế,7140233,Sư phạm Tiếng Pháp,D03 | D15 | D44,19,
DHF,Đại học Ngoại Ngữ - Đại học Huế,7310630D,Việt Nam học,D01 | D14 | D15,15,
DDU,Đại Học Đông Đô,7510205,Công nghệ kỹ thuật ô tô,A00,15,
DDU,Đại Học Đông Đô,7510406,Công nghệ kỹ thuật Môi trường,A00,15,
DDU,Đại Học Đông Đô,7480201,Công nghệ thông tin,A00,15,
DDU,Đại Học Đông Đô,7720201,Dược học,A00,19,
DDU,Đại Học Đông Đô,7340301,Kế toán,A00,15,
DDU,Đại Học Đông Đô,7580101,Kiến trúc,V00,15,
DDU,Đại Học Đông Đô,7580201,Kỹ thuật xây dựng,A00,15,
DDU,Đại Học Đông Đô,7720601,Kỹ thuật xét nghiệm y học,A00,15,
DDU,Đại Học Đông Đô,7380107,Luật kinh tế,A00,15,
DDU,Đại Học Đông Đô,7220204,Ngôn ngữ Trung Quốc,A01,15,
DDU,Đại Học Đông Đô,7220209,Ngôn ngữ Nhật,A01,15,
DDU,Đại Học Đông Đô,7310205,Quản lý nhà nước,A00,15,
DDU,Đại Học Đông Đô,7340201,Tài chính – Ngân hàng,A00,15,
DDU,Đại Học Đông Đô,7640101,Thú y,A00,15,
DDU,Đại Học Đông Đô,7340122,Thương mại điện tử,A00,15,
YKV,Đại học Y Khoa Vinh,7720301,Điều dưỡng,B00,19,
YKV,Đại học Y Khoa Vinh,7720201,Dược học,A00 | B00,22.5,
YKV,Đại học Y Khoa Vinh,7720601,Kỹ thuật xét nghiệm y học,B00,19,
YKV,Đại học Y Khoa Vinh,7720110,Y học dự phòng,B00,19,
YKV,Đại học Y Khoa Vinh,7720101,Y khoa,B00,24,
DNB,Đại học Hoa Lư,7480201,Công nghệ thông tin,A00,15,
DNB,Đại học Hoa Lư,7810101,Du lịch,C00,15,
DNB,Đại học Hoa Lư,7140202,Giáo dục Tiểu học,A00,25.05,
DNB,Đại học Hoa Lư,7140201,Giáo dục Mầm non,C00,24.75,
DNB,Đại học Hoa Lư,7340301,Kế toán,A00,15,
DNB,Đại học Hoa Lư,7340101,Quản trị Kinh doanh,A00,15,
DNB,Đại học Hoa Lư,7140249,Sư phạm Lịch sử - Địa lý,C00,26.2,
DNB,Đại học Hoa Lư,7140209,Sư phạm Toán học,A00,24.35,
DNB,Đại học Hoa Lư,7140247,Sư phạm khoa học tự nhiên,A00,21.75,
DNB,Đại học Hoa Lư,7310630D,Việt Nam học,C00,15,
LBH,Trường Sĩ Quan Lục Quân 2 - Đại học Nguyễn Huệ,7860201|23A00|7,Chỉ huy tham mưu Lục quân (Nam - quân khu 7),A00,22.15,
LBH,Trường Sĩ Quan Lục Quân 2 - Đại học Nguyễn Huệ,7860201|23A01|9,Chỉ huy tham mưu Lục quân (Nam - quân khu 9),A01,22,
LBH,Trường Sĩ Quan Lục Quân 2 - Đại học Nguyễn Huệ,7860201|23A00|5,Chỉ huy tham mưu Lục quân (Nam - quân khu 5),A00,19.95,
LBH,Trường Sĩ Quan Lục Quân 2 - Đại học Nguyễn Huệ,7860201|23A01|5,Chỉ huy tham mưu Lục quân (Nam - quân khu 5),A01,19.95,
LBH,Trường Sĩ Quan Lục Quân 2 - Đại học Nguyễn Huệ,7860201|23A01|4,Chỉ huy tham mưu Lục quân (Nam - quân khu 4),A01,24.07,
LBH,Trường Sĩ Quan Lục Quân 2 - Đại học Nguyễn Huệ,7860201|23A00|9,Chỉ huy tham mưu Lục quân (Nam - quân khu 9),A00,22,
LBH,Trường Sĩ Quan Lục Quân 2 - Đại học Nguyễn Huệ,7860201|23A01|7,Chỉ huy tham mưu Lục quân (Nam - quân khu 7),A01,22.15,
LBH,Trường Sĩ Quan Lục Quân 2 - Đại học Nguyễn Huệ,7860201|23A00|4,Chỉ huy tham mưu Lục quân (Nam - quân khu 4),A00,24.07,
DBG,Đại học Nông Lâm Bắc Giang,7620112,Bảo vệ thực vật,A00,15,
DBG,Đại học Nông Lâm Bắc Giang,7620105,Chăn nuôi,A00,15,
DBG,Đại học Nông Lâm Bắc Giang,7510205,Công nghệ kỹ thuật ô tô,A00,15,
DBG,Đại học Nông Lâm Bắc Giang,7540101,Công nghệ thực phẩm,A00,15,
DBG,Đại học Nông Lâm Bắc Giang,7540106,Đảm bảo chất lượng và an toàn thực phẩm,A00,15,
DBG,Đại học Nông Lâm Bắc Giang,7340301,Kế toán,A00,15,
DBG,Đại học Nông Lâm Bắc Giang,7620110,Khoa học cây trồng,A00,15,
DBG,Đại học Nông Lâm Bắc Giang,7310101,Kinh tế,A00,15,
DBG,Đại học Nông Lâm Bắc Giang,7220204,Ngôn ngữ Trung Quốc,A00,15,
DBG,Đại học Nông Lâm Bắc Giang,7850101,Quản lý tài nguyên và môi trường,A00,15,
DBG,Đại học Nông Lâm Bắc Giang,7850103,Quản lý đất đai,A00,15,
DBG,Đại học Nông Lâm Bắc Giang,7810103,Quản trị dịch vụ du lịch và lữ hành,A00,15,
DBG,Đại học Nông Lâm Bắc Giang,7620211,Quản lý tài nguyên rừng,A00,15,
DBG,Đại học Nông Lâm Bắc Giang,7640101,Thú y,A00,15,
DBG,Đại học Nông Lâm Bắc Giang,7340122,Thương mại điện tử,A00,15,
DVL,Đại học Văn Lang,7850201,Bảo hộ lao động,A00 | A01 | A02 | B00,16,
DVL,Đại học Văn Lang,7340116,Bất động sản,A00 | A01 | C04 | D01,16,
DVL,Đại học Văn Lang,7480201,Công nghệ thông tin,A00 | A01 | D01 | D10,16,
DVL,Đại học Văn Lang,7510301,"Công nghệ kỹ thuật điện, điện tử",A00 | A01 | C01 | D01,16,
DVL,Đại học Văn Lang,7420205,Công nghệ sinh học y dược,A00 | B00 | D07 | D08,16,
DVL,Đại học Văn Lang,7210302,Công nghệ điện ảnh. truyền hình,H01 | H03 | H04 | V00,16,
DVL,Đại học Văn Lang,7540101,Công nghệ thực phẩm,A00 | B00 | C08 | D08,16,
DVL,Đại học Văn Lang,7510205,Công nghệ kỹ thuật ô tô,A00 | A01 | C01 | D01,16,
DVL,Đại học Văn Lang,7420201,Công nghệ sinh học,A00 | A02 | B00 | B08,16,
DVL,Đại học Văn Lang,7340205,Công nghệ tài chính,A00 | A01 | C01 | D01,16,
DVL,Đại học Văn Lang,7510406,Công nghệ kỹ thuật Môi trường,A00 | B00 | D07 | D08,16,
DVL,Đại học Văn Lang,7420207,Công nghệ thẩm mỹ,A00 | B00 | D07 | D08,16,
DVL,Đại học Văn Lang,7320106,Công nghệ truyền thông,A00 | A01 | C01 | D01,16,
DVL,Đại học Văn Lang,7210235,Đạo diễn điện ảnh. truyền hình,S00,18,
DVL,Đại học Văn Lang,7210234,Diễn viên kịch. điện ảnh - truyền hình,S00,18,
DVL,Đại học Văn Lang,7720301,Điều dưỡng,B00 | C08 | D07 | D08,19,
DVL,Đại học Văn Lang,7310608,Đông phương học,A01 | C00 | D01 | D04,16,
DVL,Đại học Văn Lang,7810101,Du lịch,A00 | A01 | C00 | D01,16,
DVL,Đại học Văn Lang,7720201,Dược học,A00 | B00 | D07,21,
DVL,Đại học Văn Lang,7340405,Hệ thống thông tin,A00 | A01 | D07 | D10,16,
DVL,Đại học Văn Lang,7340301,Kế toán,A00 | A01 | D01 | D10,16,
DVL,Đại học Văn Lang,7460108,Khoa học dữ liệu (Data Science),A00 | A01 | C01 | D01,16,
DVL,Đại học Văn Lang,7580101,Kiến trúc,V00 | V01 | V02,16,
DVL,Đại học Văn Lang,7340121,Kinh doanh thương mại,A00 | A01 | C01 | D01,16,
DVL,Đại học Văn Lang,7310106,Kinh tế quốc tế,A00 | A01 | D01 | D07,16,
DVL,Đại học Văn Lang,7720601,Kỹ thuật xét nghiệm y học,A00 | B00 | D07 | D08,19,
DVL,Đại học Văn Lang,7580205,Kỹ thuật xây dựng công trình giao thông,A00 | A01 | D01 | D07,16,
DVL,Đại học Văn Lang,7520120,Kỹ thuật hàng không,A00 | A01 | C01 | D01,16,
DVL,Đại học Văn Lang,7520114,Kỹ thuật cơ điện tử,A00 | A01 | C01 | D01,16,
DVL,Đại học Văn Lang,7580201,Kỹ thuật xây dựng,A00 | A01 | D01 | D07,16,
DVL,Đại học Văn Lang,7480103,Kỹ thuật phần mềm,A00 | A01 | D01 | D10,16,
DVL,Đại học Văn Lang,7520115,"Kỹ thuật nhiệt (3 chuyên ngành: Kỹ thuật điện lạnh; Máy lạnh, điều hòa không khí và thông gió; Máy lạnh và thiết bị thực phẩm)",A00 | A01 | D07,16,
DVL,Đại học Văn Lang,7510605,Logistics và Quản lý chuỗi cung ứng,A00 | A01 | C01 | D01,16,
DVL,Đại học Văn Lang,7380107,Luật kinh tế,A00 | A01 | C00 | D01,16,
DVL,Đại học Văn Lang,7480102,Mạng máy tính và truyền thông dữ liệu,A00 | A01 | D01 | D07,16,
DVL,Đại học Văn Lang,7340115,Marketing,A00 | A01 | C01 | D01,17,
DVL,Đại học Văn Lang,7380101,Ngành Luật,A00 | A01 | C00 | D01,16,
DVL,Đại học Văn Lang,7340120,Ngành Kinh doanh quốc tế,A00 | A01 | C01 | D01,16,
DVL,Đại học Văn Lang,7220210,Ngôn ngữ Hàn Quốc,D01 | D10 | D14 | D66,16,
DVL,Đại học Văn Lang,7220201,Ngôn ngữ Anh,D01 | D08 | D10,16,
DVL,Đại học Văn Lang,7220204,Ngôn ngữ Trung Quốc,A01 | D01 | D04 | D14,16,
DVL,Đại học Văn Lang,7620118,Nông nghiệp công nghệ cao,A00 | B00 | D07 | D08,16,
DVL,Đại học Văn Lang,7210208,Piano,N00,18,
DVL,Đại học Văn Lang,7340101,Quản trị Kinh doanh,A00 | A01 | C01 | D01,17,
DVL,Đại học Văn Lang,7810202,Quản trị nhà hàng và dịch vụ ăn uống,A00 | A01 | D01 | D03,16,
DVL,Đại học Văn Lang,7320108,Quan hệ công chúng,A00 | A01 | C00 | D01,18,
DVL,Đại học Văn Lang,7810103,Quản trị dịch vụ du lịch và lữ hành,A00 | A01 | D01 | D03,16,
DVL,Đại học Văn Lang,7580302,Quản lý xây dựng,A00 | A01 | D01 | D07,16,
DVL,Đại học Văn Lang,7810201,Quản trị khách sạn,A00 | A01 | D01 | D03,16,
DVL,Đại học Văn Lang,7720501,Răng- Hàm -Mặt,A00 | B00 | D07 | D08,24,
DVL,Đại học Văn Lang,7340201,Tài chính – Ngân hàng,A00 | A01 | C04 | D01,16,
DVL,Đại học Văn Lang,7310401,Tâm lý học,B00 | B03 | C00 | D01,16,
DVL,Đại học Văn Lang,7210205,Thanh nhạc,N00,18,
DVL,Đại học Văn Lang,7210404,Thiết kế thời trang,H03 | H04 | H05 | H06,16,
DVL,Đại học Văn Lang,7210403,Thiết kế đồ họa,H03 | H04 | H05 | H06,16,
DVL,Đại học Văn Lang,7210409,Thiết kế mỹ thuật số,H03 | H04 | H05 | H06,16,
DVL,Đại học Văn Lang,7580108,Thiết kế nội thất,H03 | H04 | H05 | H06,16,
DVL,Đại học Văn Lang,7210402,Thiết kế công nghiệp,H03 | H04 | H05 | H06,16,
DVL,Đại học Văn Lang,7340122,Thương mại điện tử,A00 | A01 | C01 | D01,16,
DVL,Đại học Văn Lang,7320104,Truyền thông đa phương tiện,A00 | A01 | C00 | D01,18,
DVL,Đại học Văn Lang,7229030,Văn học,C00 | D01 | D14 | D66,16,
DVL,Đại học Văn Lang,7720101,Y khoa,A00 | B00 | D08 | D12,22.5,
DDN,Đại học Đại Nam,7480201,Công nghệ thông tin,A00 | A01 | A10 | D84,15,
DDN,Đại học Đại Nam,7510205,Công nghệ kỹ thuật ô tô,A00 | A01 | A10 | D01,15,
DDN,Đại học Đại Nam,7720301,Điều dưỡng,B00 | C14 | D07 | D66,19,
DDN,Đại học Đại Nam,7310608,Đông phương học,A01 | C00 | D01 | D66,15,
DDN,Đại học Đại Nam,7720201,Dược học,A00 | A01 | B00 | B08,21,
DDN,Đại học Đại Nam,7340301,Kế toán,A00 | A01 | C14 | D01,15,
DDN,Đại học Đại Nam,7480101,Khoa học máy tính,A00 | A01 | A10 | D84,15,
DDN,Đại học Đại Nam,7310109 (trước 2023),Kinh tế tài chính,A00 | C03 | D01 | D10,15,
DDN,Đại học Đại Nam,7510605,Logistics và Quản lý chuỗi cung ứng,A00 | C03 | D01 | D10,15,
DDN,Đại học Đại Nam,7380107,Luật kinh tế,A08 | A09 | C00 | C20,15,
DDN,Đại học Đại Nam,7340115,Marketing,A00 | A01 | D01 | D10,15,
DDN,Đại học Đại Nam,7340120,Ngành Kinh doanh quốc tế,A00 | C03 | D01 | D10,15,
DDN,Đại học Đại Nam,7220210,Ngôn ngữ Hàn Quốc,C00 | D01 | D09 | D66,15,
DDN,Đại học Đại Nam,7220204,Ngôn ngữ Trung Quốc,C00 | D01 | D09 | D66,15,
DDN,Đại học Đại Nam,7220201,Ngôn ngữ Anh,D01 | D09 | D11 | D14,15,
DDN,Đại học Đại Nam,7810301,Quản lý thể dục thể thao,A00 | C03 | C14 | D10,15,
DDN,Đại học Đại Nam,7320108,Quan hệ công chúng,C00 | C20 | D01 | D15,15,
DDN,Đại học Đại Nam,7810103,Quản trị dịch vụ du lịch và lữ hành,A07 | A08 | C00 | D01,15,
DDN,Đại học Đại Nam,7340101,Quản trị Kinh doanh,A00 | C03 | D01 | D10,15,
DDN,Đại học Đại Nam,7340201,Tài chính – Ngân hàng,A00 | C01 | C14 | D01,15,
DDN,Đại học Đại Nam,7340122,Thương mại điện tử,A00 | A01 | C01 | D01,15,
DDN,Đại học Đại Nam,7320104,Truyền thông đa phương tiện,A00 | A01 | C14 | D01,15,
DDN,Đại học Đại Nam,7720101,Y khoa,A00 | A01 | B00 | B08,22.5,
ANH,Học viện An Ninh Nhân Dân,7480202|12A00,Ngành An toàn thông tin (Phía Nam - Nữ),A00,21.08,
ANH,Học viện An Ninh Nhân Dân,7480202|11A00,Ngành An toàn thông tin (Phía Bắc - Nữ),A00,21.93,
ANH,Học viện An Ninh Nhân Dân,7480202|22A01,Ngành An toàn thông tin (Phía Nam - Nam),A01,17.61,
ANH,Học viện An Ninh Nhân Dân,7480202|12A01,Ngành An toàn thông tin (Phía Nam - Nữ),A01,21.08,
ANH,Học viện An Ninh Nhân Dân,7480202|21A01,Ngành An toàn thông tin (Phía Bắc - Nam),A01,19.95,
ANH,Học viện An Ninh Nhân Dân,7480202|11A01,Ngành An toàn thông tin (Phía Bắc - Nữ),A01,21.93,
ANH,Học viện An Ninh Nhân Dân,7480202|21A00,Ngành An toàn thông tin (Phía Bắc - Nam),A00,19.95,
ANH,Học viện An Ninh Nhân Dân,7480202|22A00,Ngành An toàn thông tin (Phía Nam - Nam),A00,17.61,
ANH,Học viện An Ninh Nhân Dân,7860100|13D01|3,Nghiệp vụ An ninh (Địa bàn 3 - Nữ),D01,24.19,
ANH,Học viện An Ninh Nhân Dân,7860100|13A01|3,Nghiệp vụ An ninh (Địa bàn 3 - Nữ),A01,24.19,
ANH,Học viện An Ninh Nhân Dân,7860100|13A00|2,Nghiệp vụ An ninh (Địa bàn 2 - Nữ),A00,23.67,
ANH,Học viện An Ninh Nhân Dân,7860100|23C03|3,Nghiệp vụ An ninh (Địa bàn 3 - Nam),C03,20.66,
ANH,Học viện An Ninh Nhân Dân,7860100|23A00|8,Nghiệp vụ An ninh (Địa bàn 8 - Nam),A00,19.98,
ANH,Học viện An Ninh Nhân Dân,7860100|23A01|2,Nghiệp vụ An ninh (Địa bàn 2 - Nam),A01,21.58,
ANH,Học viện An Ninh Nhân Dân,7860100|13D01|8,Nghiệp vụ An ninh (Địa bàn 8 - Nữ),D01,19.37,
ANH,Học viện An Ninh Nhân Dân,7860100|13D01|2,Nghiệp vụ An ninh (Địa bàn 2 - Nữ),D01,23.67,
ANH,Học viện An Ninh Nhân Dân,7860100|13A01|2,Nghiệp vụ An ninh (Địa bàn 2 - Nữ),A01,23.67,
ANH,Học viện An Ninh Nhân Dân,7860100|23D01|3,Nghiệp vụ An ninh (Địa bàn 3 - Nam),D01,20.66,
ANH,Học viện An Ninh Nhân Dân,7860100|13A00|1,Nghiệp vụ An ninh (Địa bàn 1 - Nữ),A00,24.14,
ANH,Học viện An Ninh Nhân Dân,7860100|23C03|2,Nghiệp vụ An ninh (Địa bàn 2 - Nam),C03,21.58,
ANH,Học viện An Ninh Nhân Dân,7860100|23A00|3,Nghiệp vụ An ninh (Địa bàn 3 - Nam),A00,20.66,
ANH,Học viện An Ninh Nhân Dân,7860100|13C03|8,Nghiệp vụ An ninh (Địa bàn 8 - Nữ),C03,19.37,
ANH,Học viện An Ninh Nhân Dân,7860100|13C03|2,Nghiệp vụ An ninh (Địa bàn 2 - Nữ),C03,23.67,
ANH,Học viện An Ninh Nhân Dân,7860100|13A00|8,Nghiệp vụ An ninh (Địa bàn 8 - Nữ),A00,19.37,
ANH,Học viện An Ninh Nhân Dân,7860100|23D01|1,Nghiệp vụ An ninh (Địa bàn 1 - Nam),D01,21,
ANH,Học viện An Ninh Nhân Dân,7860100|23A01|8,Nghiệp vụ An ninh (Địa bàn 8 - Nam),A01,19.98,
ANH,Học viện An Ninh Nhân Dân,7860100|23A00|1,Nghiệp vụ An ninh (Địa bàn 1 - Nam),A00,21,
ANH,Học viện An Ninh Nhân Dân,7860100|13C03|1,Nghiệp vụ An ninh (Địa bàn 1 - Nữ),C03,24.14,
ANH,Học viện An Ninh Nhân Dân,7860100|13C03|3,Nghiệp vụ An ninh (Địa bàn 3 - Nữ),C03,24.19,
ANH,Học viện An Ninh Nhân Dân,7860100|13A00|3,Nghiệp vụ An ninh (Địa bàn 3 - Nữ),A00,24.19,
ANH,Học viện An Ninh Nhân Dân,7860100|23C03|8,Nghiệp vụ An ninh (Địa bàn 8 - Nam),C03,19.98,
ANH,Học viện An Ninh Nhân Dân,7860100|23A01|1,Nghiệp vụ An ninh (Địa bàn 1 - Nam),A01,21,
ANH,Học viện An Ninh Nhân Dân,7860100|23A01|3,Nghiệp vụ An ninh (Địa bàn 3 - Nam),A01,20.66,
ANH,Học viện An Ninh Nhân Dân,7860100|13A01|8,Nghiệp vụ An ninh (Địa bàn 8 - Nữ),A01,19.37,
ANH,Học viện An Ninh Nhân Dân,7860100|13D01|1,Nghiệp vụ An ninh (Địa bàn 1 - Nữ),D01,24.14,
ANH,Học viện An Ninh Nhân Dân,7860100|13A01|1,Nghiệp vụ An ninh (Địa bàn 1 - Nữ),A01,24.14,
ANH,Học viện An Ninh Nhân Dân,7860100|23D01|8,Nghiệp vụ An ninh (Địa bàn 8 - Nam),D01,19.98,
ANH,Học viện An Ninh Nhân Dân,7860100|23C03|1,Nghiệp vụ An ninh (Địa bàn 1 - Nam),C03,21,
ANH,Học viện An Ninh Nhân Dân,7860100|23D01|2,Nghiệp vụ An ninh (Địa bàn 2 - Nam),D01,21.58,
ANH,Học viện An Ninh Nhân Dân,7860100|23A00|2,Nghiệp vụ An ninh (Địa bàn 2 - Nam),A00,21.58,
ANH,Học viện An Ninh Nhân Dân,7720101|21B00,Y khoa (Nam - Miền Bắc),B00,14.73,
ANH,Học viện An Ninh Nhân Dân,7720101|22B00,Y khoa (Nam - Miền Nam),B00,14.85,
DTT,Đại học Tôn Đức Thắng,7850201,Bảo hộ lao động,A00 | A01 | B00 | D07,22,
DTT,Đại học Tôn Đức Thắng,7760101,Công tác xã hội,A01 | C00 | C01 | D01,28.5,
DTT,Đại học Tôn Đức Thắng,7420201,Công nghệ sinh học,A00 | B00 | D08,28.2,
DTT,Đại học Tôn Đức Thắng,7510406,Công nghệ kỹ thuật Môi trường,A00 | A01 | B00 | D07,22,
DTT,Đại học Tôn Đức Thắng,K7480101L,"Công nghệ thông tin (song bằng, 2+2) - Chương trình liên kết Đại học La Trobe (Úc)",A01 | D01,31,
DTT,Đại học Tôn Đức Thắng,FA7420201,Công nghệ sinh học - Chất lượng cao giảng dạy 100% tiếng Anh,B00 | D08,24,
DTT,Đại học Tôn Đức Thắng,F7420201,Công nghệ sinh học - Chất lượng cao giảng dạy bằng tiếng Anh - Việt,A00 | B00 | D08,24,
DTT,Đại học Tôn Đức Thắng,7460112,ĐH Toán ứng dụng,A00 | A01,31.3,
DTT,Đại học Tôn Đức Thắng,7720201,Dược học,A00 | B00 | D07,31.4,
DTT,Đại học Tôn Đức Thắng,FA7340301,Kế toán (chuyên ngành: Kế toán quốc tế) - Chất lượng cao giảng dạy 100% tiếng Anh,A01 | D01,22,
DTT,Đại học Tôn Đức Thắng,F7340301,Kế toán - Chất lượng cao,A00 | A01 | C01 | D01,28,
DTT,Đại học Tôn Đức Thắng,7340301,Kế toán,A00 | A01 | C01 | D01,31.6,
DTT,Đại học Tôn Đức Thắng,K7340301,"Kế toán (song bằng 3+1) Đại học West of England, Bristol (Vương Quốc Anh)",A01 | D01,22,
DTT,Đại học Tôn Đức Thắng,N7340301,Kế toán -Chương trình học 02 năm đầu tại Nha Trang,A00 | A01 | C01 | D01,22,
DTT,Đại học Tôn Đức Thắng,7480101,Khoa học máy tính,A00 | A01 | D01,33.35,
DTT,Đại học Tôn Đức Thắng,FA7480101,Khoa học máy tính - Chất lượng cao giảng dạy 100% tiếng Anh,A01 | D01,31,
DTT,Đại học Tôn Đức Thắng,F7480101,Khoa học máy tính - Chất lượng cao giảng dạy bằng tiếng Anh - Việt,A00 | A01 | D01,32.25,
DTT,Đại học Tôn Đức Thắng,7440301,Khoa học môi trường,A00 | A01 | B00 | D07,22,
DTT,Đại học Tôn Đức Thắng,K7480101T,Khoa học máy tính (đơn bằng 2+2) - Chương trình liên kết Đại học Kỹ thuật Ostrava (CH Séc),A01 | D01,26,
DTT,Đại học Tôn Đức Thắng,7580101,Kiến trúc,V00 | V01,27,
DTT,Đại học Tôn Đức Thắng,F7580101,Kiến trúc - Chất lượng cao,A01 | C01 | V00 | V01,22,
DTT,Đại học Tôn Đức Thắng,FA7340120,Kinh doanh quốc tế - học bằng tiếng Anh,A01 | D01,31.5,
DTT,Đại học Tôn Đức Thắng,K7340120L,Kinh doanh quốc tế (song bằng 3 +1) – Chương trình liên kết Đại học La Trobe (Úc).,A01 | D01,31.5,
DTT,Đại học Tôn Đức Thắng,F7340120,Kinh doanh quốc tế - Chất lượng cao giảng dạy bằng tiếng Anh - Việt,A00 | A01 | D01,33.15,
DTT,Đại học Tôn Đức Thắng,N7480103,Kỹ thuật phần mềm,A00 | A01 | D01,22,
DTT,Đại học Tôn Đức Thắng,FA7580201,Kỹ thuật xây dựng - Chất lượng cao giảng dạy 100% tiếng Anh,A00 | A01,22,
DTT,Đại học Tôn Đức Thắng,F7580201,Kỹ thuật xây dựng - Chất lượng cao giảng dạy bằng tiếng Anh - Việt,A00 | A01 | C01,23,
DTT,Đại học Tôn Đức Thắng,7520114,Kỹ thuật cơ điện tử,A00 | A01 | C01,29.9,
DTT,Đại học Tôn Đức Thắng,F7520301,Kỹ thuật Hóa học - Chất lượng cao,A00 | B00 | D07,24,
DTT,Đại học Tôn Đức Thắng,K7520201,"Kỹ thuật điện – điện tử (song bằng 2,5+1,5) Đại học khoa học ứng dụng Saxion (Hà Lan)",A00 | A01,24,
DTT,Đại học Tôn Đức Thắng,FA7520216,Kỹ thuật điều khiển và tự động hóa - Chất lượng cao giảng dạy 100% tiếng Anh,A00 | A01,24,
DTT,Đại học Tôn Đức Thắng,F7520216,Kỹ thuật điều khiển và tự động hóa (Chất lượng cao),A00 | A01 | C01,24,
DTT,Đại học Tôn Đức Thắng,7520301,Kỹ thuật hóa học,A00 | B00 | D07,28.6,
DTT,Đại học Tôn Đức Thắng,K7580201,"Kỹ thuật xây dựng (song bằng, 2+2) - Chương trình liên kết Đại học La Trobe (Úc)",A00 | A01,22,
DTT,Đại học Tôn Đức Thắng,F7520201,Kỹ thuật điện -Chất lượng cao giảng dạy bằng tiếng Anh - Việt,A00 | A01 | C01,24,
DTT,Đại học Tôn Đức Thắng,7580205,Kỹ thuật xây dựng công trình giao thông,A00 | A01 | C01,22,
DTT,Đại học Tôn Đức Thắng,F7480103,Kỹ thuật phần mềm - Chất lượng cao giảng dạy bằng tiếng Anh - Việt,A00 | A01 | D01,31.4,
DTT,Đại học Tôn Đức Thắng,7580201,Kỹ thuật xây dựng,A00 | A01 | C01,24,
DTT,Đại học Tôn Đức Thắng,7520201,Kỹ thuật điện,A00 | A01 | C01,26,
DTT,Đại học Tôn Đức Thắng,FA7480103,Kỹ thuật phần mềm - Chất lượng cao giảng dạy 100% tiếng Anh,A01 | D01,31,
DTT,Đại học Tôn Đức Thắng,F7520207,Kỹ thuật điện tử - viễn thông - Chất lượng cao giảng dạy bằng tiếng Anh - Việt,A00 | A01 | C01,24,
DTT,Đại học Tôn Đức Thắng,7480103,Kỹ thuật phần mềm,A00 | A01 | D01,33.7,
DTT,Đại học Tôn Đức Thắng,F7380101,Luật - Chất lượng cao giảng dạy bằng tiếng Anh - Việt,A00 | A01 | C00 | D01,28,
DTT,Đại học Tôn Đức Thắng,N7380101,Luật -Chương trình 02 năm đầu học tại Nha Trang,A00 | A01 | C00 | D01,22,
DTT,Đại học Tôn Đức Thắng,7480102,Mạng máy tính và truyền thông dữ liệu,A00 | A01 | D01,32.1,
DTT,Đại học Tôn Đức Thắng,FA7340115,Marketing - Chất lượng cao giảng dạy 100% tiếng Anh,A01 | D01,31.5,
DTT,Đại học Tôn Đức Thắng,N7340115,Marketing -Chương trình 02 năm đầu học tại Nha Trang,A00 | A01 | D01,24,
DTT,Đại học Tôn Đức Thắng,F7340115,Marketing -Chất lượng cao giảng dạy bằng tiếng Anh - Việt,A00 | A01 | D01,32.65,
DTT,Đại học Tôn Đức Thắng,7340115,Marketing,A00 | A01 | D01,34.45,
DTT,Đại học Tôn Đức Thắng,7340120,Ngành Kinh doanh quốc tế,A00 | A01 | D01,34.6,
DTT,Đại học Tôn Đức Thắng,7380101,Ngành Luật,A00 | A01 | C00 | D01,31.85,
DTT,Đại học Tôn Đức Thắng,7520207,Ngành Kỹ thuật điện tử truyền thông,A00 | A01 | C01,28.7,
DTT,Đại học Tôn Đức Thắng,7520216,Ngành Kỹ thuật điều khiển & Tự động hóa,A00 | A01 | C01,31,
DTT,Đại học Tôn Đức Thắng,7220204,Ngôn ngữ Trung Quốc,D11 | D55,32.2,
DTT,Đại học Tôn Đức Thắng,F7220201,Ngôn ngữ Anh -Chất lượng cao giảng dạy bằng tiếng Anh - Việt,D01 | D11,30.8,
DTT,Đại học Tôn Đức Thắng,7220201,Ngôn ngữ Anh,D01 | D11,33.5,
DTT,Đại học Tôn Đức Thắng,N7220201,Ngôn ngữ Anh -Chương trình 02 năm đầu học tại Nha Trang,D01 | D11,24,
DTT,Đại học Tôn Đức Thắng,F7340101N,Quản trị kinh doanh (Chuyên ngành: Quản trị nhà hàng - khách sạn) - Chất lượng cao giảng dạy bằng tiếng Anh - Việt,A00 | A01 | D01,29.9,
DTT,Đại học Tôn Đức Thắng,7340101N,Quản trị kinh doanh (Chuyên ngành Quản trị Nhà hàng - Khách sạn),A00 | A01 | D01,32.25,
DTT,Đại học Tôn Đức Thắng,F7340101,Quản trị kinh doanh (Chuyên ngành: Quản trị nguồn nhân lực) - Chất lượng cao giảng dạy bằng tiếng Anh - Việt,A00 | A01 | D01,31.55,
DTT,Đại học Tôn Đức Thắng,7340101,Quản trị Kinh doanh,A00 | A01 | D01,33.45,
DTT,Đại học Tôn Đức Thắng,7810301G,Quản lý thể dục thể thao (ngành Golf),A01 | D01 | T00 | T01,22,
DTT,Đại học Tôn Đức Thắng,K7340101N,Quản trị nhà hàng khách sạn (song bằng 2.5+1.5) -Chương trình liên kết Đại học Taylor’s-Malaysia; Chương trình liên kết (song bằng 2+2) Đại học Southern Cross-Úc,A01 | D01,28,
DTT,Đại học Tôn Đức Thắng,K7340101,Quản trị kinh doanh (song bằng 2+2) - Chương trình liên kết Đại học kinh tế Praha-Cộng hòa Séc; Đại học Saimaa-Phần Lan,A01 | D01,28,
DTT,Đại học Tôn Đức Thắng,7810301,Quản lý thể dục thể thao,A01 | D01 | T00 | T01,30.5,
DTT,Đại học Tôn Đức Thắng,N7340101N,Quản trị kinh doanh. Chuyên ngành: Quản trị nhà hàng - khách sạn -Chương trình 02 năm đầu học tại Nha Trang,A00 | A01 | D01,24,
DTT,Đại học Tôn Đức Thắng,FA7340101N,Quản trị kinh doanh (Chuyên ngành: Quản trị nhà hàng - khách sạn) - Chất lượng cao giảng dạy 100% tiếng Anh,A01 | D01,28,
DTT,Đại học Tôn Đức Thắng,7580302,Quản lý xây dựng,A00 | A01 | C01,23,
DTT,Đại học Tôn Đức Thắng,7340408,Quan hệ lao động (CN Quản lý Quan hệ lao động. CN Hành vi tổ chức),A00 | A01 | C01 | D01,24,
DTT,Đại học Tôn Đức Thắng,7580105,Quy hoạch vùng và đô thị,A00 | A01 | V00 | V01,23,
DTT,Đại học Tôn Đức Thắng,FA7340201,Tài chính ngân hàng - học bằng tiếng Anh,A01 | D01,24,
DTT,Đại học Tôn Đức Thắng,7340201,Tài chính – Ngân hàng,A00 | A01 | D01 | D07,32.5,
DTT,Đại học Tôn Đức Thắng,K7340201X,"Tài chính và kiểm soát (song bằng, 3+1) - Chương trình liên kết Đại học Khoa học ứng dụng Saxion (Hà Lan)",A01 | D01,24,
DTT,Đại học Tôn Đức Thắng,F7340201,Tài chính - Ngân hàng - Chất lượng cao giảng dạy bằng tiếng Anh - Việt,A00 | A01 | D01 | D07,30.25,
DTT,Đại học Tôn Đức Thắng,7580108,Thiết kế nội thất,V00 | V01 | V02,27,
DTT,Đại học Tôn Đức Thắng,7210403,Thiết kế đồ họa,H00 | H01 | H02,31,
DTT,Đại học Tôn Đức Thắng,F7210403,Thiết kế đồ họa - Chất lượng cao giảng dạy bằng tiếng Anh - Việt,H00 | H01 | H02,26,
DTT,Đại học Tôn Đức Thắng,7210404,Thiết kế thời trang,H00 | H01 | H02,26.5,
DTT,Đại học Tôn Đức Thắng,7460201,Thống kê,A00 | A01,27.7,
DTT,Đại học Tôn Đức Thắng,N7310630,Việt Nam học (Chuyên ngành Du lịch và Lữ hành),A00 | A01 | C00 | D01,22,
DTT,Đại học Tôn Đức Thắng,FA7310630Q,Việt Nam học (Chuyên ngành Du lịch và Quản lý du lịch),A01 | D01,24,
DTT,Đại học Tôn Đức Thắng,7310630,Việt Nam học,A01 | C00 | C01 | D01,31.4,
DTT,Đại học Tôn Đức Thắng,F7310630Q,Việt Nam học (Chuyên ngành: Du lịch và Quản lý du lịch)- Chất lượng cao giảng dạy bằng tiếng Anh - Việt,A01 | C00 | C01 | D01,28.5,
DTT,Đại học Tôn Đức Thắng,7310630Q,Việt Nam học (Chuyên ngành Du lịch và Quản lý du lịch),A01 | C00 | C01 | D01,31.4,
DTT,Đại học Tôn Đức Thắng,7310301,Xã hội học,A01 | C00 | C01 | D01,31.25,
HGH,Trường Sĩ Quan Phòng Hóa,7860229|22A00 (trước 2023),Chỉ huy kỹ thuật hóa học phía Nam,A00,22.55,
HGH,Trường Sĩ Quan Phòng Hóa,7860229|21A00,Ngành Chỉ huy Kỹ thuật Hóa học (Thí sinh Nam miền Bắc),A00,20.95,
HGH,Trường Sĩ Quan Phòng Hóa,7860229|22A01,Ngành Chỉ huy Kỹ thuật Hóa học (Thí sinh Nam miền Nam),A01,22.55,
HGH,Trường Sĩ Quan Phòng Hóa,7860229|21A01,Ngành Chỉ huy Kỹ thuật Hóa học (Thí sinh Nam miền Bắc),A01,20.95,
SKH,Đại học Sư phạm Kỹ thuật Hưng Yên,7540103,Công nghệ thực phẩm,A00,15,
SKH,Đại học Sư phạm Kỹ thuật Hưng Yên,7510201,Công nghệ kỹ thuật cơ khí (chuyên ngành Cơ khí chế tạo),A00,15,
SKH,Đại học Sư phạm Kỹ thuật Hưng Yên,7510401,Công nghệ kỹ thuật hoá học,A00,15,
SKH,Đại học Sư phạm Kỹ thuật Hưng Yên,7540209,Công nghệ may,A00,15,
SKH,Đại học Sư phạm Kỹ thuật Hưng Yên,7510210,Công thôn,A00,15,
SKH,Đại học Sư phạm Kỹ thuật Hưng Yên,7510202,Công nghệ chế tạo máy,A00,15,
SKH,Đại học Sư phạm Kỹ thuật Hưng Yên,7510203,Công nghệ kỹ thuật cơ điện tử,A00,15.5,
SKH,Đại học Sư phạm Kỹ thuật Hưng Yên,7510301,"Công nghệ kỹ thuật điện, điện tử",A00,16,
SKH,Đại học Sư phạm Kỹ thuật Hưng Yên,7480201,Công nghệ thông tin,A00,17.5,
SKH,Đại học Sư phạm Kỹ thuật Hưng Yên,7510205,Công nghệ kỹ thuật ô tô,A00,17,
SKH,Đại học Sư phạm Kỹ thuật Hưng Yên,7510303,Công nghệ kỹ thuật điều khiển và tự động hóa,A00,16.5,
SKH,Đại học Sư phạm Kỹ thuật Hưng Yên,7340301,Kế toán,A00,15,
SKH,Đại học Sư phạm Kỹ thuật Hưng Yên,7480101,Khoa học máy tính,A00,17,
SKH,Đại học Sư phạm Kỹ thuật Hưng Yên,7340123,Kinh doanh thời trang và Dệt may,A00,15,
SKH,Đại học Sư phạm Kỹ thuật Hưng Yên,7310101,Kinh tế,A00,15,
SKH,Đại học Sư phạm Kỹ thuật Hưng Yên,7520118,Kỹ thuật hệ thống công nghiệp,A00,15,
SKH,Đại học Sư phạm Kỹ thuật Hưng Yên,7480103,Kỹ thuật phần mềm,A00,17,
SKH,Đại học Sư phạm Kỹ thuật Hưng Yên,7220201,Ngôn ngữ Anh,A01,15,
SKH,Đại học Sư phạm Kỹ thuật Hưng Yên,7340101,Quản trị Kinh doanh,A00,15,
SKH,Đại học Sư phạm Kỹ thuật Hưng Yên,7140246,Sư phạm công nghệ,A00,26,
SKH,Đại học Sư phạm Kỹ thuật Hưng Yên,7140231,Sư phạm Tiếng Anh,A00,22,
DVT,Đại học Trà Vinh,7210201,Âm nhạc học,N00,15,
DVT,Đại học Trà Vinh,7210210,Biểu diễn nhạc cụ truyền thống,N00,15,
DVT,Đại học Trà Vinh,7510401,Công nghệ kỹ thuật hoá học,A00,15,
DVT,Đại học Trà Vinh,7420201,Công nghệ sinh học,A00,15,
DVT,Đại học Trà Vinh,7510102,Công nghệ kỹ thuật xây dựng dân dụng và công nghiệp,A00,15,
DVT,Đại học Trà Vinh,7510303,Công nghệ kỹ thuật điều khiển và tự động hóa,A00,15,
DVT,Đại học Trà Vinh,7480201,Công nghệ thông tin,A00,15,
DVT,Đại học Trà Vinh,7510205,Công nghệ kỹ thuật ô tô,A00,17.25,
DVT,Đại học Trà Vinh,7540101,Công nghệ thực phẩm,A00,15,
DVT,Đại học Trà Vinh,7510201,Công nghệ kỹ thuật cơ khí (chuyên ngành Cơ khí chế tạo),A00,15,
DVT,Đại học Trà Vinh,7510301,"Công nghệ kỹ thuật điện, điện tử",A00,15,
DVT,Đại học Trà Vinh,7620301,ĐH Nuôi trồng thủy sản,A00,15,
DVT,Đại học Trà Vinh,7720301,Điều dưỡng,B00,19,
DVT,Đại học Trà Vinh,7720201,Dược học,A00,21.85,
DVT,Đại học Trà Vinh,7720203,Hoá dược,A00,15,
DVT,Đại học Trà Vinh,7340301,Kế toán,A00,15,
DVT,Đại học Trà Vinh,7310101,Kinh tế,A00,15,
DVT,Đại học Trà Vinh,7720601,Kỹ thuật xét nghiệm y học,A00,20.25,
DVT,Đại học Trà Vinh,7720603,Kỹ thuật phục hồi chức năng,A00,29,
DVT,Đại học Trà Vinh,7580205,Kỹ thuật xây dựng công trình giao thông,A00,15,
DVT,Đại học Trà Vinh,7720602,Kỹ thuật hình ảnh y học,A00,29,
DVT,Đại học Trà Vinh,7510605,Logistics và Quản lý chuỗi cung ứng,A00,15,
DVT,Đại học Trà Vinh,7380101,Ngành Luật,A00,15,
DVT,Đại học Trà Vinh,7520320,Ngành Kỹ thuật môi trường,A01,15,
DVT,Đại học Trà Vinh,7220106,Ngôn ngữ Khmer,C00,15,
DVT,Đại học Trà Vinh,7220204,Ngôn ngữ Trung Quốc,D01,18,
DVT,Đại học Trà Vinh,7220201,Ngôn ngữ Anh,D01,15,
DVT,Đại học Trà Vinh,7620101,Nông nghiệp,A00,15,
DVT,Đại học Trà Vinh,7810301,Quản lý thể dục thể thao,C00,15,
DVT,Đại học Trà Vinh,7810103,Quản trị dịch vụ du lịch và lữ hành,C00,15,
DVT,Đại học Trà Vinh,7340101,Quản trị Kinh doanh,A00,15,
DVT,Đại học Trà Vinh,7850101,Quản lý tài nguyên và môi trường,A00,15,
DVT,Đại học Trà Vinh,7340406,Quản trị văn phòng,C00,15,
DVT,Đại học Trà Vinh,7310205,Quản lý nhà nước,C00,15,
DVT,Đại học Trà Vinh,7480107 (trước 2023),Quản trị và phân tích dữ liệu,A00,15,ngành Trí tuệ nhân tạo
DVT,Đại học Trà Vinh,7720501,Răng- Hàm -Mặt,B00,24.27,
DVT,Đại học Trà Vinh,7340201,Tài chính – Ngân hàng,A00,15,
DVT,Đại học Trà Vinh,7640101,Thú y,A00,15,
DVT,Đại học Trà Vinh,7340122,Thương mại điện tử,A00,15,
DVT,Đại học Trà Vinh,7229040,Văn hoá học,C00,15,
DVT,Đại học Trà Vinh,7720110,Y học dự phòng,B00,19,
DVT,Đại học Trà Vinh,7720101,Y khoa,B00,24.45,
DVT,Đại học Trà Vinh,7720701,Y tế công cộng,A00,15,
PBH,Trường Sĩ Quan Pháo Binh,7860205|22A01,Chỉ huy tham mưu (Nam - Phía Nam),A01,22.3,
PBH,Trường Sĩ Quan Pháo Binh,7860205|21A01,Chỉ huy tham mưu (Nam - Phía Bắc),A01,22.75,
PBH,Trường Sĩ Quan Pháo Binh,7860205|21A00,Chỉ huy tham mưu (Nam - Phía Bắc),A00,22.75,
PBH,Trường Sĩ Quan Pháo Binh,7860205|22A00,Chỉ huy tham mưu (Nam - Phía Nam),A00,22.3,
TDV,Đại học Vinh,7620105,Chăn nuôi,A00 | B00 | B08 | D01,17,
TDV,Đại học Vinh,7310201,Chính trị học,A01 | C00 | C19 | D01,19,
TDV,Đại học Vinh,7420201,Công nghệ sinh học,A00 | A01 | A02 | B08,18,
TDV,Đại học Vinh,7510301,"Công nghệ kỹ thuật điện, điện tử",A00 | A01 | B00 | D01,19,
TDV,Đại học Vinh,7540101,Công nghệ thực phẩm,A00 | A01 | B00 | D07,18,
TDV,Đại học Vinh,7480201,Công nghệ thông tin,A00 | A01 | D01 | D07,20,
TDV,Đại học Vinh,7510205,Công nghệ kỹ thuật ô tô,A00 | A01 | B00 | D01,19,
TDV,Đại học Vinh,7480201C,Công nghệ thông tin (CTCLC),A00 | A01 | D01 | D07,21,
TDV,Đại học Vinh,7760101,Công tác xã hội,A00 | A01 | C00 | D01,18,
TDV,Đại học Vinh,7510206,Công nghệ kỹ thuật nhiệt,A00 | A01 | B00 | D01,26,
TDV,Đại học Vinh,7620301,ĐH Nuôi trồng thủy sản,A00 | B00 | B08 | D01,18,
TDV,Đại học Vinh,7720301,Điều dưỡng,B00 | C08 | D08 | D13,20,
TDV,Đại học Vinh,7140208,Giáo dục Quốc phòng - An ninh,A00 | C00 | C19 | D01,25.7,
TDV,Đại học Vinh,7140205,Giáo dục Chính trị,C00 | C19 | C20 | D66,26.5,
TDV,Đại học Vinh,7140202,Giáo dục Tiểu học,A00 | A01 | C00 | D01,25.65,
TDV,Đại học Vinh,7340301,Kế toán,A00 | A01 | D01 | D07,19,
TDV,Đại học Vinh,7480101,Khoa học máy tính,A00 | A01 | D01 | D07,18,
TDV,Đại học Vinh,7580301,Kinh tế xây dựng,A00 | A01 | B00 | D01,17,
TDV,Đại học Vinh,7310101,Kinh tế,A00 | A01 | B00 | D01,19,
TDV,Đại học Vinh,7580205,Kỹ thuật xây dựng công trình giao thông,A00 | A01 | B00 | D01,17,
TDV,Đại học Vinh,7580201,Kỹ thuật xây dựng,A00 | A01 | B00 | D01,17,
TDV,Đại học Vinh,7380107,Luật kinh tế,A00 | A01 | C00 | D01,19,
TDV,Đại học Vinh,7520207,Ngành Kỹ thuật điện tử truyền thông,A00 | A01 | B00 | D01,17,
TDV,Đại học Vinh,7380101,Ngành Luật,A00 | A01 | C00 | D01,19,
TDV,Đại học Vinh,7520216,Ngành Kỹ thuật điều khiển & Tự động hóa,A00 | A01 | B00 | D01,19,
TDV,Đại học Vinh,7220201,Ngôn ngữ Anh,A01 | D01 | D14 | D15,23.75,
TDV,Đại học Vinh,7620109,Nông học,A00 | B00 | B08 | D01,17,
TDV,Đại học Vinh,7850103,Quản lý đất đai,A00 | B00 | B08 | D01,17,
TDV,Đại học Vinh,7850101,Quản lý tài nguyên và môi trường,A00 | B00 | B08 | D01,17,
TDV,Đại học Vinh,7340101C,Quản trị kinh doanh,A00 | A01 | D01 | D07,20,
TDV,Đại học Vinh,7140114,Quản lý giáo dục,A00 | A01 | C00 | D01,23.25,
TDV,Đại học Vinh,7310205,Quản lý nhà nước,A00 | A01 | C00 | D01,19,
TDV,Đại học Vinh,7340101,Quản trị Kinh doanh,A00 | A01 | D01 | D07,19,
TDV,Đại học Vinh,7229042,Quản lý văn hoá,A00 | A01 | C00 | D01,19,
TDV,Đại học Vinh,7140209C,SP Toán học (dạy Toán bằng tiếng Anh),A00 | A01 | B00 | D01,25.5,
TDV,Đại học Vinh,7140217,Sư phạm Ngữ văn,C00 | C20 | D01 | D15,26.7,
TDV,Đại học Vinh,7140212,Sư phạm Hóa học,A00 | B00 | C02 | D07,24.8,
TDV,Đại học Vinh,7140211,Sư phạm Vật lý,A00 | A01 | B00 | D07,24.4,
TDV,Đại học Vinh,7140231,Sư phạm Tiếng Anh,A01 | D01 | D14 | D15,25.3,
TDV,Đại học Vinh,7140219,Sư phạm Địa lý,C00 | C04 | C20 | D15,26.55,
TDV,Đại học Vinh,7140231C,Sư phạm tiếng Anh (lớp tài năng),A01 | D01 | D14 | D15,27,
TDV,Đại học Vinh,7140213,Sư phạm Sinh học,A02 | B00 | B03 | B08,23.55,
TDV,Đại học Vinh,7140218,Sư phạm Lịch sử,C00 | C19 | C20 | D14,28.12,
TDV,Đại học Vinh,7140209,Sư phạm Toán học,A00 | A01 | B00 | D01,25,
TDV,Đại học Vinh,7140210,Sư phạm Tin học (Chuyên ngành Tin học – Công nghệ Tiểu học),A00 | A01 | D01 | D07,22.25,
TDV,Đại học Vinh,7340201,Tài chính – Ngân hàng,A00 | A01 | D01 | D07,19,
TDV,Đại học Vinh,7310630D,Việt Nam học,A00 | A01 | C00 | D01,19,
VKU,Đại học Công nghệ Thông tin và Truyền thông Việt - Hàn,7480201B,Công nghệ thông tin,A00 | A01 | D01 | D90,23.5,
VKU,Đại học Công nghệ Thông tin và Truyền thông Việt - Hàn,7480201,Công nghệ thông tin,A00 | A01 | D01 | D90,25.01,
VKU,Đại học Công nghệ Thông tin và Truyền thông Việt - Hàn,7480201DT,Công nghệ thông tin (đặc thù),A00 | A01 | D01 | D90,23,
VKU,Đại học Công nghệ Thông tin và Truyền thông Việt - Hàn,7480108,Công nghệ kỹ thuật máy tính,A00 | A01 | D01 | D90,23,
VKU,Đại học Công nghệ Thông tin và Truyền thông Việt - Hàn,7480201DA,Công nghệ thông tin (chuyên ngành Thiết kế Mỹ thuật số),A00 | A01 | D01 | D90,24.01,
VKU,Đại học Công nghệ Thông tin và Truyền thông Việt - Hàn,7480201NS,Công nghệ thông tin - Chuyên ngành Mạng và An toàn thông tin (kỹ sư),A00 | A01 | D01 | D90,23,
VKU,Đại học Công nghệ Thông tin và Truyền thông Việt - Hàn,7480108B,Công nghệ kỹ thuật máy tính (cử nhân),A00 | A01 | D01 | D90,23.09,
VKU,Đại học Công nghệ Thông tin và Truyền thông Việt - Hàn,7340101EL,Quản trị kinh doanh (chuyên ngành Quản trị Logistics và chuỗi cung ứng số),A00 | A01 | D01 | D90,23,
VKU,Đại học Công nghệ Thông tin và Truyền thông Việt - Hàn,7340101IM,Quản trị kinh doanh - Chuyên ngành Quản trị dự án Công nghệ thông tin,A00 | A01 | D01 | D90,22,
VKU,Đại học Công nghệ Thông tin và Truyền thông Việt - Hàn,7340101EF,Quản trị kinh doanh - Chuyên ngành Quản trị tài chính số,A00 | A01 | D01 | D90,22.5,
VKU,Đại học Công nghệ Thông tin và Truyền thông Việt - Hàn,7340101,Quản trị Kinh doanh,A00 | A01 | D01 | D90,23,
VKU,Đại học Công nghệ Thông tin và Truyền thông Việt - Hàn,7340101ET,Quản trị kinh doanh (chuyên ngành Quản trị dịch vụ du lịch và lữ hành số),A00 | A01 | D01 | D90,22.5,
VKU,Đại học Công nghệ Thông tin và Truyền thông Việt - Hàn,7340101DM,Quản trị kinh doanh - Chuyên ngành Marketing kỹ thuật số,A00 | A01 | D01 | D90,23,
VKU,Đại học Công nghệ Thông tin và Truyền thông Việt - Hàn,7480107 (trước 2023),Quản trị và phân tích dữ liệu,A00 | A01 | D01 | D90,25.01,
TTN,Đại học Tây Nguyên,7620112,Bảo vệ thực vật,A00,15,
TTN,Đại học Tây Nguyên,7620105,Chăn nuôi,A00,15,
TTN,Đại học Tây Nguyên,7540101,Công nghệ thực phẩm,A00,15,
TTN,Đại học Tây Nguyên,7480201,Công nghệ thông tin,A00,18.75,
TTN,Đại học Tây Nguyên,7420201,Công nghệ sinh học,A00,15,
TTN,Đại học Tây Nguyên,7510406,Công nghệ kỹ thuật Môi trường,A00,19.5,
TTN,Đại học Tây Nguyên,7720301,Điều dưỡng,B00,21.5,
TTN,Đại học Tây Nguyên,7140202,Giáo dục Tiểu học,A00,24.7,
TTN,Đại học Tây Nguyên,7140201,Giáo dục Mầm non,M01,22.1,
TTN,Đại học Tây Nguyên,7140205,Giáo dục Chính trị,C00,25,
TTN,Đại học Tây Nguyên,7140206,Giáo dục Thể chất,T01,23.75,
TTN,Đại học Tây Nguyên,7140202JR,Giáo dục Tiểu học - Tiếng J'rai,A00,23.25,
TTN,Đại học Tây Nguyên,7340301,Kế toán,A00,18.95,
TTN,Đại học Tây Nguyên,7620110,Khoa học cây trồng,A00,15,
TTN,Đại học Tây Nguyên,7310101,Kinh tế,A00,18,
TTN,Đại học Tây Nguyên,7620115,Kinh tế nông nghiệp,A00,15,
TTN,Đại học Tây Nguyên,7310105,Kinh tế phát triển,A00,15,
TTN,Đại học Tây Nguyên,7340121,Kinh doanh thương mại,A00,18.15,
TTN,Đại học Tây Nguyên,7720601,Kỹ thuật xét nghiệm y học,B00,21.35,
TTN,Đại học Tây Nguyên,7620205,Lâm sinh,A00,15,
TTN,Đại học Tây Nguyên,7220201,Ngôn ngữ Anh,D01,20,
TTN,Đại học Tây Nguyên,7850103,Quản lý đất đai,A00,15,
TTN,Đại học Tây Nguyên,7340101,Quản trị Kinh doanh,A00,19,
TTN,Đại học Tây Nguyên,7140211,Sư phạm Vật lý,A00,23.39,
TTN,Đại học Tây Nguyên,7140213,Sư phạm Sinh học,A02,20.45,
TTN,Đại học Tây Nguyên,7140209,Sư phạm Toán học,A00,24.75,
TTN,Đại học Tây Nguyên,7140212,Sư phạm Hóa học,A00,23.65,
TTN,Đại học Tây Nguyên,7140231,Sư phạm Tiếng Anh,D01,25.55,
TTN,Đại học Tây Nguyên,7140217,Sư phạm Ngữ văn,C00,26,
TTN,Đại học Tây Nguyên,7140247,Sư phạm khoa học tự nhiên,A00,19.43,
TTN,Đại học Tây Nguyên,7340201,Tài chính – Ngân hàng,A00,19.75,
TTN,Đại học Tây Nguyên,7640101,Thú y,A00,15,
TTN,Đại học Tây Nguyên,7229001,Triết học,C00,15,
TTN,Đại học Tây Nguyên,7229030,Văn học,C00,15,
TTN,Đại học Tây Nguyên,7720101,Y khoa,B00,24.6,
PKH,Học viện Phòng Không - Không Quân,7860226|22A00 (trước 2023),Chỉ huy Kỹ thuật Phòng không - Không quân,A00,22,
PKH,Học viện Phòng Không - Không Quân,7860226|21A01 (trước 2023),Chỉ huy Kỹ thuật Phòng không - Không quân,A01,22.45,
PKH,Học viện Phòng Không - Không Quân,7860226|22A01 (trước 2023),Chỉ huy Kỹ thuật Phòng không - Không quân,A01,22,
PKH,Học viện Phòng Không - Không Quân,7860226|21A00 (trước 2023),Chỉ huy Kỹ thuật Phòng không - Không quân,A00,22.45,
DPC,Đại học Phan Châu Trinh,7720301,Điều dưỡng,A00,19,
DPC,Đại học Phan Châu Trinh,7720601,Kỹ thuật xét nghiệm y học,A00,19,
DPC,Đại học Phan Châu Trinh,7340101,Quản trị Kinh doanh,A00,15,
DPC,Đại học Phan Châu Trinh,7720501,Răng- Hàm -Mặt,A00,22.5,
DPC,Đại học Phan Châu Trinh,7720101,Y khoa,A00,22.5,
HHK,Học viện Hàng không Việt Nam,7510102,Công nghệ kỹ thuật xây dựng dân dụng và công nghiệp,A00 | A01 | D07,16,
HHK,Học viện Hàng không Việt Nam,7510303,Công nghệ kỹ thuật điều khiển và tự động hóa,A00 | A01 | D07,16,
HHK,Học viện Hàng không Việt Nam,7480201,Công nghệ thông tin,A00 | A01 | D07,18,
HHK,Học viện Hàng không Việt Nam,7510302,Điện tử - viễn thông,A00 | A01 | D07,16,
HHK,Học viện Hàng không Việt Nam,7520120,Kỹ thuật hàng không,A00 | A01 | D07,21.5,
HHK,Học viện Hàng không Việt Nam,7840104,Ngành Kinh tế vận tải,A00 | A01 | D14 | D15,19,
HHK,Học viện Hàng không Việt Nam,7220201,Ngôn ngữ Anh,A00 | A01 | D14 | D15,19,
HHK,Học viện Hàng không Việt Nam,7340404,Quản trị nhân lực,A00 | A01 | D14 | D15,19,
HHK,Học viện Hàng không Việt Nam,7840102,Quản lý hoạt động bay,A00 | A01 | D01 | D07,24.2,
HHK,Học viện Hàng không Việt Nam,7340101E,Quản trị kinh doanh - Tiếng Anh,A00 | A01 | D14 | D15,19,
HHK,Học viện Hàng không Việt Nam,7810103,Quản trị dịch vụ du lịch và lữ hành,A00 | A01 | D14 | D15,21,
HHK,Học viện Hàng không Việt Nam,7340101,Quản trị Kinh doanh,A00 | A01 | D14 | D15,19,
DHD,Khoa Du Lịch - Đại học Huế,7810101,Du lịch,A00 | C00 | D01 | D10,16,
DHD,Khoa Du Lịch - Đại học Huế,7810102,Du lịch điện tử,A00 | A01 | D01 | D10,15.5,
DHD,Khoa Du Lịch - Đại học Huế,7810202,Quản trị nhà hàng và dịch vụ ăn uống,A00 | C00 | D01 | D10,16,
DHD,Khoa Du Lịch - Đại học Huế,7810201,Quản trị khách sạn,A00 | C00 | D01 | D10,16,
DHD,Khoa Du Lịch - Đại học Huế,7340101,Quản trị Kinh doanh,A00 | C00 | D01 | D10,16,
DHD,Khoa Du Lịch - Đại học Huế,7810103,Quản trị dịch vụ du lịch và lữ hành,A00 | C00 | D01 | D10,16,
DHD,Khoa Du Lịch - Đại học Huế,7810104,Quản trị du lịch và khách sạn,A00 | C00 | D01 | D10,21,
YPB,Đại học Y Dược Hải Phòng,7720301,Điều dưỡng,B00,20.25,
YPB,Đại học Y Dược Hải Phòng,7720201D,Dược học (D),D07,23.4,
YPB,Đại học Y Dược Hải Phòng,7720201B,Dược học (tổ hợp B00),B00,24.41,
YPB,Đại học Y Dược Hải Phòng,7720201A,Dược học (tổ hợp A00),A00,23.43,
YPB,Đại học Y Dược Hải Phòng,7720601,Kỹ thuật xét nghiệm y học,B00,22.75,
YPB,Đại học Y Dược Hải Phòng,7720501,Răng- Hàm -Mặt,B00,25.4,
YPB,Đại học Y Dược Hải Phòng,7720101A,Y khoa (A),A00,24.63,
YPB,Đại học Y Dược Hải Phòng,7720110,Y học dự phòng,B00,19,
YPB,Đại học Y Dược Hải Phòng,7720101B,Y khoa (B),B00,25.35,
YPB,Đại học Y Dược Hải Phòng,7720115,Y học cổ truyền,B00,21.8,
DHC,Khoa Giáo Dục Thể Chất - Đại học Huế,7140206,Giáo dục Thể chất,T00 | T02 | T05 | T07,21,
DCL,Đại học Cửu Long,7620112,Bảo vệ thực vật,A00,15,
DCL,Đại học Cửu Long,7510201,Công nghệ kỹ thuật cơ khí (chuyên ngành Cơ khí chế tạo),A00,15,
DCL,Đại học Cửu Long,7510205,Công nghệ kỹ thuật ô tô,A00,15,
DCL,Đại học Cửu Long,7540101,Công nghệ thực phẩm,A00,15,
DCL,Đại học Cửu Long,7510102,Công nghệ kỹ thuật xây dựng dân dụng và công nghiệp,A00,15,
DCL,Đại học Cửu Long,7510301,"Công nghệ kỹ thuật điện, điện tử",A00,15,
DCL,Đại học Cửu Long,7420201,Công nghệ sinh học,A00,15,
DCL,Đại học Cửu Long,7480201,Công nghệ thông tin,A00,15,
DCL,Đại học Cửu Long,7760101,Công tác xã hội,A01,15,
DCL,Đại học Cửu Long,7620301,ĐH Nuôi trồng thủy sản,A00,15,
DCL,Đại học Cửu Long,7720301,Điều dưỡng,A02,19,
DCL,Đại học Cửu Long,7310608,Đông phương học,A01,15,
DCL,Đại học Cửu Long,7720201,Dược học,A00,21,
DCL,Đại học Cửu Long,7340301,Kế toán,A00,15,
DCL,Đại học Cửu Long,7340121,Kinh doanh thương mại,A00,15,
DCL,Đại học Cửu Long,7580205,Kỹ thuật xây dựng công trình giao thông,A00,15,
DCL,Đại học Cửu Long,7720601,Kỹ thuật xét nghiệm y học,A00,19,
DCL,Đại học Cửu Long,7380107,Luật kinh tế,A00,15,
DCL,Đại học Cửu Long,7380101,Ngành Luật,A00,15,
DCL,Đại học Cửu Long,7220201,Ngôn ngữ Anh,A01,15,
DCL,Đại học Cửu Long,7620109,Nông học,A00,15,
DCL,Đại học Cửu Long,7810103,Quản trị dịch vụ du lịch và lữ hành,A00,15,
DCL,Đại học Cửu Long,7340101,Quản trị Kinh doanh,A00,15,
DCL,Đại học Cửu Long,7340201,Tài chính – Ngân hàng,A00,15,
DCL,Đại học Cửu Long,7210403,Thiết kế đồ họa,A00,15,
DCL,Đại học Cửu Long,7640101,Thú y,A00,15,
DCL,Đại học Cửu Long,7220101,Tiếng Việt & Văn hóa Việt Nam,C00,15,
DTZ,Đại học Khoa Học - Đại học Thái Nguyên,7320101,Báo chí,C00 | C14 | D01 | D84,15,
DTZ,Đại học Khoa Học - Đại học Thái Nguyên,7760101,Công tác xã hội,C00 | C14 | D01 | D84,15,
DTZ,Đại học Khoa Học - Đại học Thái Nguyên,7510401,Công nghệ kỹ thuật hoá học,A00 | A16 | B00 | C14,15,
DTZ,Đại học Khoa Học - Đại học Thái Nguyên,7420201_CLC,Công nghệ Sinh học (Chương trình Chất lượng cao),A00 | B00 | B08 | D07,19,
DTZ,Đại học Khoa Học - Đại học Thái Nguyên,7380101_CLC,Dịch vụ pháp luật,C00 | C14 | C20 | D01,16,
DTZ,Đại học Khoa Học - Đại học Thái Nguyên,7810101,Du lịch,C00 | C04 | C20 | D01,15,
DTZ,Đại học Khoa Học - Đại học Thái Nguyên,7310614,Hàn Quốc học,C00 | D01 | D66,16,
DTZ,Đại học Khoa Học - Đại học Thái Nguyên,7440112,Hóa học,A00 | B00 | C08 | D07,16,
DTZ,Đại học Khoa Học - Đại học Thái Nguyên,7229010,Lịch sử,C00 | C14 | D01 | D84,16,
DTZ,Đại học Khoa Học - Đại học Thái Nguyên,7380101,Ngành Luật,C00 | C14 | C20 | D01,15,
DTZ,Đại học Khoa Học - Đại học Thái Nguyên,7220201,Ngôn ngữ Anh,D01 | D14 | D15 | D66,15,
DTZ,Đại học Khoa Học - Đại học Thái Nguyên,7220201_AH,Ngôn ngữ Anh (Song ngữ Anh - Hàn),D01,15,
DTZ,Đại học Khoa Học - Đại học Thái Nguyên,7220201_AT,Ngôn ngữ Anh (Song ngữ Anh - Trung),D01,15,
DTZ,Đại học Khoa Học - Đại học Thái Nguyên,7810301,Quản lý thể dục thể thao,C00 | C14 | D01 | D84,15,
DTZ,Đại học Khoa Học - Đại học Thái Nguyên,7810103,Quản trị dịch vụ du lịch và lữ hành,C00 | C20 | D01 | D66,15,
DTZ,Đại học Khoa Học - Đại học Thái Nguyên,7810103_CLC,Quản trị dịch vụ du lịch và lữ hành (Chất lượng cao),D01 | D14 | D15 | D66,16,
DTZ,Đại học Khoa Học - Đại học Thái Nguyên,7850101,Quản lý tài nguyên và môi trường,A00 | B00 | C14 | D01,15,
DTZ,Đại học Khoa Học - Đại học Thái Nguyên,7320201,Thông tin - thư viện,C00 | C14 | D01 | D84,15,
DTZ,Đại học Khoa Học - Đại học Thái Nguyên,7460117,Toán tin,A00 | C14 | D01 | D84,16,
DTZ,Đại học Khoa Học - Đại học Thái Nguyên,7460101,Toán học,A00 | C14 | D01 | D84,16,
DTZ,Đại học Khoa Học - Đại học Thái Nguyên,7310612,Trung Quốc học,C00 | D01 | D04 | D66,16.5,
DTZ,Đại học Khoa Học - Đại học Thái Nguyên,7229030,Văn học,C00 | C14 | D01 | D84,16,
DTZ,Đại học Khoa Học - Đại học Thái Nguyên,7440102_VH,"Vật lý, chương trình đào tạo định hướng giảng dạy Vật lý - Hóa học bằng tiếng Anh",A00,16,
DTZ,Đại học Khoa Học - Đại học Thái Nguyên,7440102,Vật lý học,A00 | A01 | A02 | C05,16,
CSH,Học viện Cảnh sát nhân dân,7860100|13A01|8,Nghiệp vụ An ninh (Địa bàn 8 - Nữ),A01,16.15,
CSH,Học viện Cảnh sát nhân dân,7860100|13A00|8,Nghiệp vụ An ninh (Địa bàn 8 - Nữ),A00,16.15,
CSH,Học viện Cảnh sát nhân dân,7860100|13A01|2,Nghiệp vụ An ninh (Địa bàn 2 - Nữ),A01,23.55,
CSH,Học viện Cảnh sát nhân dân,7860100|13A00|1,Nghiệp vụ An ninh (Địa bàn 1 - Nữ),A00,24.23,
CSH,Học viện Cảnh sát nhân dân,7860100|23A00|3,Nghiệp vụ An ninh (Địa bàn 3 - Nam),A00,20.85,
CSH,Học viện Cảnh sát nhân dân,7860100|23A01|8,Nghiệp vụ An ninh (Địa bàn 8 - Nam),A01,20.88,
CSH,Học viện Cảnh sát nhân dân,7860100|23A01|1,Nghiệp vụ An ninh (Địa bàn 1 - Nam),A01,19.53,
CSH,Học viện Cảnh sát nhân dân,7860100|13D01|8,Nghiệp vụ An ninh (Địa bàn 8 - Nữ),D01,16.15,
CSH,Học viện Cảnh sát nhân dân,7860100|13D01|3,Nghiệp vụ An ninh (Địa bàn 3 - Nữ),D01,24.78,
CSH,Học viện Cảnh sát nhân dân,7860100|23D01|8,Nghiệp vụ An ninh (Địa bàn 8 - Nam),D01,20.88,
CSH,Học viện Cảnh sát nhân dân,7860100|13A00|2,Nghiệp vụ An ninh (Địa bàn 2 - Nữ),A00,23.55,
CSH,Học viện Cảnh sát nhân dân,7860100|23A00|8,Nghiệp vụ An ninh (Địa bàn 8 - Nam),A00,20.88,
CSH,Học viện Cảnh sát nhân dân,7860100|23D01|2,Nghiệp vụ An ninh (Địa bàn 2 - Nam),D01,20.68,
CSH,Học viện Cảnh sát nhân dân,7860100|23A00|1,Nghiệp vụ An ninh (Địa bàn 1 - Nam),A00,19.53,
CSH,Học viện Cảnh sát nhân dân,7860100|13D01|2,Nghiệp vụ An ninh (Địa bàn 2 - Nữ),D01,23.55,
CSH,Học viện Cảnh sát nhân dân,7860100|13A01|3,Nghiệp vụ An ninh (Địa bàn 3 - Nữ),A01,24.78,
CSH,Học viện Cảnh sát nhân dân,7860100|13C03|1,Nghiệp vụ An ninh (Địa bàn 1 - Nữ),C03,24.23,
CSH,Học viện Cảnh sát nhân dân,7860100|23C03|3,Nghiệp vụ An ninh (Địa bàn 3 - Nam),C03,20.85,
CSH,Học viện Cảnh sát nhân dân,7860100|23D01|1,Nghiệp vụ An ninh (Địa bàn 1 - Nam),D01,19.53,
CSH,Học viện Cảnh sát nhân dân,7860100|23A01|2,Nghiệp vụ An ninh (Địa bàn 2 - Nam),A01,20.68,
CSH,Học viện Cảnh sát nhân dân,7860100|13C03|8,Nghiệp vụ An ninh (Địa bàn 8 - Nữ),C03,16.15,
CSH,Học viện Cảnh sát nhân dân,7860100|13C03|2,Nghiệp vụ An ninh (Địa bàn 2 - Nữ),C03,23.55,
CSH,Học viện Cảnh sát nhân dân,7860100|23C03|8,Nghiệp vụ An ninh (Địa bàn 8 - Nam),C03,20.88,
CSH,Học viện Cảnh sát nhân dân,7860100|13A01|1,Nghiệp vụ An ninh (Địa bàn 1 - Nữ),A01,24.23,
CSH,Học viện Cảnh sát nhân dân,7860100|23A01|3,Nghiệp vụ An ninh (Địa bàn 3 - Nam),A01,20.85,
CSH,Học viện Cảnh sát nhân dân,7860100|23C03|1,Nghiệp vụ An ninh (Địa bàn 1 - Nam),C03,19.53,
CSH,Học viện Cảnh sát nhân dân,7860100|13A00|3,Nghiệp vụ An ninh (Địa bàn 3 - Nữ),A00,24.78,
CSH,Học viện Cảnh sát nhân dân,7860100|13C03|3,Nghiệp vụ An ninh (Địa bàn 3 - Nữ),C03,24.78,
CSH,Học viện Cảnh sát nhân dân,7860100|13D01|1,Nghiệp vụ An ninh (Địa bàn 1 - Nữ),D01,24.23,
CSH,Học viện Cảnh sát nhân dân,7860100|23D01|3,Nghiệp vụ An ninh (Địa bàn 3 - Nam),D01,20.85,
CSH,Học viện Cảnh sát nhân dân,7860100|23A00|2,Nghiệp vụ An ninh (Địa bàn 2 - Nam),A00,20.68,
CSH,Học viện Cảnh sát nhân dân,7860100|23C03|2,Nghiệp vụ An ninh (Địa bàn 2 - Nam),C03,20.68,
DPD,Đại học Phương Đông,7510203,Công nghệ kỹ thuật cơ điện tử,A00 | A01 | C01 | D01,15,
DPD,Đại học Phương Đông,7480201,Công nghệ thông tin,A00 | A01 | C01 | D01,21,
DPD,Đại học Phương Đông,7510301,"Công nghệ kỹ thuật điện, điện tử",A00 | A01 | C01 | D01,15,
DPD,Đại học Phương Đông,7340301,Kế toán,A00 | A01 | D01,16,
DPD,Đại học Phương Đông,7580101,Kiến trúc,H00 | V00 | V01 | V02,20,
DPD,Đại học Phương Đông,7580301,Kinh tế xây dựng,A00 | A01 | C01 | D01,15,
DPD,Đại học Phương Đông,7580201,Kỹ thuật xây dựng,A00 | A01 | C01 | D01,15,
DPD,Đại học Phương Đông,7220204,Ngôn ngữ Trung Quốc,D01 | D04,24,
DPD,Đại học Phương Đông,7220201,Ngôn ngữ Anh,D01,20,
DPD,Đại học Phương Đông,7220209,Ngôn ngữ Nhật,D01 | D06,20,
DPD,Đại học Phương Đông,7340406,Quản trị văn phòng,A00 | A01 | C00 | D01,15,
DPD,Đại học Phương Đông,7810103,Quản trị dịch vụ du lịch và lữ hành,A00 | A01 | C00 | D01,18,
DPD,Đại học Phương Đông,7340101,Quản trị Kinh doanh,A00 | A01 | D01,20,
DPD,Đại học Phương Đông,7340201,Tài chính – Ngân hàng,A00 | A01 | D01,16,
DPD,Đại học Phương Đông,7340122,Thương mại điện tử,A00 | A01 | C01 | D01,19,
DPD,Đại học Phương Đông,7320104,Truyền thông đa phương tiện,A01 | C03 | D01 | D09,21,
UEF,Đại học Kinh tế - Tài chính TP HCM,7340116,Bất động sản,A00 | A01 | C00 | D01,17,
UEF,Đại học Kinh tế - Tài chính TP HCM,7340208,Công nghệ tài chính,A00 | A01 | C01 | D01,16,
UEF,Đại học Kinh tế - Tài chính TP HCM,7480201,Công nghệ thông tin,A00 | A01 | C01 | D01,18,
UEF,Đại học Kinh tế - Tài chính TP HCM,7320106,Công nghệ truyền thông,A00 | A01 | C00 | D01,18,
UEF,Đại học Kinh tế - Tài chính TP HCM,7340301,Kế toán,A00 | A01 | C01 | D01,18,
UEF,Đại học Kinh tế - Tài chính TP HCM,7460108,Khoa học dữ liệu (Data Science),A00 | A01 | C01 | D01,17,
UEF,Đại học Kinh tế - Tài chính TP HCM,7340302,Kiểm toán,A00 | A01 | C01 | D01,18,
UEF,Đại học Kinh tế - Tài chính TP HCM,7310106,Kinh tế quốc tế,A00 | A01 | C00 | D01,19,
UEF,Đại học Kinh tế - Tài chính TP HCM,7340121,Kinh doanh thương mại,A00 | A01 | C00 | D01,17,
UEF,Đại học Kinh tế - Tài chính TP HCM,7510605,Logistics và Quản lý chuỗi cung ứng,A00 | A01 | C00 | D01,20,
UEF,Đại học Kinh tế - Tài chính TP HCM,7380107,Luật kinh tế,A00 | A01 | C00 | D01,17,
UEF,Đại học Kinh tế - Tài chính TP HCM,7380108,Luật quốc tế,A00 | A01 | C00 | D01,20,
UEF,Đại học Kinh tế - Tài chính TP HCM,7340114,Marketing kỹ thuật số,A00 | A01 | C00 | D01,19,
UEF,Đại học Kinh tế - Tài chính TP HCM,7340115,Marketing,A00 | A01 | C00 | D01,19,
UEF,Đại học Kinh tế - Tài chính TP HCM,7340120,Ngành Kinh doanh quốc tế,A00 | A01 | C00 | D01,21,
UEF,Đại học Kinh tế - Tài chính TP HCM,7380101,Ngành Luật,A00 | A01 | C00 | D01,18,
UEF,Đại học Kinh tế - Tài chính TP HCM,7220201,Ngôn ngữ Anh,A01 | D01 | D14 | D15,18,
UEF,Đại học Kinh tế - Tài chính TP HCM,7220204,Ngôn ngữ Trung Quốc,A01 | D01 | D14 | D15,18,
UEF,Đại học Kinh tế - Tài chính TP HCM,7220210,Ngôn ngữ Hàn Quốc,A01 | D01 | D14 | D15,17,
UEF,Đại học Kinh tế - Tài chính TP HCM,7220209,Ngôn ngữ Nhật,A01 | D01 | D14 | D15,17,
UEF,Đại học Kinh tế - Tài chính TP HCM,7310206,Quan hệ quốc tế,A01 | D01 | D14 | D15,21,
UEF,Đại học Kinh tế - Tài chính TP HCM,7810103,Quản trị dịch vụ du lịch và lữ hành,A00 | A01 | C00 | D01,16,
UEF,Đại học Kinh tế - Tài chính TP HCM,7320108,Quan hệ công chúng,A00 | A01 | C00 | D01,18,
UEF,Đại học Kinh tế - Tài chính TP HCM,7810202,Quản trị nhà hàng và dịch vụ ăn uống,A00 | A01 | C00 | D01,16,
UEF,Đại học Kinh tế - Tài chính TP HCM,7340101,Quản trị Kinh doanh,A00 | A01 | C00 | D01,18,
UEF,Đại học Kinh tế - Tài chính TP HCM,7340412,Quản trị sự kiện,A00 | A01 | C00 | D01,16,
UEF,Đại học Kinh tế - Tài chính TP HCM,7340404,Quản trị nhân lực,A00 | A01 | C00 | D01,17,
UEF,Đại học Kinh tế - Tài chính TP HCM,7810201,Quản trị khách sạn,A00 | A01 | C00 | D01,17,
UEF,Đại học Kinh tế - Tài chính TP HCM,7340201,Tài chính – Ngân hàng,A00 | A01 | C01 | D01,18,
UEF,Đại học Kinh tế - Tài chính TP HCM,7340206,Tài chính quốc tế,A00 | A01 | C01 | D01,19,
UEF,Đại học Kinh tế - Tài chính TP HCM,7310401,Tâm lý học,C00 | D01 | D14 | D15,17,
UEF,Đại học Kinh tế - Tài chính TP HCM,7210403,Thiết kế đồ họa,A00 | A01 | C01 | D01,19,
UEF,Đại học Kinh tế - Tài chính TP HCM,7340122,Thương mại điện tử,A00 | A01 | C01 | D01,17,
UEF,Đại học Kinh tế - Tài chính TP HCM,7320104,Truyền thông đa phương tiện,A00 | A01 | C00 | D01,20,
HVQ,Học viện Quản Lý Giáo Dục,7310101,Kinh tế,A00 | A01 | D01 | D10,15,
HVQ,Học viện Quản Lý Giáo Dục,7220201,Ngôn ngữ Anh,A01 | D01 | D10 | D14,15,
HVQ,Học viện Quản Lý Giáo Dục,7140114,Quản lý giáo dục,A00 | A01 | C00 | D01,15,
HVQ,Học viện Quản Lý Giáo Dục,7340101,Quản trị Kinh doanh,A00 | A01 | C00 | D01,15,
HVQ,Học viện Quản Lý Giáo Dục,7310403,Tâm lý học giáo dục,A00 | B00 | C00 | D01,15,
DDB,Đại Học Thành Đông,7310201,Chính trị học,A00 | A01 | C01 | D01,14,
DDB,Đại Học Thành Đông,7510103,Công nghệ kỹ thuật xây dựng (chuyên ngành Xây dựng dân dụng & Công nghiệp),A00 | A01 | D07 | D08,14,
DDB,Đại Học Thành Đông,7510205,Công nghệ kỹ thuật ô tô,A00 | A01 | C01 | D01,14,
DDB,Đại Học Thành Đông,7510203,Công nghệ kỹ thuật cơ điện tử,A00 | A01 | D07 | D08,14,
DDB,Đại Học Thành Đông,7480201,Công nghệ thông tin,A00 | A01 | D07 | D08,14,
DDB,Đại Học Thành Đông,7720301,Điều dưỡng,A00 | A02 | B00,19,
DDB,Đại Học Thành Đông,7720401,Dinh dưỡng,A00 | A02 | B00,19,
DDB,Đại Học Thành Đông,7720201,Dược học,A00 | A02 | B00,21,
DDB,Đại Học Thành Đông,7340301,Kế toán,A00 | A01 | A07 | D01,14,
DDB,Đại Học Thành Đông,7720601,Kỹ thuật xét nghiệm y học,A00 | A02 | B00,19,
DDB,Đại Học Thành Đông,7720602,Kỹ thuật hình ảnh y học,A00 | A02 | B00,19,
DDB,Đại Học Thành Đông,7380107,Luật kinh tế,A00 | A01 | C00 | D01,14,
DDB,Đại Học Thành Đông,7380101,Ngành Luật,A00 | A01 | C00 | D01,14,
DDB,Đại Học Thành Đông,7520216,Ngành Kỹ thuật điều khiển & Tự động hóa,A00 | A01 | D07 | D08,14,
DDB,Đại Học Thành Đông,7220210,Ngôn ngữ Hàn Quốc,C00 | D01 | D14 | D15,14,
DDB,Đại Học Thành Đông,7220201,Ngôn ngữ Anh,D01 | D07 | D14 | D15,14,
DDB,Đại Học Thành Đông,7220204,Ngôn ngữ Trung Quốc,C00 | D01 | D14 | D15,14,
DDB,Đại Học Thành Đông,7340101,Quản trị Kinh doanh,A00 | A01 | A07 | D01,14,
DDB,Đại Học Thành Đông,7810201,Quản trị khách sạn,A00 | A01 | C00 | D01,14,
DDB,Đại Học Thành Đông,7310205,Quản lý nhà nước,A00 | A01 | C00 | D01,14,
DDB,Đại Học Thành Đông,7850103,Quản lý đất đai,A00 | A04 | B00 | D01,14,
DDB,Đại Học Thành Đông,7810103,Quản trị dịch vụ du lịch và lữ hành,A00 | A01 | C00 | D01,14,
DDB,Đại Học Thành Đông,7340201,Tài chính – Ngân hàng,A00 | A01 | A07 | D01,14,
DDB,Đại Học Thành Đông,7640101,Thú y,A00 | A02 | B00,14,
DDB,Đại Học Thành Đông,7720115,Y học cổ truyền,A00 | A02 | B00,21,
TGH,Trường Sĩ  Quan Tăng - Thiết Giáp,7860206|22A01,Ngành Chỉ huy tham mưu Tăng thiết giáp (Thí sinh Nam miền Nam),A01,21.45,
TGH,Trường Sĩ  Quan Tăng - Thiết Giáp,7860206|21A01,Ngành Chỉ huy tham mưu Tăng thiết giáp (Thí sinh Nam miền Bắc),A01,22.8,
TGH,Trường Sĩ  Quan Tăng - Thiết Giáp,7860206|21A00,Ngành Chỉ huy tham mưu Tăng thiết giáp (Thí sinh Nam miền Bắc),A00,22.8,
TGH,Trường Sĩ  Quan Tăng - Thiết Giáp,7860206|22A00,Ngành Chỉ huy tham mưu Tăng thiết giáp (Thí sinh Nam miền Nam),A00,21.45,
CCM,Đại học Công Nghiệp Dệt May Hà Nội,7510201,Công nghệ kỹ thuật cơ khí (chuyên ngành Cơ khí chế tạo),A00 | A01 | B00 | D01,18,
CCM,Đại học Công Nghiệp Dệt May Hà Nội,7540209,Công nghệ may,A00 | A01 | B00 | D01,20,
CCM,Đại học Công Nghiệp Dệt May Hà Nội,7510301,"Công nghệ kỹ thuật điện, điện tử",A00 | A01 | B00 | D01,18,
CCM,Đại học Công Nghiệp Dệt May Hà Nội,7540202,"Công nghệ sợi, dệt",A00 | A01 | B00 | D01,18,
CCM,Đại học Công Nghiệp Dệt May Hà Nội,7340301,Kế toán,A00 | A01 | B00 | D01,18,
CCM,Đại học Công Nghiệp Dệt May Hà Nội,7340115,Marketing,A00 | A01 | B00 | D01,18,
CCM,Đại học Công Nghiệp Dệt May Hà Nội,7510601,Quản lý công nghiệp,A00 | A01 | B00 | D01,18,
CCM,Đại học Công Nghiệp Dệt May Hà Nội,7210404,Thiết kế thời trang,D01 | H00 | V00 | V01,20,
DTF,Khoa Ngoại Ngữ - Đại học Thái Nguyên,7220203,Ngôn ngữ Pháp,A01 | D01 | D03 | D66,16,
DTF,Khoa Ngoại Ngữ - Đại học Thái Nguyên,7220201,Ngôn ngữ Anh,A01 | D01 | D15 | D66,23,
DTF,Khoa Ngoại Ngữ - Đại học Thái Nguyên,7220204,Ngôn ngữ Trung Quốc,A01 | D01 | D04 | D66,24,
DTF,Khoa Ngoại Ngữ - Đại học Thái Nguyên,7140234,Sư phạm Tiếng Trung Quốc,A01 | D01 | D04 | D66,25.15,
DTF,Khoa Ngoại Ngữ - Đại học Thái Nguyên,7140231,Sư phạm Tiếng Anh,A01 | D01 | D15 | D66,25.9,
NHH,Học viện Ngân hàng,BUS01,CLC Quản trị kinh doanh,A00 | A01 | D01 | D07,32.65,
NHH,Học viện Ngân hàng,ACT01,CLC Kế toán,A00 | A01 | D01 | D07,32.75,
NHH,Học viện Ngân hàng,BANK01,CLC Ngân hàng,A00 | A01 | D01 | D07,32.7,
NHH,Học viện Ngân hàng,FIN01,CLC Tài chính,A00 | A01 | D01 | D07,32.6,
NHH,Học viện Ngân hàng,FIN03,Công nghệ Tài chính,A00 | A01 | D01 | D07,25.5,
NHH,Học viện Ngân hàng,IT01,Công nghệ thông tin,A00 | A01 | D01 | D07,25.1,
NHH,Học viện Ngân hàng,MIS01,Hệ thống thông tin quản lý,A00 | A01 | D01 | D07,25.55,
NHH,Học viện Ngân hàng,ACT02,Kế toán,A00 | A01 | D01 | D07,25.8,
NHH,Học viện Ngân hàng,ACT03,Kế toán,A00 | A01 | D01 | D07,23.9,
NHH,Học viện Ngân hàng,IB03,"Kinh doanh quốc tế liên kết Coventry, song bằng",A00 | A01 | D01 | D07,22,
NHH,Học viện Ngân hàng,IB01,Kinh doanh quốc tế,A00 | D01 | D09,26.4,
NHH,Học viện Ngân hàng,ECON01,Kinh tế,A00 | D01 | D09,25.65,
NHH,Học viện Ngân hàng,IB02,Logistics và Quản lý chuỗi cung ứng,A00 | D01 | D09,26.45,
NHH,Học viện Ngân hàng,LAW01,Luật kinh tế,A00 | A01 | D01 | D07,25.52,
NHH,Học viện Ngân hàng,LAW02,Luật kinh tế,C00 | C03 | D14 | D15,26.5,
NHH,Học viện Ngân hàng,BUS05,"Marketing số liên kết Coventry, song bằng",A00 | A01 | D01 | D07,23.5,
NHH,Học viện Ngân hàng,BANK03,Ngân hàng số,A00 | A01 | D01 | D07,25.65,
NHH,Học viện Ngân hàng,BANK05,"Ngân hàng và Tài chính quốc tế liên kết Coventry, song bằng",A00 | A01 | D01 | D07,21.6,
NHH,Học viện Ngân hàng,BANK02,Ngân hàng,A00 | A01 | D01 | D07,25.7,
NHH,Học viện Ngân hàng,FL01,Ngôn ngữ Anh,A00 | D01 | D09,24.9,
NHH,Học viện Ngân hàng,BUS03,Quản trị du lịch,A00 | D01 | D09,24.5,
NHH,Học viện Ngân hàng,BUS02,Quản trị kinh doanh,A00 | A01 | D01 | D07,26.04,
NHH,Học viện Ngân hàng,BUS04,"Quản trị kinh doanh Liên kết City U, song bằng",A00 | A01 | D01 | D07,23.8,
NHH,Học viện Ngân hàng,BANK04,"Tài chính - Ngân hàng liên kết Sunderland, song bằng",A00 | A01 | D01 | D07,23.55,
NHH,Học viện Ngân hàng,FIN02,Tài chính,A00 | A01 | D01 | D07,26.05,
NTS,Đại học Ngoại thương (phía Nam),NTS01,Kinh tế quản trị kinh doanh,A01 | D01 | D06 | D07,27.1,
NTS,Đại học Ngoại thương (phía Nam),NTS01,Kinh tế quản trị kinh doanh,D01,27.6,
NTS,Đại học Ngoại thương (phía Nam),NTS02,Tài chính ngân hàng kế toán,D01,27.8,
NTS,Đại học Ngoại thương (phía Nam),NTS02,Tài chính ngân hàng kế toán,A01 | D01 | D06 | D07,27.3,
DCA,Đại học Chu Văn An,7480201,Công nghệ thông tin,A00,17,
DCA,Đại học Chu Văn An,7340301,Kế toán,A00,15,
DCA,Đại học Chu Văn An,7580101,Kiến trúc,V00,15,
DCA,Đại học Chu Văn An,7520201,Kỹ thuật điện,A00,17,
DCA,Đại học Chu Văn An,7580201,Kỹ thuật xây dựng,A00,15,
DCA,Đại học Chu Văn An,7380107,Luật kinh tế,A00,15,
DCA,Đại học Chu Văn An,7220201,Ngôn ngữ Anh,A01 | D14,15,
DCA,Đại học Chu Văn An,7340101,Quản trị Kinh doanh,A00,15,
DCA,Đại học Chu Văn An,7340201,Tài chính – Ngân hàng,A00,15,
LDA,Đại học Công đoàn,7850201,Bảo hộ lao động,A00 | A01 | D01,15.15,
LDA,Đại học Công đoàn,7760101,Công tác xã hội,A01 | C00 | D01,21.25,
LDA,Đại học Công đoàn,7340301,Kế toán,A00 | A01 | D01,23.15,
LDA,Đại học Công đoàn,7310101,Kinh tế,A00 | A01 | D01,22.3,
LDA,Đại học Công đoàn,7380101,Ngành Luật,A01 | C00 | D01,23.23,
LDA,Đại học Công đoàn,7220201,Ngôn ngữ Anh,D01 | D14 | D15,32,
LDA,Đại học Công đoàn,7340408,Quan hệ lao động (CN Quản lý Quan hệ lao động. CN Hành vi tổ chức),A00 | A01 | D01,17.1,
LDA,Đại học Công đoàn,7340101,Quản trị Kinh doanh,A00 | A01 | D01,22.8,
LDA,Đại học Công đoàn,7340404,Quản trị nhân lực,A00 | A01 | D01,22.7,
LDA,Đại học Công đoàn,7340201,Tài chính – Ngân hàng,A00 | A01 | D01,23.2,
LDA,Đại học Công đoàn,7310630D,Việt Nam học,C00 | D01 | D14 | D15,16,
LDA,Đại học Công đoàn,7310301,Xã hội học,A01 | C00 | D01,20,
QSC,Đại học Công nghệ Thông tin - Đại học Quốc gia TP HCM,7480202,An toàn thông tin,A00 | A01 | D01 | D07,26.3,
QSC,Đại học Công nghệ Thông tin - Đại học Quốc gia TP HCM,7480201,Công nghệ thông tin,A00 | A01 | D01 | D07,26.9,
QSC,Đại học Công nghệ Thông tin - Đại học Quốc gia TP HCM,7480201_N,Công nghệ thông tin (Việt - Nhật),A00 | A01 | D01 | D06 | D07,25.9,
QSC,Đại học Công nghệ Thông tin - Đại học Quốc gia TP HCM,7480104,Hệ thống thông tin,A00 | A01 | D01 | D07,26.1,
QSC,Đại học Công nghệ Thông tin - Đại học Quốc gia TP HCM,7480104_TT,Hệ thống thông tin chương trình tiên tiến,A01 | D01 | D07,25.4,
QSC,Đại học Công nghệ Thông tin - Đại học Quốc gia TP HCM,7480109,Khoa học Dữ liệu,A00 | A01 | D01 | D07,27.1,
QSC,Đại học Công nghệ Thông tin - Đại học Quốc gia TP HCM,7480101,Khoa học máy tính,A00 | A01 | D01 | D07,26.9,
QSC,Đại học Công nghệ Thông tin - Đại học Quốc gia TP HCM,7480106_IOT *,"Kỹ thuật máy tính, chuyên ngành thiết kế vi mạch",A00 | A01,25.4,
QSC,Đại học Công nghệ Thông tin - Đại học Quốc gia TP HCM,7480106_IOT,Kỹ thuật máy tính (Hướng hệ thống nhúng và IOT),A00 | A01,25.6,
QSC,Đại học Công nghệ Thông tin - Đại học Quốc gia TP HCM,7480106,Kỹ thuật máy tính,A00 | A01,25.6,
QSC,Đại học Công nghệ Thông tin - Đại học Quốc gia TP HCM,7480103,Kỹ thuật phần mềm,A00 | A01 | D01 | D07,26.9,
QSC,Đại học Công nghệ Thông tin - Đại học Quốc gia TP HCM,7480102,Mạng máy tính và truyền thông dữ liệu,A00 | A01 | D01 | D07,25.4,
QSC,Đại học Công nghệ Thông tin - Đại học Quốc gia TP HCM,7480107 (trước 2023),Quản trị và phân tích dữ liệu,A00 | A01 | D01 | D07,27.8,
QSC,Đại học Công nghệ Thông tin - Đại học Quốc gia TP HCM,7340122,Thương mại điện tử,A00 | A01 | D01 | D07,25.8,
TSN,Đại học Nha Trang,7510202,Công nghệ chế tạo máy,A00 | A01 | C01 | D07,16,
TSN,Đại học Nha Trang,7480201PHE,"Công nghệ thông tin (chương trình định hướng nghề nghiệp, đào tạo song ngữ Anh - Việt)",A01 | D01 | D07 | D90,20,
TSN,Đại học Nha Trang,7420201,Công nghệ sinh học,A00 | A01 | B00 | D08,16,
TSN,Đại học Nha Trang,7540101,Công nghệ thực phẩm,A01 | D01 | D07 | D90,17,
TSN,Đại học Nha Trang,7540105MP,Công nghệ chế biến thuỷ sản (Chương trình Minh Phú - NTU),A00 | B00 | D01 | D07,16.5,
TSN,Đại học Nha Trang,7540105,Công nghệ chế biến thủy sản,A01 | B00 | D01 | D07,16,
TSN,Đại học Nha Trang,7480201,Công nghệ thông tin,A01 | D01 | D07 | D90,21,
TSN,Đại học Nha Trang,7620301,ĐH Nuôi trồng thủy sản,A01 | B00 | D01 | D07,16,
TSN,Đại học Nha Trang,7340405,Hệ thống thông tin,A01 | D01 | D07 | D96,18,
TSN,Đại học Nha Trang,7340301,Kế toán,D01 | D14 | D15 | D96,21,
TSN,Đại học Nha Trang,7340301PHE,Kế toán (Chương trình tiên tiến - chất lượng cao),A01 | D01 | D07 | D96,20,
TSN,Đại học Nha Trang,7620304,Khai thác thủy sản,A00 | A01 | B00 | D07,16,
TSN,Đại học Nha Trang,7340121,Kinh doanh thương mại,D01 | D14 | D15 | D96,23,
TSN,Đại học Nha Trang,7310101,Kinh tế,D01 | D14 | D15 | D96,18,
TSN,Đại học Nha Trang,7310105,Kinh tế phát triển,D01 | D14 | D15 | D96,20,
TSN,Đại học Nha Trang,7520116,Kỹ thuật cơ khí động lực,A00 | A01 | C01 | D07,16,
TSN,Đại học Nha Trang,7520103,Kỹ thuật cơ khí,A00 | A01 | C01 | D07,17,
TSN,Đại học Nha Trang,7580205,Kỹ thuật xây dựng công trình giao thông,A01 | D01 | D07 | D90,16,
TSN,Đại học Nha Trang,7520115,"Kỹ thuật nhiệt (3 chuyên ngành: Kỹ thuật điện lạnh; Máy lạnh, điều hòa không khí và thông gió; Máy lạnh và thiết bị thực phẩm)",A00 | A01 | C01 | D07,16,
TSN,Đại học Nha Trang,7520201,Kỹ thuật điện,A01 | D01 | D07 | D90,18,
TSN,Đại học Nha Trang,7580201,Kỹ thuật xây dựng,A01 | D01 | D07 | D90,17,
TSN,Đại học Nha Trang,7520114,Kỹ thuật cơ điện tử,A00 | A01 | C01 | D07,16.5,
TSN,Đại học Nha Trang,7520130,Kỹ thuật ô tô,A01 | D01 | D07 | D90,20,
TSN,Đại học Nha Trang,7520301,Kỹ thuật hóa học,A00 | A01 | B00 | D90,16,
TSN,Đại học Nha Trang,7340115,Marketing,D01 | D14 | D15 | D96,23,
TSN,Đại học Nha Trang,7380101,Ngành Luật,D01 | D14 | D15 | D96,19,
TSN,Đại học Nha Trang,7520122,Ngành Kỹ thuật tàu thủy,A00 | A01 | C01 | D07,16,
TSN,Đại học Nha Trang,7520216,Ngành Kỹ thuật điều khiển & Tự động hóa,A01 | D01 | D07 | D90,16,
TSN,Đại học Nha Trang,7840106,Ngành Khoa học Hàng hải,A01 | D01 | D07 | D90,20.5,
TSN,Đại học Nha Trang,7520320,Ngành Kỹ thuật môi trường,A00 | A01 | B00 | D08,16,
TSN,Đại học Nha Trang,7220201,Ngôn ngữ Anh,D01 | D14 | D15 | D96,23,
TSN,Đại học Nha Trang,7620301MP,Nuôi trồng thuỷ sản (Chương trình Minh Phú - NTU),A00 | B00 | D01 | D07,16.5,
TSN,Đại học Nha Trang,7810103,Quản trị dịch vụ du lịch và lữ hành,D01 | D14 | D15 | D96,21,
TSN,Đại học Nha Trang,7340101A,Quản trị kinh doanh,A01 | D01 | D07 | D96,20.5,
TSN,Đại học Nha Trang,7620305,Quản lý thủy sản,A00 | A01 | B00 | D07,16,
TSN,Đại học Nha Trang,7340101,Quản trị Kinh doanh,D01 | D14 | D15 | D96,20.5,
TSN,Đại học Nha Trang,7810103P,Quản trị dịch vụ du lịch và lữ hành (chương trình song ngữ Pháp-Việt),D01 | D03 | D96 | D97,17,
TSN,Đại học Nha Trang,7810201,Quản trị khách sạn,D01 | D14 | D15 | D96,22,
TSN,Đại học Nha Trang,7810201PHE,Quản trị khách sạn (Chương trình tiên tiến - chất lượng cao),A01 | D01 | D07 | D96,22,
TSN,Đại học Nha Trang,7340201,Tài chính – Ngân hàng,D01 | D14 | D15 | D96,20.5,
PVU,Đại học Dầu khí Việt Nam,7520301,Kỹ thuật hóa học,A00,18.5,
PVU,Đại học Dầu khí Việt Nam,7520604,Kỹ thuật dầu khí,A00,18.5,
PCH,Đại học Phòng Cháy Chữa Cháy ( Phía Bắc ),7860113|11A00,"Phòng cháy chữa cháy và cứu nạn, cứu hộ (Nữ - Phía Bắc)",A00,21.69,
PCH,Đại học Phòng Cháy Chữa Cháy ( Phía Bắc ),7860113|21A00,"Phòng cháy chữa cháy và cứu nạn, cứu hộ (Nam - Phía Bắc)",A00,18.06,
NHF,Đại học Hà Nội,7480201CLC,Công nghệ thông tin (chương trình chất lượng cao),A01 | D01,24.2,
NHF,Đại học Hà Nội,7480201,Công nghệ thông tin,A01 | D01,24.7,
NHF,Đại học Hà Nội,7340301,Kế toán,D01,33.52,
NHF,Đại học Hà Nội,7340115,Marketing,D01,35.05,
NHF,Đại học Hà Nội,7310111,Nghiên cứu phát triển,D01,32.55,
NHF,Đại học Hà Nội,7220206,Ngôn ngữ Tây Ban Nha,D01,33.38,
NHF,Đại học Hà Nội,7220210,Ngôn ngữ Hàn Quốc,D01,36.15,
NHF,Đại học Hà Nội,7220209,Ngôn ngữ Nhật,D01 | D06,34.59,
NHF,Đại học Hà Nội,7220205,Ngôn ngữ Đức,D01 | D05,33.96,
NHF,Đại học Hà Nội,7220208,Ngôn ngữ Italia,D01,32.63,
NHF,Đại học Hà Nội,7220202,Ngôn ngữ Nga,D01 | D02,31.93,
NHF,Đại học Hà Nội,7220204,Ngôn ngữ Trung Quốc,D01 | D04,35.75,
NHF,Đại học Hà Nội,7220210 CLC,Ngôn ngữ Hàn Quốc - Chất lượng cao (CLC),D01,34.73,
NHF,Đại học Hà Nội,7220207,Ngôn ngữ Bồ Đào Nha,D01,31.35,
NHF,Đại học Hà Nội,7220201,Ngôn ngữ Anh,D01,35.38,
NHF,Đại học Hà Nội,7220208 CLC,Ngôn ngữ Italia - Chất lượng cao (CLC),D01,30.95,
NHF,Đại học Hà Nội,7220203,Ngôn ngữ Pháp,D01 | D03,33.7,
NHF,Đại học Hà Nội,7220204 CLC,Ngôn ngữ Trung Quốc - Chất lượng cao (CLC),D01 | D04,34.82,
NHF,Đại học Hà Nội,7810103CLC,Quản trị dịch vụ du lịch và lữ hành (dạy bằng tiếng Anh) - CLC,D01,32.25,
NHF,Đại học Hà Nội,7340101,Quản trị Kinh doanh,D01,33.93,
NHF,Đại học Hà Nội,7810103,Quản trị dịch vụ du lịch và lữ hành,D01,33.9,
NHF,Đại học Hà Nội,7310601,Quốc tế học,D01,33.48,
NHF,Đại học Hà Nội,7340201,Tài chính – Ngân hàng,D01,33.7,
NHF,Đại học Hà Nội,7320104,Truyền thông đa phương tiện,D01,25.94,
NHF,Đại học Hà Nội,7320109,Truyền thông doanh nghiệp,D01 | D03,34.1,
QHE,Đại học Kinh Tế - Đại học Quốc Gia Hà Nội,7340301,Kế toán,A01 | D01 | D09 | D10,34.1,
QHE,Đại học Kinh Tế - Đại học Quốc Gia Hà Nội,7310106,Kinh tế quốc tế,A01 | D01 | D09 | D10,35.7,
QHE,Đại học Kinh Tế - Đại học Quốc Gia Hà Nội,7310105,Kinh tế phát triển,A01 | D01 | D09 | D10,34.25,
QHE,Đại học Kinh Tế - Đại học Quốc Gia Hà Nội,7310101,Kinh tế,A01 | D01 | D09 | D10,34.83,
QHE,Đại học Kinh Tế - Đại học Quốc Gia Hà Nội,7340101,Quản trị Kinh doanh,A01 | D01 | D09 | D10,34.54,
QHE,Đại học Kinh Tế - Đại học Quốc Gia Hà Nội,7340201,Tài chính – Ngân hàng,A01 | D01 | D09 | D10,34.25,
DLX,Đại học Lao động - Xã hội (Cơ sở Hà Nội),7340207,Bảo hiểm - Tài chính,A00 | A01 | D01,21.05,
DLX,Đại học Lao động - Xã hội (Cơ sở Hà Nội),7340204,Bảo hiểm,A00 | A01 | D01,21.75,
DLX,Đại học Lao động - Xã hội (Cơ sở Hà Nội),7480201,Công nghệ thông tin,A00 | A01 | D01,23.1,
DLX,Đại học Lao động - Xã hội (Cơ sở Hà Nội),7760101,Công tác xã hội,A00 | A01 | C00 | D01,22.25,
DLX,Đại học Lao động - Xã hội (Cơ sở Hà Nội),7340405,Hệ thống thông tin,A00 | A01 | D01,22.85,
DLX,Đại học Lao động - Xã hội (Cơ sở Hà Nội),7340301,Kế toán,A00 | A01 | D01,22.4,
DLX,Đại học Lao động - Xã hội (Cơ sở Hà Nội),7340302,Kiểm toán,A00 | A01 | D01,22.9,
DLX,Đại học Lao động - Xã hội (Cơ sở Hà Nội),7310101,Kinh tế,A00 | A01 | D01,23.25,
DLX,Đại học Lao động - Xã hội (Cơ sở Hà Nội),7380107,Luật kinh tế,A00 | A01 | D01,23.05,
DLX,Đại học Lao động - Xã hội (Cơ sở Hà Nội),7220201,Ngôn ngữ Anh,A01 | D01 | D07 | D14,23.52,
DLX,Đại học Lao động - Xã hội (Cơ sở Hà Nội),7810103,Quản trị dịch vụ du lịch và lữ hành,A00 | A01 | D01,22.55,
DLX,Đại học Lao động - Xã hội (Cơ sở Hà Nội),7340404,Quản trị nhân lực,A00 | A01 | D01,23.25,
DLX,Đại học Lao động - Xã hội (Cơ sở Hà Nội),7340101,Quản trị Kinh doanh,A00 | A01 | D01,22.4,
DLX,Đại học Lao động - Xã hội (Cơ sở Hà Nội),7340201,Tài chính – Ngân hàng,A00 | A01 | D01,22.75,
DLX,Đại học Lao động - Xã hội (Cơ sở Hà Nội),7310401,Tâm lý học,A00 | A01 | C00 | D01,24.44,
DKC,Đại học Công nghệ TP HCM,7480202,An toàn thông tin,A00 | A01 | C01 | D01,18,
DKC,Đại học Công nghệ TP HCM,7340116,Bất động sản,A00 | A01 | C01 | D01,16,
DKC,Đại học Công nghệ TP HCM,7540204,Công nghệ may,A00 | A01 | C01 | D01,16,
DKC,Đại học Công nghệ TP HCM,7480201,Công nghệ thông tin,A00 | A01 | C01 | D01,21,
DKC,Đại học Công nghệ TP HCM,7420201,Công nghệ sinh học,A00 | B00 | C08 | D07,16,
DKC,Đại học Công nghệ TP HCM,7210302,Công nghệ điện ảnh. truyền hình,A00 | D01 | H01 | V00,17,
DKC,Đại học Công nghệ TP HCM,7540101,Công nghệ thực phẩm,A00 | B00 | C08 | D07,17,
DKC,Đại học Công nghệ TP HCM,7510205,Công nghệ kỹ thuật ô tô,A00 | A01 | C01 | D01,20,
DKC,Đại học Công nghệ TP HCM,7520141,Công nghệ Ô tô điện,A00 | A01 | C01 | D01,19,
DKC,Đại học Công nghệ TP HCM,7720301,Điều dưỡng,A00 | B00 | C08 | D07,19,
DKC,Đại học Công nghệ TP HCM,7310608,Đông phương học,A01 | C00 | D01 | D15,16,
DKC,Đại học Công nghệ TP HCM,7720201,Dược học,A00 | B00 | C08 | D07,21,
DKC,Đại học Công nghệ TP HCM,7340405,Hệ thống thông tin,A00 | A01 | C01 | D01,17,
DKC,Đại học Công nghệ TP HCM,7340301,Kế toán,A00 | A01 | C01 | D01,18,
DKC,Đại học Công nghệ TP HCM,7460108,Khoa học dữ liệu (Data Science),A00 | A01 | C01 | D01,17,
DKC,Đại học Công nghệ TP HCM,7580101,Kiến trúc,A00 | D01 | H01 | V00,17,
DKC,Đại học Công nghệ TP HCM,7340121,Kinh doanh thương mại,A00 | A01 | C01 | D01,17,
DKC,Đại học Công nghệ TP HCM,7310106,Kinh tế quốc tế,A00 | A01 | C01 | D01,17,
DKC,Đại học Công nghệ TP HCM,7520201,Kỹ thuật điện,A00 | A01 | C01 | D01,16,
DKC,Đại học Công nghệ TP HCM,7520114,Kỹ thuật cơ điện tử,A00 | A01 | C01 | D01,16,
DKC,Đại học Công nghệ TP HCM,7720601,Kỹ thuật xét nghiệm y học,A00 | B00 | C08 | D07,19,
DKC,Đại học Công nghệ TP HCM,7520103,Kỹ thuật cơ khí,A00 | A01 | C01 | D01,16,
DKC,Đại học Công nghệ TP HCM,7580201,Kỹ thuật xây dựng,A00 | A01 | C01 | D01,16,
DKC,Đại học Công nghệ TP HCM,7510605,Logistics và Quản lý chuỗi cung ứng,A00 | A01 | C01 | D01,19,
DKC,Đại học Công nghệ TP HCM,7380109,Luật Thương mại Quốc tế,A00 | A01 | C01 | D01,16,
DKC,Đại học Công nghệ TP HCM,7380107,Luật kinh tế,A00 | A01 | C01 | D01,17,
DKC,Đại học Công nghệ TP HCM,7340115,Marketing,A00 | A01 | C01 | D01,20,
DKC,Đại học Công nghệ TP HCM,7340114,Marketing kỹ thuật số,A00 | A01 | C01 | D01,19,
DKC,Đại học Công nghệ TP HCM,7520216,Ngành Kỹ thuật điều khiển & Tự động hóa,A00 | A01 | C01 | D01,16,
DKC,Đại học Công nghệ TP HCM,7340120,Ngành Kinh doanh quốc tế,A00 | A01 | C01 | D01,17,
DKC,Đại học Công nghệ TP HCM,7520207,Ngành Kỹ thuật điện tử truyền thông,A00 | A01 | C01 | D01,16,
DKC,Đại học Công nghệ TP HCM,7380101,Ngành Luật,A00 | A01 | C01 | D01,17,
DKC,Đại học Công nghệ TP HCM,7210408,Nghệ thuật số,A00 | D01 | H01 | V00,17,
DKC,Đại học Công nghệ TP HCM,7220209,Ngôn ngữ Nhật,A01 | C00 | D01 | D15,17,
DKC,Đại học Công nghệ TP HCM,7220204,Ngôn ngữ Trung Quốc,A01 | C00 | D01 | D15,17,
DKC,Đại học Công nghệ TP HCM,7220210,Ngôn ngữ Hàn Quốc,A01 | C00 | D01 | D15,17,
DKC,Đại học Công nghệ TP HCM,7220201,Ngôn ngữ Anh,A01 | C00 | D01 | D15,17,
DKC,Đại học Công nghệ TP HCM,7810301,Quản lý thể dục thể thao,A00 | A01 | C01 | D01,16,
DKC,Đại học Công nghệ TP HCM,7320108,Quan hệ công chúng,A00 | A01 | C01 | D01,18,
DKC,Đại học Công nghệ TP HCM,7810103,Quản trị dịch vụ du lịch và lữ hành,A00 | A01 | C01 | D01,17,
DKC,Đại học Công nghệ TP HCM,7810202,Quản trị nhà hàng và dịch vụ ăn uống,A00 | A01 | C01 | D01,17,
DKC,Đại học Công nghệ TP HCM,7580302,Quản lý xây dựng,A00 | A01 | C01 | D01,16,
DKC,Đại học Công nghệ TP HCM,7340404,Quản trị nhân lực,A00 | A01 | C01 | D01,16,
DKC,Đại học Công nghệ TP HCM,7340101,Quản trị Kinh doanh,A00 | A01 | C01 | D01,20,
DKC,Đại học Công nghệ TP HCM,7310206,Quan hệ quốc tế,A00 | A01 | C01 | D01,17,
DKC,Đại học Công nghệ TP HCM,7340412,Quản trị sự kiện,A00 | A01 | C01 | D01,16,
DKC,Đại học Công nghệ TP HCM,7850101,Quản lý tài nguyên và môi trường,A00 | B00 | C08 | D07,16,
DKC,Đại học Công nghệ TP HCM,7810201,Quản trị khách sạn,A00 | A01 | C01 | D01,17,
DKC,Đại học Công nghệ TP HCM,7510209,Robot và trí tuệ nhân tạo,A00 | A01 | C01 | D01,17,
DKC,Đại học Công nghệ TP HCM,7340206,Tài chính quốc tế,A00 | A01 | C01 | D01,16,
DKC,Đại học Công nghệ TP HCM,7340201,Tài chính – Ngân hàng,A00 | A01 | C01 | D01,18,
DKC,Đại học Công nghệ TP HCM,7310401,Tâm lý học,A00 | A01 | C01 | D01,16,
DKC,Đại học Công nghệ TP HCM,7210205,Thanh nhạc,N00,16,
DKC,Đại học Công nghệ TP HCM,7580108,Thiết kế nội thất,A00 | D01 | H01 | V00,16,
DKC,Đại học Công nghệ TP HCM,7210403,Thiết kế đồ họa,A00 | D01 | H01 | V00,19,
DKC,Đại học Công nghệ TP HCM,7210404,Thiết kế thời trang,A00 | D01 | H01 | V00,16,
DKC,Đại học Công nghệ TP HCM,7640101,Thú y,A00 | B00 | C08 | D07,18,
DKC,Đại học Công nghệ TP HCM,7340122,Thương mại điện tử,A00 | A01 | C01 | D01,18,
DKC,Đại học Công nghệ TP HCM,7320104,Truyền thông đa phương tiện,A01 | C00 | D01 | D15,20,
QSA,Đại học An Giang - Đại học Quốc gia TP HCM,7620112,Bảo vệ thực vật,A00 | B00 | C15 | D01,21.7,
QSA,Đại học An Giang - Đại học Quốc gia TP HCM,7620105,Chăn nuôi,A00 | B00 | C15 | D08,17.3,
QSA,Đại học An Giang - Đại học Quốc gia TP HCM,7510401,Công nghệ kỹ thuật hoá học,A00 | B00 | C05 | C08,16,
QSA,Đại học An Giang - Đại học Quốc gia TP HCM,7480201,Công nghệ thông tin,A00 | A01 | C01 | D01,21.12,
QSA,Đại học An Giang - Đại học Quốc gia TP HCM,7510406,Công nghệ kỹ thuật Môi trường,A16 | B03 | C15 | D01,19.48,
QSA,Đại học An Giang - Đại học Quốc gia TP HCM,7540101,Công nghệ thực phẩm,A00 | B00 | C05 | D07,16,
QSA,Đại học An Giang - Đại học Quốc gia TP HCM,7420201,Công nghệ sinh học,A00 | B00 | C15 | D01,20.95,
QSA,Đại học An Giang - Đại học Quốc gia TP HCM,7540106,Đảm bảo chất lượng và an toàn thực phẩm,A00 | B00 | C05 | D07,16,
QSA,Đại học An Giang - Đại học Quốc gia TP HCM,7620301,ĐH Nuôi trồng thủy sản,A00 | B00 | D01 | D10,16,
QSA,Đại học An Giang - Đại học Quốc gia TP HCM,7140202,Giáo dục Tiểu học,A00 | A01 | C00 | D01,23.26,
QSA,Đại học An Giang - Đại học Quốc gia TP HCM,7140201,Giáo dục Mầm non,M02 | M03 | M05 | M06,19.6,
QSA,Đại học An Giang - Đại học Quốc gia TP HCM,7140205,Giáo dục Chính trị,C00 | C19 | D01 | D66,25.81,
QSA,Đại học An Giang - Đại học Quốc gia TP HCM,7340301,Kế toán,A00 | A01 | C15 | D01,22.5,
QSA,Đại học An Giang - Đại học Quốc gia TP HCM,7620110,Khoa học cây trồng,A00 | B00 | C15 | D01,18.66,
QSA,Đại học An Giang - Đại học Quốc gia TP HCM,7310106,Kinh tế quốc tế,A00 | A01 | C15 | D01,21.37,
QSA,Đại học An Giang - Đại học Quốc gia TP HCM,7480103,Kỹ thuật phần mềm,A00 | A01 | C01 | D01,18.5,
QSA,Đại học An Giang - Đại học Quốc gia TP HCM,7340115,Marketing,A00 | A01 | C15 | D01,22.93,
QSA,Đại học An Giang - Đại học Quốc gia TP HCM,7380101,Ngành Luật,A01 | C00 | C01 | D01,22.51,
QSA,Đại học An Giang - Đại học Quốc gia TP HCM,7220201,Ngôn ngữ Anh,A01 | D01 | D09 | D14,20.02,
QSA,Đại học An Giang - Đại học Quốc gia TP HCM,7620116,Phát triển nông thôn,A00 | B00 | C00 | D01,19.6,
QSA,Đại học An Giang - Đại học Quốc gia TP HCM,7850101,Quản lý tài nguyên và môi trường,A00 | B00 | C15 | D01,20.88,
QSA,Đại học An Giang - Đại học Quốc gia TP HCM,7340101,Quản trị Kinh doanh,A00 | A01 | C15 | D01,22.52,
QSA,Đại học An Giang - Đại học Quốc gia TP HCM,7140217,Sư phạm Ngữ văn,C00 | D01 | D14 | D15,24.96,
QSA,Đại học An Giang - Đại học Quốc gia TP HCM,7140212,Sư phạm Hóa học,A00 | B00 | C02 | D07,24.15,
QSA,Đại học An Giang - Đại học Quốc gia TP HCM,7140219,Sư phạm Địa lý,A09 | C00 | C04 | D10,25.05,
QSA,Đại học An Giang - Đại học Quốc gia TP HCM,7140213,Sư phạm Sinh học,B00 | B03 | B04 | D08,22.24,
QSA,Đại học An Giang - Đại học Quốc gia TP HCM,7140209,Sư phạm Toán học,A00 | A01 | C01 | D01,25,
QSA,Đại học An Giang - Đại học Quốc gia TP HCM,7140231,Sư phạm Tiếng Anh,A01 | D01 | D09 | D14,24.18,
QSA,Đại học An Giang - Đại học Quốc gia TP HCM,7140218,Sư phạm Lịch sử,A08 | C00 | C19 | D14,27.21,
QSA,Đại học An Giang - Đại học Quốc gia TP HCM,7140211,Sư phạm Vật lý,A00 | A01 | C01 | C05,24.15,
QSA,Đại học An Giang - Đại học Quốc gia TP HCM,7340201,Tài chính – Ngân hàng,A00 | A01 | C15 | D01,21.75,
QSA,Đại học An Giang - Đại học Quốc gia TP HCM,7640101,Thú y,A00 | B00 | C08 | D08,22.26,
QSA,Đại học An Giang - Đại học Quốc gia TP HCM,7229001,Triết học,A01 | C00 | C01 | D01,21.25,
QSA,Đại học An Giang - Đại học Quốc gia TP HCM,7229030,Văn học,C00 | D01 | D14 | D15,22.5,
QSA,Đại học An Giang - Đại học Quốc gia TP HCM,7310630,Việt Nam học,A01 | C00 | C04 | D01,21.18,
DCQ,Đại học Công Nghệ và Quản Lý Hữu Nghị,7340116,Bất động sản,A00,15,
DCQ,Đại học Công Nghệ và Quản Lý Hữu Nghị,7510205,Công nghệ kỹ thuật ô tô,A00,15,
DCQ,Đại học Công Nghệ và Quản Lý Hữu Nghị,7480201,Công nghệ thông tin,A00,15,
DCQ,Đại học Công Nghệ và Quản Lý Hữu Nghị,7340301,Kế toán,A00,15,
DCQ,Đại học Công Nghệ và Quản Lý Hữu Nghị,7310106,Kinh tế quốc tế,A00,15,
DCQ,Đại học Công Nghệ và Quản Lý Hữu Nghị,7480103,Kỹ thuật phần mềm,A00,15,
DCQ,Đại học Công Nghệ và Quản Lý Hữu Nghị,7510605,Logistics và Quản lý chuỗi cung ứng,A00,15,
DCQ,Đại học Công Nghệ và Quản Lý Hữu Nghị,7380107,Luật kinh tế,A00,15,
DCQ,Đại học Công Nghệ và Quản Lý Hữu Nghị,7220202,Ngôn ngữ Nga,D07,15,
DCQ,Đại học Công Nghệ và Quản Lý Hữu Nghị,7220201,Ngôn ngữ Anh,D07,15,
DCQ,Đại học Công Nghệ và Quản Lý Hữu Nghị,7220204,Ngôn ngữ Trung Quốc,D07,15,
DCQ,Đại học Công Nghệ và Quản Lý Hữu Nghị,7310205,Quản lý nhà nước,A00,15,
DCQ,Đại học Công Nghệ và Quản Lý Hữu Nghị,7340101,Quản trị Kinh doanh,A00,15,
DCQ,Đại học Công Nghệ và Quản Lý Hữu Nghị,7810103,Quản trị dịch vụ du lịch và lữ hành,A00,15,
DCQ,Đại học Công Nghệ và Quản Lý Hữu Nghị,7340201,Tài chính – Ngân hàng,A00,15,
DCQ,Đại học Công Nghệ và Quản Lý Hữu Nghị,7340202,Tài chính và Kế toán (FA),A00,15,
DCT,Đại học Công nghiệp Thực phẩm TP HCM,7480202,An toàn thông tin,A00 | A01 | D01 | D07,16.5,
DCT,Đại học Công nghiệp Thực phẩm TP HCM,7540101,Công nghệ thực phẩm,A00 | A01 | B00 | D07,21,
DCT,Đại học Công nghiệp Thực phẩm TP HCM,7510301,"Công nghệ kỹ thuật điện, điện tử",A00 | A01 | D01 | D07,16,
DCT,Đại học Công nghiệp Thực phẩm TP HCM,7510401,Công nghệ kỹ thuật hoá học,A00 | A01 | B00 | D07,16,
DCT,Đại học Công nghiệp Thực phẩm TP HCM,7540204,Công nghệ may,A00 | A01 | D01 | D07,16,
DCT,Đại học Công nghiệp Thực phẩm TP HCM,7340205,Công nghệ tài chính,A00 | A01 | D01 | D07,18.5,
DCT,Đại học Công nghiệp Thực phẩm TP HCM,7420201,Công nghệ sinh học,A00 | A01 | B00 | D07,16,
DCT,Đại học Công nghiệp Thực phẩm TP HCM,7510406,Công nghệ kỹ thuật Môi trường,A00 | A01 | B00 | D07,16,
DCT,Đại học Công nghiệp Thực phẩm TP HCM,7510202,Công nghệ chế tạo máy,A00 | A01 | D01 | D07,16,
DCT,Đại học Công nghiệp Thực phẩm TP HCM,7540105,Công nghệ chế biến thủy sản,A00 | A01 | B00 | D07,16,
DCT,Đại học Công nghiệp Thực phẩm TP HCM,7510203,Công nghệ kỹ thuật cơ điện tử,A00 | A01 | D01 | D07,16,
DCT,Đại học Công nghiệp Thực phẩm TP HCM,7510303,Công nghệ kỹ thuật điều khiển và tự động hóa,A00 | A01 | D01 | D07,16,
DCT,Đại học Công nghiệp Thực phẩm TP HCM,7480201,Công nghệ thông tin,A00 | A01 | D01 | D07,21,
DCT,Đại học Công nghiệp Thực phẩm TP HCM,7540110,Đảm bảo Chất lượng và ATTP,A00 | A01 | B00 | D07,18,
DCT,Đại học Công nghiệp Thực phẩm TP HCM,7340301,Kế toán,A00 | A01 | D01 | D10,20,
DCT,Đại học Công nghiệp Thực phẩm TP HCM,7819009,Khoa học dinh dưỡng và ẩm thực,A00 | A01 | B00 | D07,16,
DCT,Đại học Công nghiệp Thực phẩm TP HCM,7819010,Khoa học chế biến món ăn,A00 | A01 | B00 | D07,16,
DCT,Đại học Công nghiệp Thực phẩm TP HCM,7460108,Khoa học dữ liệu (Data Science),A00 | A01 | D01 | D07,16.75,
DCT,Đại học Công nghiệp Thực phẩm TP HCM,7340123,Kinh doanh thời trang và Dệt may,A00 | A01 | D01 | D10,16,
DCT,Đại học Công nghiệp Thực phẩm TP HCM,7520115,"Kỹ thuật nhiệt (3 chuyên ngành: Kỹ thuật điện lạnh; Máy lạnh, điều hòa không khí và thông gió; Máy lạnh và thiết bị thực phẩm)",A00 | A01 | D01 | D07,16,
DCT,Đại học Công nghiệp Thực phẩm TP HCM,7380107,Luật kinh tế,A00 | A01 | D01 | D15,19,
DCT,Đại học Công nghiệp Thực phẩm TP HCM,7340115,Marketing,A00 | A01 | D01 | D10,22.5,
DCT,Đại học Công nghiệp Thực phẩm TP HCM,7340120,Ngành Kinh doanh quốc tế,A00 | A01 | D01 | D10,21.5,
DCT,Đại học Công nghiệp Thực phẩm TP HCM,7220204,Ngôn ngữ Trung Quốc,A01 | D01 | D09 | D10,21,
DCT,Đại học Công nghiệp Thực phẩm TP HCM,7220201,Ngôn ngữ Anh,A01 | D01 | D09 | D10,21,
DCT,Đại học Công nghiệp Thực phẩm TP HCM,7810103,Quản trị dịch vụ du lịch và lữ hành,A00 | A01 | D01 | D15,18,
DCT,Đại học Công nghiệp Thực phẩm TP HCM,7850101,Quản lý tài nguyên và môi trường,A00 | A01 | B00 | D07,16,
DCT,Đại học Công nghiệp Thực phẩm TP HCM,7340129,Quản trị kinh doanh thực phẩm,A00 | A01 | D01 | D10,18,
DCT,Đại học Công nghiệp Thực phẩm TP HCM,7810202,Quản trị nhà hàng và dịch vụ ăn uống,A00 | A01 | D01 | D15,18,
DCT,Đại học Công nghiệp Thực phẩm TP HCM,7810201,Quản trị khách sạn,A00 | A01 | D01 | D15,18,
DCT,Đại học Công nghiệp Thực phẩm TP HCM,7340101,Quản trị Kinh doanh,A00 | A01 | D01 | D10,21,
DCT,Đại học Công nghiệp Thực phẩm TP HCM,7340201,Tài chính – Ngân hàng,A00 | A01 | D01 | D10,20.5,
DCT,Đại học Công nghiệp Thực phẩm TP HCM,7340122,Thương mại điện tử,A00 | A01 | D01 | D10,22,
HTA,Học viện Tòa án,7380101|12C00,Luật (Nữ - Phía Nam),C00,26.63,
HTA,Học viện Tòa án,7380101|11D01,Luật (Nữ - Phía Bắc),D01,24.92,
HTA,Học viện Tòa án,7380101|21C00,Luật (Nam - Phía Bắc),C00,26.2,
HTA,Học viện Tòa án,7380101|21A00,Luật (Nam - Phía Bắc),A00,21.5,
HTA,Học viện Tòa án,7380101|12A01,Luật (Nữ - Phía Nam),A01,21.75,
HTA,Học viện Tòa án,7380101|21A01,Luật (Nam - Phía Bắc),A01,21.15,
HTA,Học viện Tòa án,7380101|11C00,Luật (Nữ - Phía Bắc),C00,27.31,
HTA,Học viện Tòa án,7380101|22A01,Luật (Nam - Phía Nam),A01,21.35,
HTA,Học viện Tòa án,7380101|22D01,Luật (Nam - Phía Nam),D01,21.7,
HTA,Học viện Tòa án,7380101|11A00,Luật (Nữ - Phía Bắc),A00,23.75,
HTA,Học viện Tòa án,7380101|12D01,Luật (Nữ - Phía Nam),D01,23.45,
HTA,Học viện Tòa án,7380101|22A00,Luật (Nam - Phía Nam),A00,22,
HTA,Học viện Tòa án,7380101|21D01,Luật (Nam - Phía Bắc),D01,22.65,
HTA,Học viện Tòa án,7380101|22C00,Luật (Nam - Phía Nam),C00,25,
HTA,Học viện Tòa án,7380101|12A00,Luật (Nữ - Phía Nam),A00,23.79,
HTA,Học viện Tòa án,7380101|11A01,Luật (Nữ - Phía Bắc),A01,21.5,
YQH,Học viện Quân Y - Hệ Quân sự,7720201|22A00,Dược học - Nam thí sinh phía Nam,A00,23.2,
YQH,Học viện Quân Y - Hệ Quân sự,7720201|21A00,Dược học - Nam thí sinh phía Bắc,A00,23.19,
YQH,Học viện Quân Y - Hệ Quân sự,7720201|12A00,Dược học - Nữ thí sinh phía Nam,A00,25.43,
YQH,Học viện Quân Y - Hệ Quân sự,7720101|12B00,Y khoa (Nữ - Miền Nam),B00,27.1,
YQH,Học viện Quân Y - Hệ Quân sự,7720101|21A00,Y khoa (Nam - Miền Bắc),A00,25.15,
YQH,Học viện Quân Y - Hệ Quân sự,7720101|11A00,Y khoa (Nữ - Miền Bắc),A00,27.17,
YQH,Học viện Quân Y - Hệ Quân sự,7720101|12A00,Y khoa (Nữ - Miền Nam),A00,27.1,
YQH,Học viện Quân Y - Hệ Quân sự,7720101|21B00,Y khoa (Nam - Miền Bắc),B00,25.15,
YQH,Học viện Quân Y - Hệ Quân sự,7720110|21B00,Y học dự phòng (Nam - Miền Bắc),B00,25.5,
YQH,Học viện Quân Y - Hệ Quân sự,7720101|22B00,Y khoa (Nam - Miền Nam),B00,24.91,
YQH,Học viện Quân Y - Hệ Quân sự,7720101|11B00,Y khoa (Nữ - Miền Bắc),B00,27.17,
YQH,Học viện Quân Y - Hệ Quân sự,7720110|22B00,Y học dự phòng (Nam - Miền Nam),B00,24.6,
YQH,Học viện Quân Y - Hệ Quân sự,7720101|22A00,Y khoa (Nam - Miền Nam),A00,24.91,
TTG,Đại học Tiền Giang,7620112,Bảo vệ thực vật,A00,15,
TTG,Đại học Tiền Giang,7620105,Chăn nuôi,A00,15,
TTG,Đại học Tiền Giang,7480201,Công nghệ thông tin,A00,15,
TTG,Đại học Tiền Giang,7510203,Công nghệ kỹ thuật cơ điện tử,A00,15,
TTG,Đại học Tiền Giang,7510201,Công nghệ kỹ thuật cơ khí (chuyên ngành Cơ khí chế tạo),A00,15,
TTG,Đại học Tiền Giang,7540101,Công nghệ thực phẩm,A00,15,
TTG,Đại học Tiền Giang,7510103,Công nghệ kỹ thuật xây dựng (chuyên ngành Xây dựng dân dụng & Công nghiệp),A00,15,
TTG,Đại học Tiền Giang,7510303,Công nghệ kỹ thuật điều khiển và tự động hóa,A00,15,
TTG,Đại học Tiền Giang,7420201,Công nghệ sinh học,A00,15,
TTG,Đại học Tiền Giang,7620301,ĐH Nuôi trồng thủy sản,A00,15,
TTG,Đại học Tiền Giang,7340301,Kế toán,A00,17.5,
TTG,Đại học Tiền Giang,7310101,Kinh tế,A00,15,
TTG,Đại học Tiền Giang,7380101,Ngành Luật,A01,16.5,
TTG,Đại học Tiền Giang,7340101,Quản trị Kinh doanh,A00,16,
TTG,Đại học Tiền Giang,7340201,Tài chính – Ngân hàng,A00,15,
TTG,Đại học Tiền Giang,7229040,Văn hoá học,C00,15,
TCT,Đại học Cần Thơ,7480202,An toàn thông tin,A00 | A01,23.6,
TCT,Đại học Cần Thơ,7620112,Bảo vệ thực vật,B00 | B08 | D07,18.55,
TCT,Đại học Cần Thơ,7620302,Bệnh học thủy sản,A00 | B00 | B08 | D07,15,
TCT,Đại học Cần Thơ,7620105,Chăn nuôi,A00 | A02 | B00 | B08,15,
TCT,Đại học Cần Thơ,7310201,Chính trị học,C00 | C19 | D14 | D15,25.85,
TCT,Đại học Cần Thơ,7480201H,Công nghệ thông tin (Đào tạo tại Khu Hòa An),A00 | A01,23.25,
TCT,Đại học Cần Thơ,7540101C,Công nghệ thực phẳm,A01 | B08 | D07,20,
TCT,Đại học Cần Thơ,7480201C,Công nghệ thông tin (CTCLC),A01 | D01 | D07,24.1,
TCT,Đại học Cần Thơ,7540104,Công nghệ sau thu hoạch,A00 | A01 | B00 | D07,22,
TCT,Đại học Cần Thơ,7510401,Công nghệ kỹ thuật hoá học,A00 | A01 | B00 | D07,23.95,
TCT,Đại học Cần Thơ,7420201,Công nghệ sinh học,A00 | B00 | B08 | D07,23.64,
TCT,Đại học Cần Thơ,7420201T,Công nghệ sinh học (Chương trình tiên tiến),A01 | B08 | D07,21.7,
TCT,Đại học Cần Thơ,7540101,Công nghệ thực phẩm,A00 | A01 | B00 | D07,23.83,
TCT,Đại học Cần Thơ,7480201,Công nghệ thông tin,A00 | A01,25.16,
TCT,Đại học Cần Thơ,7540105,Công nghệ chế biến thủy sản,A00 | A01 | B00 | D07,21.25,
TCT,Đại học Cần Thơ,7510401C,Công nghệ kỹ thuật hoá học (Chương trình chất lượng cao),A01 | B08 | D07,21.5,
TCT,Đại học Cần Thơ,7620113,Công nghệ rau hoa quả và cảnh quan,A00 | B00 | B08 | D07,15,
TCT,Đại học Cần Thơ,7620301,ĐH Nuôi trồng thủy sản,A00 | B00 | B08 | D07,16.75,
TCT,Đại học Cần Thơ,7460112,ĐH Toán ứng dụng,A00 | A01 | A02 | B00,22.85,
TCT,Đại học Cần Thơ,7140204,Giáo dục Công dân,C00 | C19 | D14 | D15,26.86,
TCT,Đại học Cần Thơ,7140202,Giáo dục Tiểu học,A00 | C01 | D01 | D03,24.41,
TCT,Đại học Cần Thơ,7140206,Giáo dục Thể chất,T00 | T01 | T06,23.5,
TCT,Đại học Cần Thơ,7480104,Hệ thống thông tin,A00 | A01,22.65,
TCT,Đại học Cần Thơ,7720203,Hoá dược,A00 | B00 | C02 | D07,24.5,
TCT,Đại học Cần Thơ,7440112,Hóa học,A00 | B00 | C02 | D07,23.15,
TCT,Đại học Cần Thơ,7340301,Kế toán,A00 | A01 | C02 | D01,24.76,
TCT,Đại học Cần Thơ,7480101,Khoa học máy tính,A00 | A01,24.4,
TCT,Đại học Cần Thơ,7620110,Khoa học cây trồng,A02 | B00 | B08 | D07,15,
TCT,Đại học Cần Thơ,7620103,Khoa học đất,A00 | B00 | B08 | D07,15,
TCT,Đại học Cần Thơ,7440301,Khoa học môi trường,A00 | A02 | B00 | D07,20,
TCT,Đại học Cần Thơ,7340302,Kiểm toán,A00 | A01 | C02 | D01,24.58,
TCT,Đại học Cần Thơ,7580101,Kiến trúc,V00 | V01 | V02 | V03,18,
TCT,Đại học Cần Thơ,7620115,Kinh tế nông nghiệp,A00 | A01 | C02 | D01,22.35,
TCT,Đại học Cần Thơ,7620115H,Kinh tế nông nghiệp (Đào tạo tại Khu Hòa An),A00 | A01 | C02 | D01,17,
TCT,Đại học Cần Thơ,7620114H,Kinh doanh nông nghiệp (Đào tạo tại Khu Hòa An),A00 | A01 | C02 | D01,15,
TCT,Đại học Cần Thơ,7340121,Kinh doanh thương mại,A00 | A01 | C02 | D01,24.61,
TCT,Đại học Cần Thơ,7310101,Kinh tế,A00 | A01 | C02 | D01,24.26,
TCT,Đại học Cần Thơ,7850102,Kinh tế tài nguyên thiên nhiên,A00 | A01 | C02 | D01,22.05,
TCT,Đại học Cần Thơ,7340120C,Kinh doanh quốc tế (Chương trình chất lượng cao),A01 | D01 | D07,24.2,
TCT,Đại học Cần Thơ,7520103,Kỹ thuật cơ khí,A00 | A01,23.33,
TCT,Đại học Cần Thơ,7480106,Kỹ thuật máy tính,A00 | A01,22.8,
TCT,Đại học Cần Thơ,7520216C,Kỹ thuật điều khiển và tự động hóa chất lượng cao,A01 | D01 | D07,22.1,
TCT,Đại học Cần Thơ,7520201C,Kỹ thuật Điện (CTCLC),A01 | D01 | D07,21.25,
TCT,Đại học Cần Thơ,7580202,Kỹ thuật xây dựng công trình thủy,A00 | A01,15.45,
TCT,Đại học Cần Thơ,7580213,Kỹ thuật cấp thoát nước,A00 | A01 | B08 | D07,20,
TCT,Đại học Cần Thơ,7520201,Kỹ thuật điện,A00 | A01 | D07,22.75,
TCT,Đại học Cần Thơ,7580205,Kỹ thuật xây dựng công trình giao thông,A00 | A01,21.6,
TCT,Đại học Cần Thơ,7580201,Kỹ thuật xây dựng,A00 | A01,22.5,
TCT,Đại học Cần Thơ,7520114,Kỹ thuật cơ điện tử,A00 | A01,23.1,
TCT,Đại học Cần Thơ,7580201C,Kỹ thuật xây dựng (Chương trình chất lượng cao),A01 | D01 | D07,20.6,
TCT,Đại học Cần Thơ,7520309,Kỹ thuật vật liệu,A00 | A01 | B00 | D07,21.35,
TCT,Đại học Cần Thơ,7480103,Kỹ thuật phần mềm,A00 | A01,24.8,
TCT,Đại học Cần Thơ,7510605,Logistics và Quản lý chuỗi cung ứng,A00 | A01 | D01,24.75,
TCT,Đại học Cần Thơ,7380107,Luật kinh tế,A00 | C00 | D01 | D03,25.85,
TCT,Đại học Cần Thơ,7380101H,Luật (Chuyên ngành Luật Hành chính); Học tại khu Hòa An - Tỉnh Hậu Giang,A00 | C00 | D01 | D03,22.5,
TCT,Đại học Cần Thơ,7480102,Mạng máy tính và truyền thông dữ liệu,A00 | A01,22.85,
TCT,Đại học Cần Thơ,7340115,Marketing,A00 | A01 | C02 | D01,25.35,
TCT,Đại học Cần Thơ,7340120,Ngành Kinh doanh quốc tế,A00 | A01 | C02 | D01,25.1,
TCT,Đại học Cần Thơ,7520216,Ngành Kỹ thuật điều khiển & Tự động hóa,A00 | A01,23.3,
TCT,Đại học Cần Thơ,7520320,Ngành Kỹ thuật môi trường,A00 | A01 | B00 | D07,20.2,
TCT,Đại học Cần Thơ,7480103C,Ngành Kỹ thuật phần mềm (Hệ đại học Chất lượng cao),A01 | D01 | D07,23.4,
TCT,Đại học Cần Thơ,7520207,Ngành Kỹ thuật điện tử truyền thông,A00 | A01,22.15,
TCT,Đại học Cần Thơ,7380101,Ngành Luật,A00 | C00 | D01 | D03,25.1,
TCT,Đại học Cần Thơ,7220203,Ngôn ngữ Pháp,D01 | D03 | D14 | D64,21.75,
TCT,Đại học Cần Thơ,7220201C,Ngôn ngữ Anh (CTCLC),D01 | D14 | D15,24,
TCT,Đại học Cần Thơ,7220201,Ngôn ngữ Anh,D01 | D14 | D15,25.25,
TCT,Đại học Cần Thơ,7220201H,Ngôn ngữ Anh (Đào tạo tại Khu Hòa An),D01 | D14 | D15,23.5,
TCT,Đại học Cần Thơ,7620109,Nông học,B00 | B08 | D07,15,
TCT,Đại học Cần Thơ,7620301T,Nuôi trồng thuỷ sản (chương trình tiên tiến),A01 | B08 | D07,15,
TCT,Đại học Cần Thơ,7340101C,Quản trị kinh doanh,A01 | D01 | D07,23.2,
TCT,Đại học Cần Thơ,7810103,Quản trị dịch vụ du lịch và lữ hành,A00 | A01 | C02 | D01,24,
TCT,Đại học Cần Thơ,7620305,Quản lý thủy sản,A00 | B00 | B08 | D07,15,
TCT,Đại học Cần Thơ,7340101,Quản trị Kinh doanh,A00 | A01 | C02 | D01,24.35,
TCT,Đại học Cần Thơ,7850101,Quản lý tài nguyên và môi trường,A00 | A01 | B00 | D07,19.8,
TCT,Đại học Cần Thơ,7510601,Quản lý công nghiệp,A00 | A01 | D01,23.61,
TCT,Đại học Cần Thơ,7340101H,Quản trị kinh doanh (Đào tạo tại Khu Hòa An),A00 | A01 | C02 | D01,23,
TCT,Đại học Cần Thơ,7810103C,Quản trị dịch vụ du lịch và lữ hành,A01 | D01 | D07,22.95,
TCT,Đại học Cần Thơ,7850103,Quản lý đất đai,A00 | A01 | B00 | D07,20.45,
TCT,Đại học Cần Thơ,7580105,Quy hoạch vùng và đô thị,A00 | A01 | B00 | D07,18,
TCT,Đại học Cần Thơ,7420101,Sinh hoc,A02 | B00 | B03 | B08,23.3,
TCT,Đại học Cần Thơ,7420203,Sinh học ứng dụng,A00 | A01 | B00 | B08,21.75,
TCT,Đại học Cần Thơ,7140210,Sư phạm Tin học (Chuyên ngành Tin học – Công nghệ Tiểu học),A00 | A01 | D01 | D07,23.25,
TCT,Đại học Cần Thơ,7140218,Sư phạm Lịch sử,C00 | D14 | D64,26.75,
TCT,Đại học Cần Thơ,7140209,Sư phạm Toán học,A00 | A01 | B08 | D07,26.18,
TCT,Đại học Cần Thơ,7140217,Sư phạm Ngữ văn,C00 | D14 | D15,26.63,
TCT,Đại học Cần Thơ,7140231,Sư phạm Tiếng Anh,D01 | D14 | D15,26.1,
TCT,Đại học Cần Thơ,7140212,Sư phạm Hóa học,A00 | B00 | D07 | D24,25.76,
TCT,Đại học Cần Thơ,7140219,Sư phạm Địa lý,C00 | C04 | D15 | D44,26.23,
TCT,Đại học Cần Thơ,7140233,Sư phạm Tiếng Pháp,D01 | D03 | D14 | D64,23.1,
TCT,Đại học Cần Thơ,7140211,Sư phạm Vật lý,A00 | A01 | A02 | D29,25.65,
TCT,Đại học Cần Thơ,7140213,Sư phạm Sinh học,B00 | B08,24.45,
TCT,Đại học Cần Thơ,7340201,Tài chính – Ngân hàng,A00 | A01 | C02 | D01,25,
TCT,Đại học Cần Thơ,7340201C,Tài chính – Ngân hàng (Chương trình chất lượng cao),A01 | D01 | D07,23.1,
TCT,Đại học Cần Thơ,7460201,Thống kê,A00 | A01 | A02 | B00,22.4,
TCT,Đại học Cần Thơ,7320201,Thông tin - thư viện,A01 | D01 | D03 | D29,21.5,
TCT,Đại học Cần Thơ,7640101,Thú y,A02 | B00 | B08 | D07,23.7,
TCT,Đại học Cần Thơ,7229001,Triết học,C00 | C19 | D14 | D15,25.1,
TCT,Đại học Cần Thơ,7320104,Truyền thông đa phương tiện,A00 | A01 | D01,24.8,
TCT,Đại học Cần Thơ,7229030,Văn học,C00 | D01 | D14 | D15,24.16,
TCT,Đại học Cần Thơ,7520401,Vật lý kỹ thuật,A00 | A01 | A02 | C01,18,
TCT,Đại học Cần Thơ,7310630H,Việt Nam học (Học tại khu Hòa An),C00 | D01 | D14 | D15,22,
TCT,Đại học Cần Thơ,7310630,Việt Nam học,C00 | D01 | D14 | D15,24.63,
TCT,Đại học Cần Thơ,7310301,Xã hội học,A01 | C00 | C19 | D01,26.1,
DTC,Đại học Công Nghệ Thông Tin và Truyền Thông - Đại học Thái Nguyên,7480202,An toàn thông tin,A00 | C01 | C14 | D01,18,
DTC,Đại học Công Nghệ Thông Tin và Truyền Thông - Đại học Thái Nguyên,7480201_CLC,Công nghệ thông tin (Chất lượng cao): Chương trình đào tạo đạt chuẩn kiểm định quốc tế AUN-QA,A00 | C01 | C14 | D01,16.5,
DTC,Đại học Công Nghệ Thông Tin và Truyền Thông - Đại học Thái Nguyên,7510303,Công nghệ kỹ thuật điều khiển và tự động hóa,A00 | C01 | C14 | D01,16,
DTC,Đại học Công Nghệ Thông Tin và Truyền Thông - Đại học Thái Nguyên,7510212,Công nghệ ô tô và giao thông thông minh,A00 | C01 | C14 | D01,16,
DTC,Đại học Công Nghệ Thông Tin và Truyền Thông - Đại học Thái Nguyên,7480201,Công nghệ thông tin,A00 | C01 | C14 | D01,16,
DTC,Đại học Công Nghệ Thông Tin và Truyền Thông - Đại học Thái Nguyên,7480108,Công nghệ kỹ thuật máy tính,A00 | C01 | C14 | D01,16.5,
DTC,Đại học Công Nghệ Thông Tin và Truyền Thông - Đại học Thái Nguyên,7480201_QT,Công nghệ thông tin quốc tế,A00,16.5,
DTC,Đại học Công Nghệ Thông Tin và Truyền Thông - Đại học Thái Nguyên,7320106,Công nghệ truyền thông,A00 | C01 | C14 | D01,17,
DTC,Đại học Công Nghệ Thông Tin và Truyền Thông - Đại học Thái Nguyên,7510301,"Công nghệ kỹ thuật điện, điện tử",A00 | C01 | C14 | D01,16,
DTC,Đại học Công Nghệ Thông Tin và Truyền Thông - Đại học Thái Nguyên,7510302,Điện tử - viễn thông,A00 | C01 | C14 | D01,17,
DTC,Đại học Công Nghệ Thông Tin và Truyền Thông - Đại học Thái Nguyên,7340405,Hệ thống thông tin,A00 | C01 | C14 | D01,18.5,
DTC,Đại học Công Nghệ Thông Tin và Truyền Thông - Đại học Thái Nguyên,7480104,Hệ thống thông tin,A00 | C01 | C14 | D01,16.5,
DTC,Đại học Công Nghệ Thông Tin và Truyền Thông - Đại học Thái Nguyên,7480101,Khoa học máy tính,A00 | C01 | C14 | D01,16.5,
DTC,Đại học Công Nghệ Thông Tin và Truyền Thông - Đại học Thái Nguyên,7310109 (trước 2023),Kinh tế tài chính,A00 | C01 | C14 | D01,17.5,
DTC,Đại học Công Nghệ Thông Tin và Truyền Thông - Đại học Thái Nguyên,7480103_KNU,Kỹ thuật phần mềm (CT đào tạo liên kết quốc tế),A00 | C01 | C14 | D01,19.5,
DTC,Đại học Công Nghệ Thông Tin và Truyền Thông - Đại học Thái Nguyên,7520212,Kỹ thuật y sinh,A00 | C01 | C14 | D01,16.5,
DTC,Đại học Công Nghệ Thông Tin và Truyền Thông - Đại học Thái Nguyên,7520119,Kỹ thuật cơ điện tử thông minh và robot,A00 | C01 | C14 | D01,16,
DTC,Đại học Công Nghệ Thông Tin và Truyền Thông - Đại học Thái Nguyên,7480103,Kỹ thuật phần mềm,A00 | C01 | C14 | D01,16,
DTC,Đại học Công Nghệ Thông Tin và Truyền Thông - Đại học Thái Nguyên,7480102,Mạng máy tính và truyền thông dữ liệu,A00 | C01 | C14 | D01,16.5,
DTC,Đại học Công Nghệ Thông Tin và Truyền Thông - Đại học Thái Nguyên,7340122_TD,Marketing số,A00 | C01 | C14 | D01,17,
DTC,Đại học Công Nghệ Thông Tin và Truyền Thông - Đại học Thái Nguyên,7340406,Quản trị văn phòng,A00 | C01 | C14 | D01,16,
DTC,Đại học Công Nghệ Thông Tin và Truyền Thông - Đại học Thái Nguyên,7210403,Thiết kế đồ họa,A00 | C01 | C14 | D01,16.5,
DTC,Đại học Công Nghệ Thông Tin và Truyền Thông - Đại học Thái Nguyên,7340122,Thương mại điện tử,A00 | C01 | C14 | D01,17,
DTC,Đại học Công Nghệ Thông Tin và Truyền Thông - Đại học Thái Nguyên,7320104,Truyền thông đa phương tiện,A00 | C01 | C14 | D01,16,
YDS,Đại học Y Dược TP HCM,7720501_02 (trước 2023),Điều dưỡng chuyên ngành Hộ sinh (Chỉ tuyển nữ),B00,26.75,Sửa tên: Ngành Răng - Hàm - Mặt kết hợp chứng chỉ tiếng Anh quốc tế
YDS,Đại học Y Dược TP HCM,7720301_04,Điều dưỡng (Kết hợp chứng chỉ tiếng Anh quốc tế),A00 | B00,21.6,
YDS,Đại học Y Dược TP HCM,7720501_02 (trước 2023),Điều dưỡng chuyên ngành Hộ sinh (Chỉ tuyển nữ),B00,26.96,
YDS,Đại học Y Dược TP HCM,7720301,Điều dưỡng,A00 | B00,23.15,
YDS,Đại học Y Dược TP HCM,7720301_03,Điều dưỡng chuyên ngành Gây mê hồi sức,A00 | B00,23.88,
YDS,Đại học Y Dược TP HCM,7720401_02,Dinh dưỡng (kết hợp sơ tuyển chứng chỉ tiếng Anh quốc tế),A00 | B00,21.45,
YDS,Đại học Y Dược TP HCM,7720401,Dinh dưỡng,A00 | B00,23.4,
YDS,Đại học Y Dược TP HCM,7720201,Dược học,A00 | B00,25.5,
YDS,Đại học Y Dược TP HCM,7720201_02,Dược học (Kết hợp chứng chỉ tiếng Anh quốc tế),A00 | B00,24,
YDS,Đại học Y Dược TP HCM,7720302,Hộ sinh,A00 | B00,21.35,
YDS,Đại học Y Dược TP HCM,7720302_02,Hộ sinh (Kết hợp sơ tuyển chứng chỉ tiếng Anh quốc tế),A00 | B00,23,
YDS,Đại học Y Dược TP HCM,7720502,Kỹ thuật phục hình răng,A00 | B00,24.54,
YDS,Đại học Y Dược TP HCM,7720603,Kỹ thuật phục hồi chức năng,A00 | B00,23.35,
YDS,Đại học Y Dược TP HCM,7720601,Kỹ thuật xét nghiệm y học,A00 | B00,24.59,
YDS,Đại học Y Dược TP HCM,7720502_02,Kỹ thuật phục hình răng (kết hợp sơ tuyển chứng chỉ tiếng Anh quốc tế),A00 | B00,22.55,
YDS,Đại học Y Dược TP HCM,7720602,Kỹ thuật hình ảnh y học,A00 | B00,23.85,
YDS,Đại học Y Dược TP HCM,7720501,Răng- Hàm -Mặt,B00,26.96,
YDS,Đại học Y Dược TP HCM,7720701,Y tế công cộng,A00 | B00,19,
YDS,Đại học Y Dược TP HCM,7720110,Y học dự phòng,B00,22.65,
YDS,Đại học Y Dược TP HCM,7720115,Y học cổ truyền,B00,24.54,
YDS,Đại học Y Dược TP HCM,7720101_02,Y khoa (có CC Tiếng Anh),B00,27.1,
YDS,Đại học Y Dược TP HCM,7720110_02,Y học dự phòng (kết hợp sơ tuyển chứng chỉ tiếng Anh quốc tế),A00 | B00,23.45,
YDS,Đại học Y Dược TP HCM,7720701_02,Y tế công cộng (kết hợp sơ tuyển chứng chỉ tiếng Anh quốc tế),A00 | B00,19,
YDS,Đại học Y Dược TP HCM,7720115_02,Y học cổ truyền (kết hợp sơ tuyển chứng chỉ tiếng Anh quốc tế),B00,23.5,
YDS,Đại học Y Dược TP HCM,7720101,Y khoa,B00,27.34,
LAH,Trường Sĩ Quan Lục Quân 1 - Đại học Trần Quốc Tuấn,7860201|21A01,Chỉ huy tham mưu Lục quân (Nam - miền Bắc),A01,21.1,
LAH,Trường Sĩ Quan Lục Quân 1 - Đại học Trần Quốc Tuấn,7860201|21A00,Chỉ huy tham mưu Lục quân (Nam - miền Bắc),A00,21.1,
TDL,Đại học Đà Lạt,7540101,Công nghệ thực phẩm,A00 | A02 | B00 | D07,16,
TDL,Đại học Đà Lạt,7480201,Công nghệ thông tin,A00 | A01 | D07 | D90,16,
TDL,Đại học Đà Lạt,7760101,Công tác xã hội,C00 | C20 | D01 | D14,16,
TDL,Đại học Đà Lạt,7540104,Công nghệ sau thu hoạch,A00 | B00 | B08 | D90,16,
TDL,Đại học Đà Lạt,7510303,Công nghệ kỹ thuật điều khiển và tự động hóa,A00 | A01 | A12 | D90,16,
TDL,Đại học Đà Lạt,7510406,Công nghệ kỹ thuật Môi trường,A00 | B00 | D07 | D90,16,
TDL,Đại học Đà Lạt,7420201,Công nghệ sinh học,A00 | B00 | B08 | D90,16,
TDL,Đại học Đà Lạt,7760104,Dân số và phát triển,C00 | C20 | D01 | D14,16,
TDL,Đại học Đà Lạt,7510302,Điện tử - viễn thông,A00 | A01 | A12 | D90,16,
TDL,Đại học Đà Lạt,7310608,Đông phương học,C00 | D01 | D78 | D96,16.5,
TDL,Đại học Đà Lạt,7140202,Giáo dục Tiểu học,A16 | C14 | C15 | D01,25.25,
TDL,Đại học Đà Lạt,7440112,Hóa học,A00 | B00 | D07 | D90,16,
TDL,Đại học Đà Lạt,7720203,Hoá dược,A00 | B00 | D07 | D90,16,
TDL,Đại học Đà Lạt,7340301,Kế toán,A00 | A01 | D01 | D96,16,
TDL,Đại học Đà Lạt,7480109,Khoa học Dữ liệu,A00 | A01 | D07 | D90,16,
TDL,Đại học Đà Lạt,7520402,Kỹ thuật hạt nhân,A00 | A01 | D01 | D90,16,
TDL,Đại học Đà Lạt,7229010,Lịch sử,C00 | C19 | C20 | D14,16,
TDL,Đại học Đà Lạt,7380104,Luật hình sự và tố tụng hình sự,A00,16,
TDL,Đại học Đà Lạt,7380101,Ngành Luật,A00 | C00 | C20 | D01,18,
TDL,Đại học Đà Lạt,7220201,Ngôn ngữ Anh,D01 | D72 | D96,16.5,
TDL,Đại học Đà Lạt,7620109,Nông học,B00 | B08 | D07 | D90,16,
TDL,Đại học Đà Lạt,7810103,Quản trị dịch vụ du lịch và lữ hành,C00 | C20 | D01 | D78,18,
TDL,Đại học Đà Lạt,7340101,Quản trị Kinh doanh,A00 | A01 | D01 | D96,18,
TDL,Đại học Đà Lạt,7310601,Quốc tế học,C00 | C20 | D01 | D78,16,
TDL,Đại học Đà Lạt,7420101,Sinh hoc,A00 | B00 | B08 | D90,16,
TDL,Đại học Đà Lạt,7140213,Sư phạm Sinh học,A00 | B00 | B08 | D90,20.25,
TDL,Đại học Đà Lạt,7140212,Sư phạm Hóa học,A00 | B00 | D07 | D90,24,
TDL,Đại học Đà Lạt,7140218,Sư phạm Lịch sử,C00 | C19 | C20 | D14,26.75,
TDL,Đại học Đà Lạt,7140210,Sư phạm Tin học (Chuyên ngành Tin học – Công nghệ Tiểu học),A00 | A01 | D07 | D90,19,
TDL,Đại học Đà Lạt,7140217,Sư phạm Ngữ văn,C00 | C20 | D14 | D15,26,
TDL,Đại học Đà Lạt,7140209,Sư phạm Toán học,A00 | A01 | D07 | D90,26.5,
TDL,Đại học Đà Lạt,7140231,Sư phạm Tiếng Anh,D01 | D72 | D96,27,
TDL,Đại học Đà Lạt,7140211,Sư phạm Vật lý,A00 | A01 | A12 | D90,24,
TDL,Đại học Đà Lạt,7340201,Tài chính – Ngân hàng,A00 | A01 | D01 | D96,16,
TDL,Đại học Đà Lạt,7460101,Toán học,A00 | A01 | D07 | D90,16,
TDL,Đại học Đà Lạt,7310612,Trung Quốc học,C00 | C20 | D14 | D15,16,
TDL,Đại học Đà Lạt,7810106,Văn hóa Du lịch,C00 | C20 | D14 | D15,16,
TDL,Đại học Đà Lạt,7229030,Văn học,C00 | C20 | D14 | D15,16,
TDL,Đại học Đà Lạt,7440102,Vật lý học,A00 | A01 | A12 | D90,16,
TDL,Đại học Đà Lạt,7310630D,Việt Nam học,C00 | C20 | D14 | D15,16,
TDL,Đại học Đà Lạt,7310301,Xã hội học,C00 | C20 | D01 | D14,16,
DVX,Đại học Công Nghệ Vạn Xuân,7420201,Công nghệ sinh học,C08,15,
DVX,Đại học Công Nghệ Vạn Xuân,7480201,Công nghệ thông tin,A00,15,
DVX,Đại học Công Nghệ Vạn Xuân,7340301,Kế toán,A00,15,
DVX,Đại học Công Nghệ Vạn Xuân,7580201,Kỹ thuật xây dựng,A00 | A01 | C01 | D07,15,
DVX,Đại học Công Nghệ Vạn Xuân,7220201,Ngôn ngữ Anh,D01,15,
DVX,Đại học Công Nghệ Vạn Xuân,7810201,Quản trị khách sạn,C00,15,
DVX,Đại học Công Nghệ Vạn Xuân,7340101,Quản trị Kinh doanh,A12,15,
DVX,Đại học Công Nghệ Vạn Xuân,7340201,Tài chính – Ngân hàng,A00 | A01 | D01 | D90,15,
TQU,Đại học Tân Trào,7480201,Công nghệ thông tin,A00,15,
TQU,Đại học Tân Trào,7760101,Công tác xã hội,C00,15,
TQU,Đại học Tân Trào,7720301,Điều dưỡng,B00,19,
TQU,Đại học Tân Trào,7720201,Dược học,A00,21,
TQU,Đại học Tân Trào,51140201,Giáo dục Mầm non,C00,17,
TQU,Đại học Tân Trào,7140202,Giáo dục Tiểu học,A00,23.94,
TQU,Đại học Tân Trào,7140201,Giáo dục Mầm non,C00,19,
TQU,Đại học Tân Trào,7340301,Kế toán,A00,15,
TQU,Đại học Tân Trào,7620110,Khoa học cây trồng,A00 | B00,15,
TQU,Đại học Tân Trào,7620205,Lâm sinh,A02,15,
TQU,Đại học Tân Trào,7810103,Quản trị dịch vụ du lịch và lữ hành,C00,15,
TQU,Đại học Tân Trào,7229042,Quản lý văn hoá,C00,15,
TQU,Đại học Tân Trào,7140217,Sư phạm Ngữ văn,C00,24.5,
TQU,Đại học Tân Trào,7140213,Sư phạm Sinh học,A00,19,
TQU,Đại học Tân Trào,7140247,Sư phạm khoa học tự nhiên,A00,19,
TQU,Đại học Tân Trào,7140209,Sư phạm Toán học,A00,20.45,
GHA,Đại học Giao thông Vận tải ( Cơ sở Phía Bắc ),7510104,Công nghệ kỹ thuật giao thông (chuyên ngành Xây dựng cầu đường),A00 | A01 | D01 | D07,22.75,
GHA,Đại học Giao thông Vận tải ( Cơ sở Phía Bắc ),7480201QT,Công nghệ thông tin (CT Chất lượng cao Công nghệ thông tin Việt - Anh),A00 | A01 | D07,24.03,
GHA,Đại học Giao thông Vận tải ( Cơ sở Phía Bắc ),7480201,Công nghệ thông tin,A00 | A01 | D07,25.38,
GHA,Đại học Giao thông Vận tải ( Cơ sở Phía Bắc ),7460112,ĐH Toán ứng dụng,A00 | A01 | D07,22.55,
GHA,Đại học Giao thông Vận tải ( Cơ sở Phía Bắc ),7520219,Hệ thống giao thông thông minh,A00 | A01 | D01 | D07,21.45,
GHA,Đại học Giao thông Vận tải ( Cơ sở Phía Bắc ),7340301QT,Kế toán (Chương trình chất lượng cao Kế toán tổng hợp Việt - Anh),A00 | A01 | D01 | D07,23.48,
GHA,Đại học Giao thông Vận tải ( Cơ sở Phía Bắc ),7340301,Kế toán,A00 | A01 | D01 | D07,24.77,
GHA,Đại học Giao thông Vận tải ( Cơ sở Phía Bắc ),7840101,Khai thác vận tải,A00 | A01 | D01 | D07,24.4,
GHA,Đại học Giao thông Vận tải ( Cơ sở Phía Bắc ),7480101,Khoa học máy tính,A00 | A01 | D07,25.24,
GHA,Đại học Giao thông Vận tải ( Cơ sở Phía Bắc ),7310101,Kinh tế,A00 | A01 | D01 | D07,24.96,
GHA,Đại học Giao thông Vận tải ( Cơ sở Phía Bắc ),7580301,Kinh tế xây dựng,A00 | A01 | D01 | D07,23.98,
GHA,Đại học Giao thông Vận tải ( Cơ sở Phía Bắc ),7580301QT,Kinh tế xây dựng (Chương trình chất lượng cao Kinh tế xây dựng công trình Giao thông Việt - Anh),A00 | A01 | D01 | D07,22.7,
GHA,Đại học Giao thông Vận tải ( Cơ sở Phía Bắc ),7520218,Kỹ thuật Robot và trí tuệ nhân tạo,A00 | A01 | D01 | D07,24.34,
GHA,Đại học Giao thông Vận tải ( Cơ sở Phía Bắc ),7580201,Kỹ thuật xây dựng,A00 | A01 | D01 | D07,22.2,
GHA,Đại học Giao thông Vận tải ( Cơ sở Phía Bắc ),7520116,Kỹ thuật cơ khí động lực,A00 | A01 | D01 | D07,22.85,
GHA,Đại học Giao thông Vận tải ( Cơ sở Phía Bắc ),7580205QT,Kỹ thuật xây dựng công trình giao thông (Chương trình tiên tiến) - khối A1,A00 | A01 | D07,18.9,
GHA,Đại học Giao thông Vận tải ( Cơ sở Phía Bắc ),7520115,"Kỹ thuật nhiệt (3 chuyên ngành: Kỹ thuật điện lạnh; Máy lạnh, điều hòa không khí và thông gió; Máy lạnh và thiết bị thực phẩm)",A00 | A01 | D01 | D07,22.85,
GHA,Đại học Giao thông Vận tải ( Cơ sở Phía Bắc ),7580202,Kỹ thuật xây dựng công trình thủy,A00 | A01 | D01 | D07,18.3,
GHA,Đại học Giao thông Vận tải ( Cơ sở Phía Bắc ),7520103QT,Kỹ thuật cơ khí (CT Chất lượng cao Cơ khí ô tô Việt - Anh),A00 | A01 | D01 | D07,22.45,
GHA,Đại học Giao thông Vận tải ( Cơ sở Phía Bắc ),7520201,Kỹ thuật điện,A00 | A01 | D07,23.72,
GHA,Đại học Giao thông Vận tải ( Cơ sở Phía Bắc ),7520103,Kỹ thuật cơ khí,A00 | A01 | D01 | D07,23.79,
GHA,Đại học Giao thông Vận tải ( Cơ sở Phía Bắc ),7580210,Kỹ thuật cơ sở hạ tầng,A00 | A01 | D01 | D07,21.6,
GHA,Đại học Giao thông Vận tải ( Cơ sở Phía Bắc ),7520130,Kỹ thuật ô tô,A00 | A01 | D01 | D07,24.87,
GHA,Đại học Giao thông Vận tải ( Cơ sở Phía Bắc ),7580205,Kỹ thuật xây dựng công trình giao thông,A00 | A01 | D01 | D07,19.25,
GHA,Đại học Giao thông Vận tải ( Cơ sở Phía Bắc ),7520114,Kỹ thuật cơ điện tử,A00 | A01 | D01 | D07,24.87,
GHA,Đại học Giao thông Vận tải ( Cơ sở Phía Bắc ),7510605,Logistics và Quản lý chuỗi cung ứng,A00 | A01 | D01 | D07,26.15,
GHA,Đại học Giao thông Vận tải ( Cơ sở Phía Bắc ),7840104,Ngành Kinh tế vận tải,A00 | A01 | D01 | D07,24.35,
GHA,Đại học Giao thông Vận tải ( Cơ sở Phía Bắc ),7520216,Ngành Kỹ thuật điều khiển & Tự động hóa,A00 | A01 | D07,25.19,
GHA,Đại học Giao thông Vận tải ( Cơ sở Phía Bắc ),7520207,Ngành Kỹ thuật điện tử truyền thông,A00 | A01 | D07,24.26,
GHA,Đại học Giao thông Vận tải ( Cơ sở Phía Bắc ),7520320,Ngành Kỹ thuật môi trường,A00 | B00 | D01 | D07,21.9,
GHA,Đại học Giao thông Vận tải ( Cơ sở Phía Bắc ),7340101,Quản trị Kinh doanh,A00 | A01 | D01 | D07,24.77,
GHA,Đại học Giao thông Vận tải ( Cơ sở Phía Bắc ),7810103,Quản trị dịch vụ du lịch và lữ hành,A00 | A01 | D01 | D07,23.8,
GHA,Đại học Giao thông Vận tải ( Cơ sở Phía Bắc ),7580302QT,Quản lý xây dựng CLC Việt - Anh,A00 | A01 | D01 | D07,20.5,
GHA,Đại học Giao thông Vận tải ( Cơ sở Phía Bắc ),7340101QT,Quản trị kinh doanh (liên kết quốc tế do Đại học Troy - Hoa Kỳ cấp bằng),A00 | A01 | D01 | D07,23.85,
GHA,Đại học Giao thông Vận tải ( Cơ sở Phía Bắc ),7580302,Quản lý xây dựng,A00 | A01 | D01 | D07,23.51,
GHA,Đại học Giao thông Vận tải ( Cơ sở Phía Bắc ),7580106,Quản lý đô thị và công trình,A00 | A01 | D01 | D07,22.55,
GHA,Đại học Giao thông Vận tải ( Cơ sở Phía Bắc ),7340201,Tài chính – Ngân hàng,A00 | A01 | D01 | D07,25.1,
GHA,Đại học Giao thông Vận tải ( Cơ sở Phía Bắc ),7580201QT,Xây dựng (Tongmyong - Hàn Quốc),A00 | A01 | D01 | D07,20.9,
DPY,Đại học Phú Yên,7140202,Giáo dục Tiểu học,A00,23.5,
DPY,Đại học Phú Yên,7140209,Sư phạm Toán học,A00,24,
DPY,Đại học Phú Yên,7140217,Sư phạm Ngữ văn,C00,23.2,
HLU,Đại học Hạ Long,7480201,Công nghệ thông tin,A00 | A01 | D01 | D07,15,
HLU,Đại học Hạ Long,7620301,ĐH Nuôi trồng thủy sản,A00 | A01 | B00 | D01,15,
HLU,Đại học Hạ Long,7140202,Giáo dục Tiểu học,C04 | D01 | D10 | D15,23,
HLU,Đại học Hạ Long,51140201,Giáo dục Mầm non,A09 | C00 | C14 | C20,15,
HLU,Đại học Hạ Long,7140201,Giáo dục Mầm non,A09 | C00 | C14 | C20,20,
HLU,Đại học Hạ Long,7480101,Khoa học máy tính,A00 | A01 | D01 | D07,15,
HLU,Đại học Hạ Long,7220204,Ngôn ngữ Trung Quốc,A01 | D01 | D04 | D78,18,
HLU,Đại học Hạ Long,7220201,Ngôn ngữ Anh,A01 | D01 | D15 | D78,15,
HLU,Đại học Hạ Long,7220210,Ngôn ngữ Hàn Quốc,A01 | D01 | D78,15,
HLU,Đại học Hạ Long,7220209,Ngôn ngữ Nhật,A01 | D01 | D06 | D78,15,
HLU,Đại học Hạ Long,7810103,Quản trị dịch vụ du lịch và lữ hành,A00 | A01 | D01 | D10,15,
HLU,Đại học Hạ Long,7810202,Quản trị nhà hàng và dịch vụ ăn uống,A01 | C00 | D01 | D15,15,
HLU,Đại học Hạ Long,7340101,Quản trị Kinh doanh,A00 | A01 | D01 | D10,15,
HLU,Đại học Hạ Long,7850101,Quản lý tài nguyên và môi trường,A00 | B00 | D01 | D10,15,
HLU,Đại học Hạ Long,7810201,Quản trị khách sạn,A00 | A01 | D01 | D10,15,
HLU,Đại học Hạ Long,7229042,Quản lý văn hoá,C00 | C04 | D01 | D15,15,
HLU,Đại học Hạ Long,7210403,Thiết kế đồ họa,A00 | C01 | C14 | D01,15,
HLU,Đại học Hạ Long,7229030,Văn học,C00 | C04 | D01 | D15,15,
TDM,Đại học Thủ Dầu Một,7540101,Công nghệ thực phẩm,A00,17,
TDM,Đại học Thủ Dầu Một,7420201,Công nghệ sinh học,A00,15.5,
TDM,Đại học Thủ Dầu Một,7510205,Công nghệ kỹ thuật ô tô,A00,20,
TDM,Đại học Thủ Dầu Một,7480201,Công nghệ thông tin,A00,18.25,
TDM,Đại học Thủ Dầu Một,7760101,Công tác xã hội,C00,17.25,
TDM,Đại học Thủ Dầu Một,7810101,Du lịch,D01,18.5,
TDM,Đại học Thủ Dầu Một,7140202,Giáo dục Tiểu học,A00,23.75,
TDM,Đại học Thủ Dầu Một,7140201,Giáo dục Mầm non,M00,19,
TDM,Đại học Thủ Dầu Một,7440112,Hóa học,A00,15.5,
TDM,Đại học Thủ Dầu Một,7340301,Kế toán,A00,21,
TDM,Đại học Thủ Dầu Một,7340302,Kiểm toán,A00,18,
TDM,Đại học Thủ Dầu Một,7580101,Kiến trúc,V00,16,
TDM,Đại học Thủ Dầu Một,7520201,Kỹ thuật điện,A00,16,
TDM,Đại học Thủ Dầu Một,7520114,Kỹ thuật cơ điện tử,A00,16,
TDM,Đại học Thủ Dầu Một,7580201,Kỹ thuật xây dựng,A00,16,
TDM,Đại học Thủ Dầu Một,7480103,Kỹ thuật phần mềm,A00,16,
TDM,Đại học Thủ Dầu Một,7510605,Logistics và Quản lý chuỗi cung ứng,A00,21.75,
TDM,Đại học Thủ Dầu Một,7340115,Marketing,A00,22.5,
TDM,Đại học Thủ Dầu Một,7520216,Ngành Kỹ thuật điều khiển & Tự động hóa,A00,16,
TDM,Đại học Thủ Dầu Một,7380101,Ngành Luật,C14,23.25,
TDM,Đại học Thủ Dầu Một,7520320,Ngành Kỹ thuật môi trường,A00,15.5,
TDM,Đại học Thủ Dầu Một,7220204,Ngôn ngữ Trung Quốc,D01,22.75,
TDM,Đại học Thủ Dầu Một,7220201,Ngôn ngữ Anh,D01,20.5,
TDM,Đại học Thủ Dầu Một,7220210,Ngôn ngữ Hàn Quốc,D01,21,
TDM,Đại học Thủ Dầu Một,7310205,Quản lý nhà nước,C14,18,
TDM,Đại học Thủ Dầu Một,7510601,Quản lý công nghiệp,A00,18,
TDM,Đại học Thủ Dầu Một,7850103,Quản lý đất đai,A00,15.5,
TDM,Đại học Thủ Dầu Một,7340101,Quản trị Kinh doanh,A00,19.25,
TDM,Đại học Thủ Dầu Một,7310206,Quan hệ quốc tế,A00,18.5,
TDM,Đại học Thủ Dầu Một,7850101,Quản lý tài nguyên và môi trường,A00,15.5,
TDM,Đại học Thủ Dầu Một,7140217,Sư phạm Ngữ văn,C00,23.75,
TDM,Đại học Thủ Dầu Một,7340201,Tài chính – Ngân hàng,A00,19.25,
TDM,Đại học Thủ Dầu Một,7310401,Tâm lý học,C00,22.25,
TDM,Đại học Thủ Dầu Một,7210403,Thiết kế đồ họa,V00,21.75,
TDM,Đại học Thủ Dầu Một,7340122,Thương mại điện tử,A00,21.5,
TDM,Đại học Thủ Dầu Một,7460101,Toán học,A00,15.55,
TDM,Đại học Thủ Dầu Một,7320104,Truyền thông đa phương tiện,C00,23,
DNU,Đại học Đồng Nai,7510301,"Công nghệ kỹ thuật điện, điện tử",A00 | A01 | D01 | D90,15,
DNU,Đại học Đồng Nai,7140201,Giáo dục Mầm non,M05 | M07 | M08 | M13,19,
DNU,Đại học Đồng Nai,51140201,Giáo dục Mầm non,M05 | M07 | M08 | M13,17,
DNU,Đại học Đồng Nai,7140202,Giáo dục Tiểu học,A00 | A01 | C00 | D90,22.25,
DNU,Đại học Đồng Nai,7340301,Kế toán,A00 | A01 | D01,19.25,
DNU,Đại học Đồng Nai,7520103,Kỹ thuật cơ khí,A00 | A01 | D01 | D90,15,
DNU,Đại học Đồng Nai,7220201,Ngôn ngữ Anh,A01 | D01,21.75,
DNU,Đại học Đồng Nai,7340101,Quản trị Kinh doanh,A00 | A01 | D01,19.75,
DNU,Đại học Đồng Nai,7140209,Sư phạm Toán học,A00 | A01 | C01 | D07,24.75,
DNU,Đại học Đồng Nai,7140231,Sư phạm Tiếng Anh,A01 | D01,24.25,
DNU,Đại học Đồng Nai,7140217,Sư phạm Ngữ văn,C00 | D01 | D14,23.5,
DCV,Đại học Công nghiệp Vinh,7510201,Công nghệ kỹ thuật cơ khí (chuyên ngành Cơ khí chế tạo),A00,15,
DCV,Đại học Công nghiệp Vinh,7540101,Công nghệ thực phẩm,A00,15,
DCV,Đại học Công nghiệp Vinh,7510301,"Công nghệ kỹ thuật điện, điện tử",A00,15,
DCV,Đại học Công nghiệp Vinh,7510303,Công nghệ kỹ thuật điều khiển và tự động hóa,A00,15,
DCV,Đại học Công nghiệp Vinh,7480201,Công nghệ thông tin,A00,15,
DCV,Đại học Công nghiệp Vinh,7340301,Kế toán,A00,15,
DCV,Đại học Công nghiệp Vinh,7810201,Quản trị khách sạn,A00,15,
DCV,Đại học Công nghiệp Vinh,7810103,Quản trị dịch vụ du lịch và lữ hành,A00,15,
DHQ,Phân Hiệu Đại học Huế tại Quảng Trị,7510406,Công nghệ kỹ thuật Môi trường,A09 | B00 | B04 | D07,15,
DHQ,Phân Hiệu Đại học Huế tại Quảng Trị,7580301,Kinh tế xây dựng,A00 | A01 | C01 | D01,15,
DHQ,Phân Hiệu Đại học Huế tại Quảng Trị,7520201,Kỹ thuật điện,A00 | A01 | D01,15,
DHQ,Phân Hiệu Đại học Huế tại Quảng Trị,7580201,Kỹ thuật xây dựng,A00 | A01 | D01,15,
DHQ,Phân Hiệu Đại học Huế tại Quảng Trị,7520216,Ngành Kỹ thuật điều khiển & Tự động hóa,A00 | A01 | D01,15,
HTC,Học viện Tài chính,7340201C06,Hải quan & Logistics,A01 | D01 | D07,35.51,
HTC,Học viện Tài chính,7340405,Hệ thống thông tin,A00 | A01 | D01 | D07,25.94,
HTC,Học viện Tài chính,7340301C21,Kế toán doanh nghiệp,A01 | D01 | D07,34.1,
HTC,Học viện Tài chính,7340301,Kế toán,A00 | A01 | D01 | D07,26.15,
HTC,Học viện Tài chính,7340301C22,Kiểm toán,A01 | D01 | D07,34.75,
HTC,Học viện Tài chính,7310101,Kinh tế,A01 | D01 | D07,25.85,
HTC,Học viện Tài chính,7220201,Ngôn ngữ Anh,A01 | D01 | D07,34.4,
HTC,Học viện Tài chính,7340201C09,Phân tích tài chính,A01 | D01 | D07,34.6,
HTC,Học viện Tài chính,7340101,Quản trị Kinh doanh,A00 | A01 | D01 | D07,26.17,
HTC,Học viện Tài chính,73402011,Tài chính - Ngân hàng 1,A00 | A01 | D01 | D07,25.94,
HTC,Học viện Tài chính,73402013,Tài chính - Ngân hàng 3,A00 | A01 | D01 | D07,25.8,
HTC,Học viện Tài chính,73402012,Tài chính - Ngân hàng 2,A00 | A01 | D01 | D07,26.04,
HTC,Học viện Tài chính,7340201C11,Tài chính doanh nghiệp,A01 | D01 | D07,34.25,
DKS,Đại học Kiểm sát Hà Nội,7380101|11A01,Luật (Nữ - Phía Bắc),A01,23.14,
DKS,Đại học Kiểm sát Hà Nội,7380101|22C00,Luật (Nam - Phía Nam),C00,21.5,
DKS,Đại học Kiểm sát Hà Nội,7380101|21D01,Luật (Nam - Phía Bắc),D01,23.43,
DKS,Đại học Kiểm sát Hà Nội,7380101|12C00,Luật (Nữ - Phía Nam),C00,25.33,
DKS,Đại học Kiểm sát Hà Nội,7380101|22A01,Luật (Nam - Phía Nam),A01,20.15,
DKS,Đại học Kiểm sát Hà Nội,7380101|21C00,Luật (Nam - Phía Bắc),C00,26.18,
DKS,Đại học Kiểm sát Hà Nội,7380101|12A00,Luật (Nữ - Phía Nam),A00,20.35,
DKS,Đại học Kiểm sát Hà Nội,7380101|11D01,Luật (Nữ - Phía Bắc),D01,25.6,
DKS,Đại học Kiểm sát Hà Nội,7380101|21A00,Luật (Nam - Phía Bắc),A00,21.8,
DKS,Đại học Kiểm sát Hà Nội,7380101|11C00,Luật (Nữ - Phía Bắc),C00,27.15,
DKS,Đại học Kiểm sát Hà Nội,7380101|22D01,Luật (Nam - Phía Nam),D01,22.3,
DKS,Đại học Kiểm sát Hà Nội,7380101|11A00,Luật (Nữ - Phía Bắc),A00,23.09,
DKS,Đại học Kiểm sát Hà Nội,7380101|12A01,Luật (Nữ - Phía Nam),A01,20.05,
DKS,Đại học Kiểm sát Hà Nội,7380101|12D01,Luật (Nữ - Phía Nam),D01,21.25,
DKS,Đại học Kiểm sát Hà Nội,7380101|22A00,Luật (Nam - Phía Nam),A00,20.1,
DKS,Đại học Kiểm sát Hà Nội,7380101|21A01,Luật (Nam - Phía Bắc),A01,23.28,
YHB,Đại học Y Hà Nội,7720301,Điều dưỡng,B00,24,
YHB,Đại học Y Hà Nội,7720301_AP,Điều dưỡng chương trình tiên tiến (kết hợp chứng chỉ ngoại ngữ quốc tế),B00,21,
YHB,Đại học Y Hà Nội,7720301YHT,Điều dưỡng phân hiệu Thanh Hóa,B00,19,
YHB,Đại học Y Hà Nội,7720401,Dinh dưỡng,B00,23.19,
YHB,Đại học Y Hà Nội,7720699,Khúc xạ nhãn khoa,B00,25.4,
YHB,Đại học Y Hà Nội,7720603,Kỹ thuật phục hồi chức năng,B00,22.7,
YHB,Đại học Y Hà Nội,7720601,Kỹ thuật xét nghiệm y học,B00,24.85,
YHB,Đại học Y Hà Nội,7720501_AP,Răng - Hàm - Mặt (kết hợp chứng chỉ ngoại ngữ quốc tế),B00,25.5,
YHB,Đại học Y Hà Nội,7720501,Răng- Hàm -Mặt,B00,27.5,
YHB,Đại học Y Hà Nội,7720101YHT,Y khoa phân hiệu Thanh Hóa,B00,26.39,
YHB,Đại học Y Hà Nội,7720101_AP,Y khoa (kết hợp chứng chỉ Ngoại ngữ quốc tế),B00,26,
YHB,Đại học Y Hà Nội,7720110,Y học dự phòng,B00,22.3,
YHB,Đại học Y Hà Nội,7720101YHT_AP,Y khoa phân hiệu Thanh Hóa kết hợp chứng chỉ quốc tế,B00,24.25,
YHB,Đại học Y Hà Nội,7720115,Y học cổ truyền,B00,24.77,
YHB,Đại học Y Hà Nội,7720701,Y tế công cộng,B00,20.7,
YHB,Đại học Y Hà Nội,7720101,Y khoa,B00,27.73,
VHH,Đại học Văn hóa Hà Nội,7320305,Bảo tàng học,A00 | A16 | D01 | D78 | D96,21.83,
VHH,Đại học Văn hóa Hà Nội,7320101,Báo chí,C00,26.85,
VHH,Đại học Văn hóa Hà Nội,7320305,Bảo tàng học,C00,22.83,
VHH,Đại học Văn hóa Hà Nội,7320101,Báo chí,A00 | A16 | D01 | D78 | D96,25.85,
VHH,Đại học Văn hóa Hà Nội,7810101B,"Du lịch - Lữ hành, Hướng dẫn du lịch",A00 | A16 | D01 | D78 | D96,24.8,
VHH,Đại học Văn hóa Hà Nội,7810101B,"Du lịch - Lữ hành, Hướng dẫn du lịch",C00,25.8,
VHH,Đại học Văn hóa Hà Nội,7810101A,Du lịch - Văn hóa du lịch,C00,25.41,
VHH,Đại học Văn hóa Hà Nội,7810101C,Du lịch - Hướng dẫn du lịch quốc tế,A00 | A16 | D01 | D78 | D96,31.4,
VHH,Đại học Văn hóa Hà Nội,7810101A,Du lịch - Văn hóa du lịch,A00 | A16 | D01 | D78 | D96,24.41,
VHH,Đại học Văn hóa Hà Nội,7320402,Kinh doanh xuất bản phẩm,C00,23,
VHH,Đại học Văn hóa Hà Nội,7320402,Kinh doanh xuất bản phẩm,A00 | A16 | D01 | D78 | D96,22,
VHH,Đại học Văn hóa Hà Nội,7380101,Ngành Luật,C00,25.17,
VHH,Đại học Văn hóa Hà Nội,7380101,Ngành Luật,A00 | A16 | D01 | D78 | D96,24.17,
VHH,Đại học Văn hóa Hà Nội,7220201,Ngôn ngữ Anh,A00 | A16 | D01 | D78 | D96,32.93,
VHH,Đại học Văn hóa Hà Nội,7229042C,Quản lý di sản văn hoá,C00,23.23,
VHH,Đại học Văn hóa Hà Nội,7229042A,"Quản lý văn hóa, chuyên ngành (1) Quản lý hoạt động Văn hóa Xã hội",A00 | A16 | D01 | D78 | D96,22.96,
VHH,Đại học Văn hóa Hà Nội,7810103,Quản trị dịch vụ du lịch và lữ hành,A00 | A16 | D01 | D78 | D96,25.5,
VHH,Đại học Văn hóa Hà Nội,7320205,Quản lý thông tin,A00 | A16 | D01 | D78 | D96,22.4,
VHH,Đại học Văn hóa Hà Nội,7229042E,Quản lý văn hoá - Tổ chức sự kiện văn hoá,C00,26.13,
VHH,Đại học Văn hóa Hà Nội,7810103,Quản trị dịch vụ du lịch và lữ hành,C00,26.5,
VHH,Đại học Văn hóa Hà Nội,7320205,Quản lý thông tin,C00,24.4,
VHH,Đại học Văn hóa Hà Nội,7229042C,Quản lý di sản văn hoá,A00 | A16 | D01 | D78 | D96,22.23,
VHH,Đại học Văn hóa Hà Nội,7229042E,Quản lý văn hoá - Tổ chức sự kiện văn hoá,A00 | A16 | D01 | D78 | D96,25.13,
VHH,Đại học Văn hóa Hà Nội,7229042A,"Quản lý văn hóa, chuyên ngành (1) Quản lý hoạt động Văn hóa Xã hội",C00,23.96,
VHH,Đại học Văn hóa Hà Nội,7220212B,Quốc tế học,C00,22.9,
VHH,Đại học Văn hóa Hà Nội,7220212B,Quốc tế học,A00 | A16 | D01 | D78 | D96,21.9,
VHH,Đại học Văn hóa Hà Nội,7320201,Thông tin - thư viện,A00 | A16 | D01 | D78 | D96,20.75,
VHH,Đại học Văn hóa Hà Nội,7320201,Thông tin - thư viện,C00,21.75,
VHH,Đại học Văn hóa Hà Nội,7229040B,Văn hoá học - Văn hoá truyền thông,A00 | A16 | D01 | D78 | D96,25.18,
VHH,Đại học Văn hóa Hà Nội,7220112A,Văn hoá các dân tộc thiểu số Việt Nam - Tổ chức và Quản lý văn hoá vùng dân tộc thiểu số,C00,21.7,
VHH,Đại học Văn hóa Hà Nội,7229040A,"Văn hóa học, chuyên ngành Văn hóa Việt Nam",C00,24.63,
VHH,Đại học Văn hóa Hà Nội,7229040B,Văn hoá học - Văn hoá truyền thông,C00,26.18,
VHH,Đại học Văn hóa Hà Nội,7229040C,"Văn hóa học, chuyên ngành Truyền thông Văn hóa",A00 | A16 | D01 | D78 | D96,23.68,
VHH,Đại học Văn hóa Hà Nội,7229040C,"Văn hóa học, chuyên ngành Truyền thông Văn hóa",C00,24.68,
VHH,Đại học Văn hóa Hà Nội,7220112A,Văn hoá các dân tộc thiểu số Việt Nam - Tổ chức và Quản lý văn hoá vùng dân tộc thiểu số,A00 | A16 | D01 | D78 | D96,20.7,
VHH,Đại học Văn hóa Hà Nội,7229040A,"Văn hóa học, chuyên ngành Văn hóa Việt Nam",A00 | A16 | D01 | D78 | D96,23.63,
ETU,Đại học Hòa Bình,7329001,Công nghệ đa phương tiện,A00,15,
ETU,Đại học Hòa Bình,7480201,Công nghệ thông tin,A00,15,
ETU,Đại học Hòa Bình,7720301,Điều dưỡng,A00,19.5,
ETU,Đại học Hòa Bình,7720201,Dược học,A00,21,
ETU,Đại học Hòa Bình,7340301,Kế toán,A00,15,
ETU,Đại học Hòa Bình,7510605,Logistics và Quản lý chuỗi cung ứng,A00,15,
ETU,Đại học Hòa Bình,7380107,Luật kinh tế,A00,15,
ETU,Đại học Hòa Bình,7220201,Ngôn ngữ Anh,D01,15,
ETU,Đại học Hòa Bình,7340101,Quản trị Kinh doanh,A00,15,
ETU,Đại học Hòa Bình,7810103,Quản trị dịch vụ du lịch và lữ hành,C00,15,
ETU,Đại học Hòa Bình,7810201,Quản trị khách sạn,C00,15,
ETU,Đại học Hòa Bình,7320108,Quan hệ công chúng,C00,15,
ETU,Đại học Hòa Bình,7340201,Tài chính – Ngân hàng,A00,15,
ETU,Đại học Hòa Bình,7580108,Thiết kế nội thất,H00,15,
ETU,Đại học Hòa Bình,7210403,Thiết kế đồ họa,H00,15,
ETU,Đại học Hòa Bình,7210404,Thiết kế thời trang,H00,15,
ETU,Đại học Hòa Bình,7340122,Thương mại điện tử,A00,15,
ETU,Đại học Hòa Bình,7720115,Y học cổ truyền,A00,21,
DHN,Đại học Nghệ Thuật - Đại học Huế,7210105,Điêu khắc,H00,22,
DHN,Đại học Nghệ Thuật - Đại học Huế,7210103,Hội hoạ,H00,18.5,
DHN,Đại học Nghệ Thuật - Đại học Huế,7140222,Sư phạm Mỹ thuật,H00,24,
DHN,Đại học Nghệ Thuật - Đại học Huế,7210404,Thiết kế thời trang,H00,18.5,
DHN,Đại học Nghệ Thuật - Đại học Huế,7210403,Thiết kế đồ họa,H00,18,
DHN,Đại học Nghệ Thuật - Đại học Huế,7580108,Thiết kế nội thất,H00,18.5,
DBL,Đại học Bạc Liêu,7620112,Bảo vệ thực vật,A00,15,
DBL,Đại học Bạc Liêu,7620105,Chăn nuôi,A00,15,
DBL,Đại học Bạc Liêu,7480201,Công nghệ thông tin,A00,15,
DBL,Đại học Bạc Liêu,7620301,ĐH Nuôi trồng thủy sản,A00,15,
DBL,Đại học Bạc Liêu,7340301,Kế toán,A00,16,
DBL,Đại học Bạc Liêu,7440301,Khoa học môi trường,A00,15,
DBL,Đại học Bạc Liêu,7220201,Ngôn ngữ Anh,D01,15,
DBL,Đại học Bạc Liêu,7340101,Quản trị Kinh doanh,A00,16,
DBL,Đại học Bạc Liêu,7340201,Tài chính – Ngân hàng,A00,16,
DBL,Đại học Bạc Liêu,7220101,Tiếng Việt & Văn hóa Việt Nam,C00,15,
BKA,Đại học Bách khoa Hà Nội,IT-E15,An toàn không gian số - Cyber Security (CT tiên tiến),A00 | A01,28.05,
BKA,Đại học Bách khoa Hà Nội,IT-E10,Chương trình tiên tiến Khoa học dữ liệu và Trí tuệ nhân tạo,A00 | A01,28.8,
BKA,Đại học Bách khoa Hà Nội,MS-E3,Chương trình tiên tiến KHKT Vật liệu,A00 | A01 | D07,21.5,
BKA,Đại học Bách khoa Hà Nội,ET-E9,Chương trình tiên tiến Hệ thống nhúng thông minh và IoT,A00 | A01 | D28,26.45,
BKA,Đại học Bách khoa Hà Nội,CH-E11,Chương trình tiên tiến Kỹ thuật Hóa dược,A00 | B00 | D07,23.44,
BKA,Đại học Bách khoa Hà Nội,TE-E2,Chương trình tiên tiến Kỹ thuật Ô tô,A00 | A01,25,
BKA,Đại học Bách khoa Hà Nội,ET-E4,Chương trình tiên tiến Điện tử - Viễn thông,A00 | A01,25.99,
BKA,Đại học Bách khoa Hà Nội,EM-E13,Chương trình tiên tiến Phân tích kinh doanh,A01 | D01 | D07,25.47,
BKA,Đại học Bách khoa Hà Nội,EE-E18,Chương trình tiên tiến Hệ thống điện và năng lượng tái tạo,A00 | A01,24.47,
BKA,Đại học Bách khoa Hà Nội,ME-E1,Chương trình tiên tiến Cơ điện tử,A00 | A01,25.47,
BKA,Đại học Bách khoa Hà Nội,BF-E12,Chương trình tiên tiến Kỹ thuật Thực phẩm,A00 | B00 | D07,22.7,
BKA,Đại học Bách khoa Hà Nội,ET-E5,Chương trình tiên tiến Kỹ thuật Y sinh,A00 | A01,23.7,
BKA,Đại học Bách khoa Hà Nội,EM-E14,Chương trình tiên tiến Logistics và Quản lý chuỗi cung ứng,A01 | D01 | D07,25.69,
BKA,Đại học Bách khoa Hà Nội,EE-E8,Chương trình tiên tiến Điều khiển - Tự động hóa và Hệ thống điện,A00 | A01,26.74,
BKA,Đại học Bách khoa Hà Nội,ME-NUT,Cơ điện tử - ĐH Nagaoka (Nhật Bản),A00 | A01 | D28,23.85,
BKA,Đại học Bách khoa Hà Nội,ME-GU,Cơ khí - Chế tạo máy - ĐH Griffith (Úc),A00 | A01,23.32,
BKA,Đại học Bách khoa Hà Nội,TE-EP,Cơ khí hàng không (Chương trình Việt - Pháp PFIEV),A00 | A01 | D29,23.7,
BKA,Đại học Bách khoa Hà Nội,ME-LUH,Cơ điện tử - ĐH Leibniz Hannover (Đức),A00 | A01 | D26,24.02,
BKA,Đại học Bách khoa Hà Nội,IT-EP,Công nghệ thông tin (Việt - Pháp),A00 | A01 | D29,27.32,
BKA,Đại học Bách khoa Hà Nội,IT-E6,Công nghệ thông tin Việt-Nhật,A00 | A01 | D28,27.64,
BKA,Đại học Bách khoa Hà Nội,ED2,Công nghệ giáo dục,A00 | A01 | D01,24.55,
BKA,Đại học Bách khoa Hà Nội,IT-E7,Công nghệ thông tin ICT,A00 | A01,28.16,
BKA,Đại học Bách khoa Hà Nội,MS3,Công nghệ vật liệu Polime và Compozit,A00 | A01 | D07,23.7,
BKA,Đại học Bách khoa Hà Nội,ET-LUH,Điện tử - Viễn thông - ĐH Leibniz Hannover (Đức),A00 | A01 | D26,24.3,
BKA,Đại học Bách khoa Hà Nội,MI2,Hệ thống thông tin quản lý,A00 | A01,27.06,
BKA,Đại học Bách khoa Hà Nội,CH2,Hóa học,A00 | B00 | D07,23.04,
BKA,Đại học Bách khoa Hà Nội,EM4,Kế toán,A00 | A01 | D01,25.52,
BKA,Đại học Bách khoa Hà Nội,IT1,Khoa học Máy tính,A00 | A01,29.42,
BKA,Đại học Bách khoa Hà Nội,TROY-IT,Khoa học máy tính - ĐH Troy (Hoa Kỳ),A00 | A01 | D01,24.96,
BKA,Đại học Bách khoa Hà Nội,EM1 (trước 2023),Kinh tế công nghiệp,A00,24.98,ngành Quản lý năng lượng
BKA,Đại học Bách khoa Hà Nội,BF-E19,Kỹ thuật sinh học chương trình Tiên tiến,A00 | B00 | D07,21,
BKA,Đại học Bách khoa Hà Nội,PH2,Kỹ thuật hạt nhân,A00 | A01 | A02,22.31,
BKA,Đại học Bách khoa Hà Nội,TE2,Kỹ thuật Cơ khí động lực,A00 | A01,25.31,
BKA,Đại học Bách khoa Hà Nội,ME1,Kỹ thuật Cơ điện tử,A00 | A01,26.75,
BKA,Đại học Bách khoa Hà Nội,MS1,Kỹ thuật Vật liệu,A00 | A01 | D07,23.25,
BKA,Đại học Bách khoa Hà Nội,EE1,Kỹ thuật Điện,A00 | A01,25.55,
BKA,Đại học Bách khoa Hà Nội,CH1,Kỹ thuật Hóa học,A00 | B00 | D07,23.7,
BKA,Đại học Bách khoa Hà Nội,TE1,Kỹ thuật Ô tô,A00 | A01,26.48,
BKA,Đại học Bách khoa Hà Nội,HE1,Kỹ thuật Nhiệt,A00 | A01,23.94,
BKA,Đại học Bách khoa Hà Nội,TX1,Kỹ thuật Dệt,A00 | A01 | D07,21.4,
BKA,Đại học Bách khoa Hà Nội,EV1,Kỹ thuật Môi trường,A00 | B00 | D07,21,
BKA,Đại học Bách khoa Hà Nội,CH3,Kỹ thuật in,A00 | A01 | D07,22.7,
BKA,Đại học Bách khoa Hà Nội,BF1,Kỹ thuật Sinh học,A00 | B00 | D07,24.6,
BKA,Đại học Bách khoa Hà Nội,MS2,Kỹ thuật Vi điện tử và công nghệ nano,A00 | A01 | D07,26.18,
BKA,Đại học Bách khoa Hà Nội,TE3,Kỹ thuật Hàng không,A00 | A01,25.5,
BKA,Đại học Bách khoa Hà Nội,ME2,Kỹ thuật Cơ khí,A00 | A01,24.96,
BKA,Đại học Bách khoa Hà Nội,IT2,Kỹ thuật Máy tính,A00 | A01,28.29,
BKA,Đại học Bách khoa Hà Nội,ET1,Kỹ thuật Điện tử - Viễn thông,A00 | A01,26.46,
BKA,Đại học Bách khoa Hà Nội,EE2,Kỹ thuật Điều khiển - Tự động hóa,A00 | A01,27.57,
BKA,Đại học Bách khoa Hà Nội,ET2,Kỹ thuật Y sinh,A00 | A01 | B00,25.04,
BKA,Đại học Bách khoa Hà Nội,BF2,Kỹ thuật Thực phẩm,A00 | B00 | D07,24.49,
BKA,Đại học Bách khoa Hà Nội,EM3,Quản trị kinh doanh,A00 | A01 | D01,25.83,
BKA,Đại học Bách khoa Hà Nội,EM2,Quản lý công nghiệp,A00 | A01 | D01,25.39,
BKA,Đại học Bách khoa Hà Nội,TROY-BA,Quản trị kinh doanh - ĐH Troy (Hoa Kỳ),A00 | A01 | D01,23.7,
BKA,Đại học Bách khoa Hà Nội,EV2,Quản lý Tài nguyên và Môi trường,A00 | B00 | D07,21,
BKA,Đại học Bách khoa Hà Nội,EM5,Tài chính - Ngân hàng,A00 | A01 | D01,25.75,
BKA,Đại học Bách khoa Hà Nội,FL1,Tiếng Anh KHKT và Công nghệ,D01,25.45,
BKA,Đại học Bách khoa Hà Nội,FL2,Tiếng Anh chuyên nghiệp quốc tế,D01,25.17,
BKA,Đại học Bách khoa Hà Nội,EE-EP,Tin học công nghiệp và Tự động hóa (Chương trình Việt - Pháp PFIEV),A00 | A01 | D29,25.14,
BKA,Đại học Bách khoa Hà Nội,MI1,Toán-Tin,A00 | A01,27.21,
BKA,Đại học Bách khoa Hà Nội,ET-E16,Truyền thông số và Kỹ thuật đa phương tiện (CT tiên tiến),A00 | A01,25.73,
BKA,Đại học Bách khoa Hà Nội,PH1,Vật lý kỹ thuật,A00 | A01,24.28,
BKA,Đại học Bách khoa Hà Nội,PH3,Vật lý y khoa,A00 | A01 | A02,24.02,
QHT,Đại học Khoa học tự nhiên - Đại học Quốc Gia Hà Nội,QHT97,Công nghệ quan trắc và giám sát tài nguyên môi trường,A00 | A01 | B00 | D07,20,
QHT,Đại học Khoa học tự nhiên - Đại học Quốc Gia Hà Nội,QHT15,Công nghệ kỹ thuật môi trường,A00 | A01 | B00 | D07,20,
QHT,Đại học Khoa học tự nhiên - Đại học Quốc Gia Hà Nội,QHT05,Công nghệ kỹ thuật hạt nhân,A00 | A01 | B00 | C01,21.3,
QHT,Đại học Khoa học tự nhiên - Đại học Quốc Gia Hà Nội,QHT09,Công nghệ sinh học,A00 | A02 | B00 | B08,24.05,
QHT,Đại học Khoa học tự nhiên - Đại học Quốc Gia Hà Nội,QHT07,Công nghệ kỹ thuật hoá học,A00 | B00 | D07,23.25,
QHT,Đại học Khoa học tự nhiên - Đại học Quốc Gia Hà Nội,QHT10,Địa lí tự nhiên,A00 | A01 | B00 | D10,20.3,
QHT,Đại học Khoa học tự nhiên - Đại học Quốc Gia Hà Nội,QHT18,Địa chất học,A00 | A01 | B00 | D07,20,
QHT,Đại học Khoa học tự nhiên - Đại học Quốc Gia Hà Nội,QHT17,Hải dương học,A00 | A01 | B00 | D07,20,
QHT,Đại học Khoa học tự nhiên - Đại học Quốc Gia Hà Nội,QHT06,Hoá học,A00 | B00 | D07,23.65,
QHT,Đại học Khoa học tự nhiên - Đại học Quốc Gia Hà Nội,QHT43,Hoá dược**,A00 | B00 | D07,24.6,
QHT,Đại học Khoa học tự nhiên - Đại học Quốc Gia Hà Nội,QHT16,Khí tượng và khí hậu học,A00 | A01 | B00 | D07,20,
QHT,Đại học Khoa học tự nhiên - Đại học Quốc Gia Hà Nội,QHT13,Khoa học môi trường,A00 | A01 | B00 | D07,20,
QHT,Đại học Khoa học tự nhiên - Đại học Quốc Gia Hà Nội,QHT96,Khoa học và công nghệ thực phẩm,A00 | A01 | B00 | D07,24.35,
QHT,Đại học Khoa học tự nhiên - Đại học Quốc Gia Hà Nội,QHT04,Khoa học vật liệu,A00 | A01 | B00 | C01,22.75,
QHT,Đại học Khoa học tự nhiên - Đại học Quốc Gia Hà Nội,QHT93,Khoa học dữ liệu,A00 | A01 | D07 | D08,34.85,
QHT,Đại học Khoa học tự nhiên - Đại học Quốc Gia Hà Nội,QHT91,Khoa học thông tin địa không gian*,A00 | A01 | B00 | D10,20.4,
QHT,Đại học Khoa học tự nhiên - Đại học Quốc Gia Hà Nội,QHT98,Khoa học máy tính và thông tin*,A00 | A01 | D07 | D08,34.7,
QHT,Đại học Khoa học tự nhiên - Đại học Quốc Gia Hà Nội,QHT94,Kỹ thuật điện tử và tin học,A00 | A01 | B00 | C01,25.65,
QHT,Đại học Khoa học tự nhiên - Đại học Quốc Gia Hà Nội,QHT82,"Môi trường, Sức khỏe và An toàn*",A00 | A01 | B00 | D07,20,
QHT,Đại học Khoa học tự nhiên - Đại học Quốc Gia Hà Nội,QHT20,Quản lý tài nguyên và môi trường,A00 | A01 | B00 | D07,21,
QHT,Đại học Khoa học tự nhiên - Đại học Quốc Gia Hà Nội,QHT12,Quản lý đất đai,A00 | A01 | B00 | D10,20.9,
QHT,Đại học Khoa học tự nhiên - Đại học Quốc Gia Hà Nội,QHT95,Quản lý phát triển đô thị và bất động sản,A00 | A01 | B00 | D10,22.45,
QHT,Đại học Khoa học tự nhiên - Đại học Quốc Gia Hà Nội,QHT81,Sinh dược học,A00 | A02 | B00 | B08,23,
QHT,Đại học Khoa học tự nhiên - Đại học Quốc Gia Hà Nội,QHT08,Sinh học,A00 | A02 | B00 | B08,23,
QHT,Đại học Khoa học tự nhiên - Đại học Quốc Gia Hà Nội,QHT92,Tài nguyên và môi trường nước*,A00 | A01 | B00 | D07,20,
QHT,Đại học Khoa học tự nhiên - Đại học Quốc Gia Hà Nội,QHT02,Toán tin,A00 | A01 | D07 | D08,34.25,
QHT,Đại học Khoa học tự nhiên - Đại học Quốc Gia Hà Nội,QHT01,Toán học,A00 | A01 | D07 | D08,33.4,
QHT,Đại học Khoa học tự nhiên - Đại học Quốc Gia Hà Nội,QHT03,Vật lí học,A00 | A01 | B00 | C01,24.2,
UKB,Đại học Kinh Bắc,7480201,Công nghệ thông tin,A00,15,
UKB,Đại học Kinh Bắc,7510302,Điện tử - viễn thông,A00,15,
UKB,Đại học Kinh Bắc,7720201,Dược học,A00,21,
UKB,Đại học Kinh Bắc,7340301,Kế toán,A00,15,
UKB,Đại học Kinh Bắc,7580101,Kiến trúc,V00,15,
UKB,Đại học Kinh Bắc,7380107,Luật kinh tế,A00,15,
UKB,Đại học Kinh Bắc,7380101,Ngành Luật,A00,15,
UKB,Đại học Kinh Bắc,7220201,Ngôn ngữ Anh,D01,15,
UKB,Đại học Kinh Bắc,7580302,Quản lý xây dựng,A00,15,
UKB,Đại học Kinh Bắc,7340101,Quản trị Kinh doanh,A00,15,
UKB,Đại học Kinh Bắc,7310205,Quản lý nhà nước,A00,15,
UKB,Đại học Kinh Bắc,7810103,Quản trị dịch vụ du lịch và lữ hành,A00,15,
UKB,Đại học Kinh Bắc,7340201,Tài chính – Ngân hàng,A00,15,
UKB,Đại học Kinh Bắc,7210404,Thiết kế thời trang,H00,15,
UKB,Đại học Kinh Bắc,7210403,Thiết kế đồ họa,H00,15,
UKB,Đại học Kinh Bắc,7580108,Thiết kế nội thất,H00,15,
UKB,Đại học Kinh Bắc,7720115,Y học cổ truyền,A00,21,
UKB,Đại học Kinh Bắc,7720101,Y khoa,A00,22.5,
MDA,Đại học Mỏ - Địa chất,7850202,"An toàn, Vệ sinh lao động",A00 | A01 | B00 | D01,17,
MDA,Đại học Mỏ - Địa chất,7510301,"Công nghệ kỹ thuật điện, điện tử",A00 | A01 | C01 | D01,22.5,
MDA,Đại học Mỏ - Địa chất,7480201,Công nghệ thông tin,A00 | A01 | D01 | D07,23,
MDA,Đại học Mỏ - Địa chất,7510401,Công nghệ kỹ thuật hoá học,A00 | A06 | B00 | D07,18.5,
MDA,Đại học Mỏ - Địa chất,7520606,Công nghệ số trong thăm dò và khai thác tài nguyên thiên nhiên,A00 | A01 | D01 | D07,18,
MDA,Đại học Mỏ - Địa chất,7520505,Đá quý Đá mỹ nghệ,A00 | C04 | D01 | D10,15,
MDA,Đại học Mỏ - Địa chất,7480206 (trước 2023),Địa chất học,A00 | C04 | D01 | D10,16,
MDA,Đại học Mỏ - Địa chất,7440201,Địa chất học,A00 | C04 | D01 | D07,16,
MDA,Đại học Mỏ - Địa chất,7810105,Du lịch địa chất,C04 | D01 | D07 | D10,23,
MDA,Đại học Mỏ - Địa chất,7720203,Hoá dược,A00 | A06 | B00 | D07,18,
MDA,Đại học Mỏ - Địa chất,7340301,Kế toán,A00 | A01 | D01 | D07,23.25,
MDA,Đại học Mỏ - Địa chất,7460108,Khoa học dữ liệu (Data Science),A00 | A01 | D01 | D07,23,
MDA,Đại học Mỏ - Địa chất,7520114,Kỹ thuật cơ điện tử,A00 | A01 | C01 | D01,22.95,
MDA,Đại học Mỏ - Địa chất,7520604,Kỹ thuật dầu khí,A00 | A01 | D01 | D07,18.5,
MDA,Đại học Mỏ - Địa chất,7520301,Kỹ thuật hóa học,A00 | A01 | B00 | D07,19,
MDA,Đại học Mỏ - Địa chất,7580205,Kỹ thuật xây dựng công trình giao thông,A00 | A01 | C04 | D01,15,
MDA,Đại học Mỏ - Địa chất,7520501,Kỹ thuật địa chất,A00 | A01 | C04 | D01,16,
MDA,Đại học Mỏ - Địa chất,7520502,Kỹ thuật địa vật lý,A00 | A01 | A04 | D07,18,
MDA,Đại học Mỏ - Địa chất,7580201,Kỹ thuật xây dựng,A00 | A01 | C04 | D01,21,
MDA,Đại học Mỏ - Địa chất,7520130,Kỹ thuật ô tô,A00 | A01 | C01 | D01,23.25,
MDA,Đại học Mỏ - Địa chất,7520607,Kỹ thuật tuyển khoáng,A00 | A06 | B00 | D07,15,
MDA,Đại học Mỏ - Địa chất,7580212,Kỹ thuật tài nguyên nước,A00 | A01 | C04 | D01,16,
MDA,Đại học Mỏ - Địa chất,7520218,Kỹ thuật Robot và trí tuệ nhân tạo,A00 | A01 | C01 | D01,22.5,
MDA,Đại học Mỏ - Địa chất,7520116,Kỹ thuật cơ khí động lực,A00 | A01 | C01 | D01,20.15,
MDA,Đại học Mỏ - Địa chất,7520103,Kỹ thuật cơ khí,A00 | A01 | C01 | D01,23.75,
MDA,Đại học Mỏ - Địa chất,7520601,Kỹ thuật mỏ,A00 | A01 | C01 | D01,17,
MDA,Đại học Mỏ - Địa chất,7580211,Kỹ thuật cơ sở hạ tầng,A00 | A01 | C04 | D01,16,
MDA,Đại học Mỏ - Địa chất,7520605,Kỹ thuật khí thiên nhiên,A00 | A01 | D01 | D07,18,
MDA,Đại học Mỏ - Địa chất,7520201,Kỹ thuật điện,A00 | A01 | C01 | D01,20.25,
MDA,Đại học Mỏ - Địa chất,7520503,Kỹ thuật trắc địa – bản đồ,A00 | C04 | D01 | D10,15,
MDA,Đại học Mỏ - Địa chất,7520320,Ngành Kỹ thuật môi trường,A00 | B00 | C04 | D01,15.5,
MDA,Đại học Mỏ - Địa chất,7520216,Ngành Kỹ thuật điều khiển & Tự động hóa,A00 | A01 | C01 | D01,23.5,
MDA,Đại học Mỏ - Địa chất,7850101,Quản lý tài nguyên và môi trường,A00 | B00 | C04 | D01,18,
MDA,Đại học Mỏ - Địa chất,7850103,Quản lý đất đai,A00 | C04 | D01 | D10,19.5,
MDA,Đại học Mỏ - Địa chất,7510601,Quản lý công nghiệp,A00 | A01 | D01 | D07,20.75,
MDA,Đại học Mỏ - Địa chất,7580109,Quản lý phát triển đô thị và bất động sản,A00 | C04 | D01 | D10,22.5,
MDA,Đại học Mỏ - Địa chất,7340101,Quản trị Kinh doanh,A00 | A01 | D01 | D07,23.25,
MDA,Đại học Mỏ - Địa chất,7580302,Quản lý xây dựng,A00 | A01 | C04 | D01,19.5,
MDA,Đại học Mỏ - Địa chất,7440229,Quản lý và phân tích dữ liệu khoa học trái đất,A00 | A01 | A04 | D07,18,
MDA,Đại học Mỏ - Địa chất,7340201,Tài chính – Ngân hàng,A00 | A01 | D01 | D07,23.25,
MDA,Đại học Mỏ - Địa chất,7580204,Xây dựng công trình ngầm thành phố và Hệ thống tàu điện ngầm,A00 | A01 | C04 | D01,15,
DDV,Viện Nghiên cứu và Đào tạo Việt - Anh - Đại học Đà Nẵng,7510402,Công nghệ vật liệu,A00 | A01 | B00 | D07,19.5,
DDV,Viện Nghiên cứu và Đào tạo Việt - Anh - Đại học Đà Nẵng,7420204,Khoa học Y sinh,A00 | B00 | B08 | D07,20.25,
DDV,Viện Nghiên cứu và Đào tạo Việt - Anh - Đại học Đà Nẵng,7480101-SE,Khoa học Máy tính - Chuyên ngành Công nghệ phần mềm,A00 | A01 | D01 | D90,17,
DDV,Viện Nghiên cứu và Đào tạo Việt - Anh - Đại học Đà Nẵng,7340124,Quản trị và Kinh doanh Quốc tế,A01 | D01 | D07 | D10,18,
DDT,Đại học Dân Lập Duy Tân,7480202,An toàn thông tin,A00,14,
DDT,Đại học Dân Lập Duy Tân,7510205,Công nghệ kỹ thuật ô tô,A00,14,
DDT,Đại học Dân Lập Duy Tân,7420201,Công nghệ sinh học,B00,17,
DDT,Đại học Dân Lập Duy Tân,7510102,Công nghệ kỹ thuật xây dựng dân dụng và công nghiệp,A00,14.5,
DDT,Đại học Dân Lập Duy Tân,7540101,Công nghệ thực phẩm,A00,18,
DDT,Đại học Dân Lập Duy Tân,7510406,Công nghệ kỹ thuật Môi trường,A00,14,
DDT,Đại học Dân Lập Duy Tân,7510301,"Công nghệ kỹ thuật điện, điện tử",A00,14,
DDT,Đại học Dân Lập Duy Tân,7720301,Điều dưỡng,A00,19,
DDT,Đại học Dân Lập Duy Tân,7810101,Du lịch,A00,14,
DDT,Đại học Dân Lập Duy Tân,7720201,Dược học,A00,21,
DDT,Đại học Dân Lập Duy Tân,7340405,Hệ thống thông tin,A00,14,
DDT,Đại học Dân Lập Duy Tân,7340301,Kế toán,A00,14,
DDT,Đại học Dân Lập Duy Tân,7480109,Khoa học Dữ liệu,A00,14,
DDT,Đại học Dân Lập Duy Tân,7480101,Khoa học máy tính,A00,14,
DDT,Đại học Dân Lập Duy Tân,7480101LK,Khoa học máy tính hệ liên kết,A00,15.5,
DDT,Đại học Dân Lập Duy Tân,7340302,Kiểm toán,A00,14,
DDT,Đại học Dân Lập Duy Tân,7580101,Kiến trúc,V00,16.5,
DDT,Đại học Dân Lập Duy Tân,7340121,Kinh doanh thương mại,A00,14,
DDT,Đại học Dân Lập Duy Tân,7520212,Kỹ thuật y sinh,A00,14,
DDT,Đại học Dân Lập Duy Tân,7520201,Kỹ thuật điện,A00,14,
DDT,Đại học Dân Lập Duy Tân,7580201,Kỹ thuật xây dựng,A00,14,
DDT,Đại học Dân Lập Duy Tân,7480103,Kỹ thuật phần mềm,A00,14,
DDT,Đại học Dân Lập Duy Tân,7510605,Logistics và Quản lý chuỗi cung ứng,A00,14,
DDT,Đại học Dân Lập Duy Tân,7380107,Luật kinh tế,A00 | C15,15,
DDT,Đại học Dân Lập Duy Tân,7480102,Mạng máy tính và truyền thông dữ liệu,A00,15,
DDT,Đại học Dân Lập Duy Tân,7340115,Marketing,A00,14,
DDT,Đại học Dân Lập Duy Tân,7520216,Ngành Kỹ thuật điều khiển & Tự động hóa,A00,14,
DDT,Đại học Dân Lập Duy Tân,7380101,Ngành Luật,A00 | C15,14,
DDT,Đại học Dân Lập Duy Tân,7220201,Ngôn ngữ Anh,D01,14,
DDT,Đại học Dân Lập Duy Tân,7220209,Ngôn ngữ Nhật,A01,14,
DDT,Đại học Dân Lập Duy Tân,7220204,Ngôn ngữ Trung Quốc,D01,14,
DDT,Đại học Dân Lập Duy Tân,7220210,Ngôn ngữ Hàn Quốc,D01,14,
DDT,Đại học Dân Lập Duy Tân,7810201LK,Quản trị khách sạn liên kết,A00,14.5,
DDT,Đại học Dân Lập Duy Tân,7850101,Quản lý tài nguyên và môi trường,A00,15.5,
DDT,Đại học Dân Lập Duy Tân,7810201,Quản trị khách sạn,A00,14,
DDT,Đại học Dân Lập Duy Tân,7310206,Quan hệ quốc tế,C00,16,
DDT,Đại học Dân Lập Duy Tân,7340404,Quản trị nhân lực,A00,14,
DDT,Đại học Dân Lập Duy Tân,7340412,Quản trị sự kiện,A00,14.5,
DDT,Đại học Dân Lập Duy Tân,7810202,Quản trị nhà hàng và dịch vụ ăn uống,A00,15.5,
DDT,Đại học Dân Lập Duy Tân,7340101LK,Quản trị kinh doanh Hệ liên kết quốc tế,A00,14.5,
DDT,Đại học Dân Lập Duy Tân,7340101,Quản trị Kinh doanh,A00,14,
DDT,Đại học Dân Lập Duy Tân,7810103,Quản trị dịch vụ du lịch và lữ hành,A00,14,
DDT,Đại học Dân Lập Duy Tân,7720501,Răng- Hàm -Mặt,A00,22.5,
DDT,Đại học Dân Lập Duy Tân,7340201,Tài chính – Ngân hàng,A00,14,
DDT,Đại học Dân Lập Duy Tân,7210404,Thiết kế thời trang,A00,14,
DDT,Đại học Dân Lập Duy Tân,7210403,Thiết kế đồ họa,A00,14,
DDT,Đại học Dân Lập Duy Tân,7320104,Truyền thông đa phương tiện,C00,14,
DDT,Đại học Dân Lập Duy Tân,7229030,Văn học,C00,14.5,
DDT,Đại học Dân Lập Duy Tân,7310630D,Việt Nam học,C00,17,
DDT,Đại học Dân Lập Duy Tân,7720101,Y khoa,A16,22.5,
TDH,Đại Học Sư Phạm Thể Dục Thể Thao Hà Nội,7140208,Giáo dục Quốc phòng - An ninh,C00 | C19 | D66,19,
TDH,Đại Học Sư Phạm Thể Dục Thể Thao Hà Nội,7140206,Giáo dục Thể chất,T00 | T02 | T05,20,
TDH,Đại Học Sư Phạm Thể Dục Thể Thao Hà Nội,7810302,Golf,T00 | T02 | T05,18,NGÀNH Huấn luyện thể thao
KTS,Đại học Kiến trúc tại Trung tâm đào tạo cơ sở Đà Lạt,7580101DL,Kiến trúc,V00 | V01 | V02,21.94,
KTS,Đại học Kiến trúc tại Trung tâm đào tạo cơ sở Đà Lạt,7580201DL,Kỹ thuật xây dựng,A00 | A01,15,
GNT,Đại Học Sư Phạm Nghệ Thuật Trung Ương,7540204,Công nghệ may,H00,32,
GNT,Đại Học Sư Phạm Nghệ Thuật Trung Ương,7760101,Công tác xã hội,C00,18,
GNT,Đại Học Sư Phạm Nghệ Thuật Trung Ương,7540204,Công nghệ may,A01,18,
GNT,Đại Học Sư Phạm Nghệ Thuật Trung Ương,7210234,Diễn viên kịch. điện ảnh - truyền hình,S00,28,
GNT,Đại Học Sư Phạm Nghệ Thuật Trung Ương,7810101,Du lịch,C00,18,
GNT,Đại Học Sư Phạm Nghệ Thuật Trung Ương,7210103,Hội hoạ,H00,36,
GNT,Đại Học Sư Phạm Nghệ Thuật Trung Ương,7210208,Piano,N00,37,
GNT,Đại Học Sư Phạm Nghệ Thuật Trung Ương,7229042,Quản lý văn hoá,N00,30,
GNT,Đại Học Sư Phạm Nghệ Thuật Trung Ương,7229042,Quản lý văn hoá,C00,18,
GNT,Đại Học Sư Phạm Nghệ Thuật Trung Ương,7140221,Sư phạm Âm nhạc,N00,32,
GNT,Đại Học Sư Phạm Nghệ Thuật Trung Ương,7140222,Sư phạm Mỹ thuật,H00,33,
GNT,Đại Học Sư Phạm Nghệ Thuật Trung Ương,7210205,Thanh nhạc,N00,36,
GNT,Đại Học Sư Phạm Nghệ Thuật Trung Ương,7210403,Thiết kế đồ họa,H00,38,
GNT,Đại Học Sư Phạm Nghệ Thuật Trung Ương,7210404,Thiết kế thời trang,H00,35.5,
QSK,"Đại học Kinh tế - Luật, Đại học Quốc gia TP HCM",7340205_414,Công nghệ tài chính,A00 | A01 | D01 | D07,26.23,
QSK,"Đại học Kinh tế - Luật, Đại học Quốc gia TP HCM",7340405_406,Hệ thống thông tin quản lý,A00 | A01 | D01 | D07,27.06,
QSK,"Đại học Kinh tế - Luật, Đại học Quốc gia TP HCM",7340405_416,"Hệ thống thông tin Quản lý, chuyên ngành Kinh doanh số và Trí tuệ nhân tạo",A00 | A01 | D01 | D07,26.38,
QSK,"Đại học Kinh tế - Luật, Đại học Quốc gia TP HCM",7340301_405E,Kế toán tiếng Anh tích hợp chứng chỉ quốc tế ICAEW,A00 | A01 | D01 | D07,24.06,
QSK,"Đại học Kinh tế - Luật, Đại học Quốc gia TP HCM",7340301_405,Kế toán,A00 | A01 | D01 | D07,25.28,
QSK,"Đại học Kinh tế - Luật, Đại học Quốc gia TP HCM",7340302_409,Kiểm toán,A00 | A01 | D01 | D07,26.17,
QSK,"Đại học Kinh tế - Luật, Đại học Quốc gia TP HCM",7340120_408E,Kinh doanh quốc tế (tiếng Anh),A00 | A01 | D01 | D07,26.09,
QSK,"Đại học Kinh tế - Luật, Đại học Quốc gia TP HCM",7340120_408,Kinh doanh quốc tế,A00 | A01 | D01 | D07,26.52,
QSK,"Đại học Kinh tế - Luật, Đại học Quốc gia TP HCM",7310101_401,Kinh tế học,A00 | A01 | D01 | D07,25.75,
QSK,"Đại học Kinh tế - Luật, Đại học Quốc gia TP HCM",7310106_402,Kinh tế đối ngoại,A00 | A01 | D01 | D07,26.41,
QSK,"Đại học Kinh tế - Luật, Đại học Quốc gia TP HCM",7310101_403,Kinh tế và Quản lý công,A00 | A01 | D01 | D07,24.93,
QSK,"Đại học Kinh tế - Luật, Đại học Quốc gia TP HCM",7380101_503,Luật dân sự,A00 | A01 | D01 | D07,24.24,
QSK,"Đại học Kinh tế - Luật, Đại học Quốc gia TP HCM",7380107_502E,Luật kinh tế (tiếng Anh),A00 | A01 | D01 | D07,25.02,
QSK,"Đại học Kinh tế - Luật, Đại học Quốc gia TP HCM",7380107_502,Luật thương mại quốc tế,A00 | A01 | D01 | D07,26.2,
QSK,"Đại học Kinh tế - Luật, Đại học Quốc gia TP HCM",7380101_505,Luật (Luật và Chính sách công),A00 | A01 | D01 | D07,24.2,
QSK,"Đại học Kinh tế - Luật, Đại học Quốc gia TP HCM",7380101_504,Luật Tài chính - Ngân hàng,A00 | A01 | D01 | D07,24.38,
QSK,"Đại học Kinh tế - Luật, Đại học Quốc gia TP HCM",7380107_501,Luật kinh doanh,A00 | A01 | D01 | D07,26,
QSK,"Đại học Kinh tế - Luật, Đại học Quốc gia TP HCM",7340115_410E,Marketing (tiếng Anh),A00 | A01 | D01 | D07,25.1,
QSK,"Đại học Kinh tế - Luật, Đại học Quốc gia TP HCM",7340115_410,Marketing,A00 | A01 | D01 | D07,26.64,
QSK,"Đại học Kinh tế - Luật, Đại học Quốc gia TP HCM",7340115_417,Marketing Kỹ thuật số,A00 | A01 | D01 | D07,27.25,
QSK,"Đại học Kinh tế - Luật, Đại học Quốc gia TP HCM",7340101_407E,Quản trị kinh doanh (tiếng Anh),A00 | A01 | D01 | D07,25.15,
QSK,"Đại học Kinh tế - Luật, Đại học Quốc gia TP HCM",7340101_407,Quản trị kinh doanh,A00 | A01 | D01 | D07,26.09,
QSK,"Đại học Kinh tế - Luật, Đại học Quốc gia TP HCM",7340101_415,Quản trị kinh doanh (Quản trị du lịch và lữ hành),A00 | A01 | D01 | D07,24.56,
QSK,"Đại học Kinh tế - Luật, Đại học Quốc gia TP HCM",7340201_404,Tài chính - Ngân hàng,A00 | A01 | D01 | D07,25.59,
QSK,"Đại học Kinh tế - Luật, Đại học Quốc gia TP HCM",7340122_411E,Thương mại điện tử (tiếng Anh),A00 | A01 | D01 | D07,25.89,
QSK,"Đại học Kinh tế - Luật, Đại học Quốc gia TP HCM",7340122_411,Thương mại điện tử,A00 | A01 | D01 | D07,27.48,
QSK,"Đại học Kinh tế - Luật, Đại học Quốc gia TP HCM",7310108_413E,"Toán kinh tế, chuyên ngành ứng dụng trong Kinh tế, Quản trị và Tài chính",A00 | A01 | D01 | D07,24.06,
QSK,"Đại học Kinh tế - Luật, Đại học Quốc gia TP HCM",7310108_413,"Toán kinh tế (Toán ứng dụng trong kinh tế, quản trị và tài chính)",A00 | A01 | D01 | D07,25.47,
TKG,Đại học Kiên Giang,7620105,Chăn nuôi,A00,14,
TKG,Đại học Kiên Giang,7540101,Công nghệ thực phẩm,A00,15,
TKG,Đại học Kiên Giang,7420201,Công nghệ sinh học,B04,14,
TKG,Đại học Kiên Giang,7510406,Công nghệ kỹ thuật Môi trường,C04,14,
TKG,Đại học Kiên Giang,7510103,Công nghệ kỹ thuật xây dựng (chuyên ngành Xây dựng dân dụng & Công nghiệp),A00,15,
TKG,Đại học Kiên Giang,7480201,Công nghệ thông tin,A00,17.5,
TKG,Đại học Kiên Giang,7510205,Công nghệ kỹ thuật ô tô,A00,15,
TKG,Đại học Kiên Giang,7620301,ĐH Nuôi trồng thủy sản,A00,14,
TKG,Đại học Kiên Giang,7810101,Du lịch,D01,15,
TKG,Đại học Kiên Giang,7140202,Giáo dục Tiểu học,A00,26.04,
TKG,Đại học Kiên Giang,7340301,Kế toán,A00,15,
TKG,Đại học Kiên Giang,7620110,Khoa học cây trồng,A00,14,
TKG,Đại học Kiên Giang,7620114,Kinh doanh nông nghiệp,A00,14,
TKG,Đại học Kiên Giang,7520216,Ngành Kỹ thuật điều khiển & Tự động hóa,A00,15,
TKG,Đại học Kiên Giang,7380101,Ngành Luật,A00,15,
TKG,Đại học Kiên Giang,7340120,Ngành Kinh doanh quốc tế,A00,15,
TKG,Đại học Kiên Giang,7220201,Ngôn ngữ Anh,D01,15,
TKG,Đại học Kiên Giang,7850101,Quản lý tài nguyên và môi trường,D15,14,
TKG,Đại học Kiên Giang,7340101,Quản trị Kinh doanh,A00,15,
TKG,Đại học Kiên Giang,7140209,Sư phạm Toán học,A00,24.4,
TKG,Đại học Kiên Giang,7340201,Tài chính – Ngân hàng,A00,15,
TKG,Đại học Kiên Giang,7220101,Tiếng Việt & Văn hóa Việt Nam,D01,15,
HYD,Học viện Y Dược học cổ truyền Việt Nam,7720201,Dược học,A00,22.7,
HYD,Học viện Y Dược học cổ truyền Việt Nam,7720115,Y học cổ truyền,B00,21.5,
HYD,Học viện Y Dược học cổ truyền Việt Nam,7720101,Y khoa,B00,23.57,
DHK,Đại học Kinh Tế - Đại học Huế,7340405,Hệ thống thông tin,A00 | A01 | C15 | D01,17,
DHK,Đại học Kinh Tế - Đại học Huế,7340301,Kế toán,A00 | A01 | C15 | D01,19,
DHK,Đại học Kinh Tế - Đại học Huế,7340302CL,Kiểm toán (chất lượng cao),A00 | A01 | C15 | D01,17,
DHK,Đại học Kinh Tế - Đại học Huế,7340302,Kiểm toán,A00 | A01 | C15 | D01,17,
DHK,Đại học Kinh Tế - Đại học Huế,7310109 (trước 2023),Kinh tế tài chính,A00 | A01 | C15 | D01,18,
DHK,Đại học Kinh Tế - Đại học Huế,7310106,Kinh tế quốc tế,A00 | A01 | C15 | D01,17,
DHK,Đại học Kinh Tế - Đại học Huế,7340121,Kinh doanh thương mại,A00 | A01 | C15 | D01,18,
DHK,Đại học Kinh Tế - Đại học Huế,7620115,Kinh tế nông nghiệp,A00 | A01 | C15 | D01,17,
DHK,Đại học Kinh Tế - Đại học Huế,7310101CL,Kinh tế (chất lượng cao),A00 | A01 | C15 | D01,17,
DHK,Đại học Kinh Tế - Đại học Huế,7310102,Kinh tế chính trị,A00 | A01 | C15 | D01,17,
DHK,Đại học Kinh Tế - Đại học Huế,7310101,Kinh tế,A00 | A01 | C15 | D01,17,
DHK,Đại học Kinh Tế - Đại học Huế,7510605,Logistics và Quản lý chuỗi cung ứng,A00 | A01 | C15 | D01,21,
DHK,Đại học Kinh Tế - Đại học Huế,7340115,Marketing,A00 | A01 | C15 | D01,23,
DHK,Đại học Kinh Tế - Đại học Huế,7340404,Quản trị nhân lực,A00 | A01 | C15 | D01,18,
DHK,Đại học Kinh Tế - Đại học Huế,7340101,Quản trị Kinh doanh,A00 | A01 | C15 | D01,19,
DHK,Đại học Kinh Tế - Đại học Huế,7340101TA,Quản trị kinh doanh (Đào tạo bằng tiếng Anh),A00 | A01 | C15 | D01,23,
DHK,Đại học Kinh Tế - Đại học Huế,7340101CL,Quản trị kinh doanh (chất lượng cao),A00 | A01 | C15 | D01,19,
DHK,Đại học Kinh Tế - Đại học Huế,7903124,Song ngành Kinh tế - Tài chính,A00 | A01 | C15 | D01,17,
DHK,Đại học Kinh Tế - Đại học Huế,7349001,Tài chính - Ngân hàng (liên kết),A00 | D01 | D03 | D96,17,
DHK,Đại học Kinh Tế - Đại học Huế,7340201,Tài chính – Ngân hàng,A00 | D01 | D03 | D96,18,
DHK,Đại học Kinh Tế - Đại học Huế,7310107,Thống kê kinh tế,A00 | A01 | C15 | D01,17,
DHK,Đại học Kinh Tế - Đại học Huế,7340122,Thương mại điện tử,A00 | A01 | C15 | D01,22,
GSA,Đại học Giao thông Vận tải ( Cơ sở Phía Nam),7480201,Công nghệ thông tin,A00 | A01 | D07,24.54,
GSA,Đại học Giao thông Vận tải ( Cơ sở Phía Nam),7340301,Kế toán,A00 | A01 | C01 | D01,22.94,
GSA,Đại học Giao thông Vận tải ( Cơ sở Phía Nam),7840101,Khai thác vận tải,A00 | A01 | C01 | D01,23.84,
GSA,Đại học Giao thông Vận tải ( Cơ sở Phía Nam),7580101,Kiến trúc,A00 | A01 | V00 | V01,21.25,
GSA,Đại học Giao thông Vận tải ( Cơ sở Phía Nam),7580301,Kinh tế xây dựng,A00 | A01 | C01 | D01,21,
GSA,Đại học Giao thông Vận tải ( Cơ sở Phía Nam),7580201,Kỹ thuật xây dựng,A00 | A01 | D01 | D07,19.55,
GSA,Đại học Giao thông Vận tải ( Cơ sở Phía Nam),7520114,Kỹ thuật cơ điện tử,A00 | A01 | D01 | D07,22.9,
GSA,Đại học Giao thông Vận tải ( Cơ sở Phía Nam),7520130,Kỹ thuật ô tô,A00 | A01 | D01 | D07,23.47,
GSA,Đại học Giao thông Vận tải ( Cơ sở Phía Nam),7580205,Kỹ thuật xây dựng công trình giao thông,A00 | A01 | D01 | D07,16.15,
GSA,Đại học Giao thông Vận tải ( Cơ sở Phía Nam),7520116,Kỹ thuật cơ khí động lực,A00 | A01 | D01 | D07,21.5,
GSA,Đại học Giao thông Vận tải ( Cơ sở Phía Nam),7520201,Kỹ thuật điện,A00 | A01 | C01 | D01,22.15,
GSA,Đại học Giao thông Vận tải ( Cơ sở Phía Nam),7510605,Logistics và Quản lý chuỗi cung ứng,A00 | A01 | C01 | D01,24.83,
GSA,Đại học Giao thông Vận tải ( Cơ sở Phía Nam),7520207,Ngành Kỹ thuật điện tử truyền thông,A00 | A01 | C01 | D01,22,
GSA,Đại học Giao thông Vận tải ( Cơ sở Phía Nam),7520216,Ngành Kỹ thuật điều khiển & Tự động hóa,A00 | A01 | C01 | D01,23.25,
GSA,Đại học Giao thông Vận tải ( Cơ sở Phía Nam),7340101,Quản trị Kinh doanh,A00 | A01 | C01 | D01,23.9,
GSA,Đại học Giao thông Vận tải ( Cơ sở Phía Nam),7810103,Quản trị dịch vụ du lịch và lữ hành,A00 | A01 | C01 | D01,21.7,
GSA,Đại học Giao thông Vận tải ( Cơ sở Phía Nam),7580302,Quản lý xây dựng,A00 | A01 | C01 | D01,20.1,
GSA,Đại học Giao thông Vận tải ( Cơ sở Phía Nam),7340201,Tài chính – Ngân hàng,A00 | A01 | C01 | D01,23.1,
DYD,Đại học Yersin Đà Lạt,7540101,Công nghệ thực phẩm,A00 | B00 | C08 | D07,17,
DYD,Đại học Yersin Đà Lạt,7510205,Công nghệ kỹ thuật ô tô,A00 | A01 | C01 | D01,17,
DYD,Đại học Yersin Đà Lạt,7420201,Công nghệ sinh học,A00 | A01 | B00 | D01,17,
DYD,Đại học Yersin Đà Lạt,7480201,Công nghệ thông tin,A00 | A01 | D01 | K01,17,
DYD,Đại học Yersin Đà Lạt,7720301,Điều dưỡng,A01 | B00 | D01 | D08,19,
DYD,Đại học Yersin Đà Lạt,7310608,Đông phương học,A01 | C00 | D01 | D15,17,
DYD,Đại học Yersin Đà Lạt,7720201,Dược học,A00 | A01 | B00 | D07,21,
DYD,Đại học Yersin Đà Lạt,7580101,Kiến trúc,A01 | C01 | H01 | V00,18,
DYD,Đại học Yersin Đà Lạt,7380107,Luật kinh tế,A00 | C00 | C20 | D01,17,
DYD,Đại học Yersin Đà Lạt,7220201,Ngôn ngữ Anh,A01 | D01 | D14 | D15,17,
DYD,Đại học Yersin Đà Lạt,7320108,Quan hệ công chúng,A00 | A01 | C00 | D01,17,
DYD,Đại học Yersin Đà Lạt,7810103,Quản trị dịch vụ du lịch và lữ hành,A00 | C00 | D01 | D15,17,
DYD,Đại học Yersin Đà Lạt,7340101,Quản trị Kinh doanh,A00 | A01 | C00 | D01,17,
DYD,Đại học Yersin Đà Lạt,7310401,Tâm lý học,A00 | B00 | C00 | D01,17,
DYD,Đại học Yersin Đà Lạt,7580108,Thiết kế nội thất,A01 | C01 | H01 | V00,18,
DMT,Đại học Tài nguyên và Môi trường Hà Nội,7340116,Bất động sản,A00 | A01 | C00 | D01,21,
DMT,Đại học Tài nguyên và Môi trường Hà Nội,7440298,Biến đổi khí hậu và phát triển bền vững,A00 | C00 | D01 | D15,15,
DMT,Đại học Tài nguyên và Môi trường Hà Nội,7510406,Công nghệ kỹ thuật Môi trường,A00 | A01 | B00 | D01,15,
DMT,Đại học Tài nguyên và Môi trường Hà Nội,7480201,Công nghệ thông tin,A00 | A01 | B00 | D01,22.75,
DMT,Đại học Tài nguyên và Môi trường Hà Nội,7540106,Đảm bảo chất lượng và an toàn thực phẩm,A00 | B00 | D01 | D07,15,
DMT,Đại học Tài nguyên và Môi trường Hà Nội,7340301,Kế toán,A00 | A01 | A07 | D01,22.15,
DMT,Đại học Tài nguyên và Môi trường Hà Nội,7440222,Khí tượng và Khí hậu học,A00 | A01 | B00 | D01,15,
DMT,Đại học Tài nguyên và Môi trường Hà Nội,7850102,Kinh tế tài nguyên thiên nhiên,A00 | A01 | A07 | D01,22,
DMT,Đại học Tài nguyên và Môi trường Hà Nội,7520501,Kỹ thuật địa chất,A00 | A01 | D01 | D15,15,
DMT,Đại học Tài nguyên và Môi trường Hà Nội,7520503,Kỹ thuật trắc địa – bản đồ,A00 | A01 | D01 | D15,15,
DMT,Đại học Tài nguyên và Môi trường Hà Nội,7510605,Logistics và Quản lý chuỗi cung ứng,A00 | A01 | C00 | D01,24.75,
DMT,Đại học Tài nguyên và Môi trường Hà Nội,7340115,Marketing,A00 | A01 | C00 | D01,24.75,
DMT,Đại học Tài nguyên và Môi trường Hà Nội,7380101,Ngành Luật,A00 | A01 | C00 | D01,22.75,
DMT,Đại học Tài nguyên và Môi trường Hà Nội,7220201,Ngôn ngữ Anh,A01 | D01 | D07 | D15,22.75,
DMT,Đại học Tài nguyên và Môi trường Hà Nội,7810201,Quản trị khách sạn,A00 | A01 | C00 | D01,22.75,
DMT,Đại học Tài nguyên và Môi trường Hà Nội,7340101,Quản trị Kinh doanh,A00 | A01 | C00 | D01,23.75,
DMT,Đại học Tài nguyên và Môi trường Hà Nội,7850101,Quản lý tài nguyên và môi trường,A00 | B00 | D01 | D15,21,
DMT,Đại học Tài nguyên và Môi trường Hà Nội,7850103,Quản lý đất đai,A00 | B00 | C00 | D01,21.25,
DMT,Đại học Tài nguyên và Môi trường Hà Nội,7850199,Quản lý biển,A00 | A01 | B00 | D01,15,
DMT,Đại học Tài nguyên và Môi trường Hà Nội,7810103,Quản trị dịch vụ du lịch và lữ hành,A00 | A01 | C00 | D01,22,
DMT,Đại học Tài nguyên và Môi trường Hà Nội,7850198,Quản lý tài nguyên nước,A00 | A01 | B00 | D01,15,
DMT,Đại học Tài nguyên và Môi trường Hà Nội,7420203,Sinh học ứng dụng,A01 | B00 | D01 | D08,15,
DMT,Đại học Tài nguyên và Môi trường Hà Nội,7440224,Thủy văn học,A00 | A01 | B00 | D01,15,
VHS,Đại học Văn hoá TP HCM,7320305,Bảo tàng học,C00 | D01 | D09 | D15,15,
VHS,Đại học Văn hoá TP HCM,7810101,Du lịch,C00 | D01 | D10 | D15,23.75,
VHS,Đại học Văn hoá TP HCM,7810101B,"Du lịch - Lữ hành, Hướng dẫn du lịch",C00 | D01 | D10 | D15,23.5,
VHS,Đại học Văn hoá TP HCM,7320402,Kinh doanh xuất bản phẩm,C00 | D01 | D10 | D15,21,
VHS,Đại học Văn hoá TP HCM,7229042D,Quản lý văn hoá - Biểu diễn nghệ thuật,C00 | D01 | D09 | D15,24,
VHS,Đại học Văn hoá TP HCM,7229042B,Quản lý nhà nước về gia đình,C00 | D01 | D09 | D15,17.75,
VHS,Đại học Văn hoá TP HCM,7810103A,"Quản trị dịch vụ du lịch và lữ hành, chuyên ngành Quản trị lữ hành",C00 | D01 | D10 | D15,24,
VHS,Đại học Văn hoá TP HCM,7229042A,"Quản lý văn hóa, chuyên ngành (1) Quản lý hoạt động Văn hóa Xã hội",C00 | D01 | D09 | D15,22,
VHS,Đại học Văn hoá TP HCM,7229042C,Quản lý di sản văn hoá,C00 | D01 | D09 | D15,17,
VHS,Đại học Văn hoá TP HCM,7320201,Thông tin - thư viện,C00 | D01 | D09 | D15,15,
VHS,Đại học Văn hoá TP HCM,7229040C,"Văn hóa học, chuyên ngành Truyền thông Văn hóa",C00 | D01 | D09 | D15,24.25,
VHS,Đại học Văn hoá TP HCM,7229040B,Văn hoá học - Văn hoá truyền thông,C00 | D01 | D09 | D15,22,
VHS,Đại học Văn hoá TP HCM,7220112,Văn hoá các dân tộc thiểu số Việt Nam,C00 | D01 | D09 | D15,15,
VHS,Đại học Văn hoá TP HCM,7229040A,"Văn hóa học, chuyên ngành Văn hóa Việt Nam",C00 | D01 | D09 | D15,21.5,
DNT,Đại học Ngoại ngữ - Tin học TP HCM,7480201,Công nghệ thông tin,A00 | A01 | D01 | D07,16,
DNT,Đại học Ngoại ngữ - Tin học TP HCM,7310608,Đông phương học,D01 | D06 | D14 | D15,15,
DNT,Đại học Ngoại ngữ - Tin học TP HCM,7340301,Kế toán,A01 | D01 | D07 | D11,25,
DNT,Đại học Ngoại ngữ - Tin học TP HCM,7340302,Kiểm toán,A01 | D01 | D07 | D11,15,
DNT,Đại học Ngoại ngữ - Tin học TP HCM,7510605,Logistics và Quản lý chuỗi cung ứng,A01 | D01 | D07 | D11,20,
DNT,Đại học Ngoại ngữ - Tin học TP HCM,7380107,Luật kinh tế,A01 | D01 | D15 | D66,15,
DNT,Đại học Ngoại ngữ - Tin học TP HCM,7380101,Ngành Luật,C00 | D01 | D15 | D66,15,
DNT,Đại học Ngoại ngữ - Tin học TP HCM,7340120,Ngành Kinh doanh quốc tế,A01 | D01 | D07 | D11,20,
DNT,Đại học Ngoại ngữ - Tin học TP HCM,7220204,Ngôn ngữ Trung Quốc,A01 | D01 | D04 | D14,16,
DNT,Đại học Ngoại ngữ - Tin học TP HCM,7220201,Ngôn ngữ Anh,A01 | D01 | D14 | D15,21.5,
DNT,Đại học Ngoại ngữ - Tin học TP HCM,7220210,Ngôn ngữ Hàn Quốc,D01 | D10 | D14 | D15,15,
DNT,Đại học Ngoại ngữ - Tin học TP HCM,7810201,Quản trị khách sạn,A01 | D01 | D14 | D15,20,
DNT,Đại học Ngoại ngữ - Tin học TP HCM,7320108,Quan hệ công chúng,A01 | D01 | D14 | D15,20,
DNT,Đại học Ngoại ngữ - Tin học TP HCM,7810103,Quản trị dịch vụ du lịch và lữ hành,A01 | D01 | D14 | D15,20,
DNT,Đại học Ngoại ngữ - Tin học TP HCM,7340101,Quản trị Kinh doanh,A01 | D01 | D07 | D11,20,
DNT,Đại học Ngoại ngữ - Tin học TP HCM,7310206,Quan hệ quốc tế,A01 | D01 | D14 | D15,20,
DNT,Đại học Ngoại ngữ - Tin học TP HCM,7340201,Tài chính – Ngân hàng,A01 | D01 | D07 | D11,25,
DNT,Đại học Ngoại ngữ - Tin học TP HCM,7340122,Thương mại điện tử,A00 | A01 | D01 | D07,15,
HCP,Học viện Chính sách và Phát triển,7310106_CLC,Chương trinh Kinh tế đối ngoại,A00 | A01 | D01 | D07,23.5,
HCP,Học viện Chính sách và Phát triển,7340301,Kế toán,A00 | A01 | C01 | D01,25.2,
HCP,Học viện Chính sách và Phát triển,7310105,Kinh tế phát triển,A00 | A01 | C02 | D01,24.5,
HCP,Học viện Chính sách và Phát triển,7310101,Kinh tế,A00 | A01 | C01 | D01,24.4,
HCP,Học viện Chính sách và Phát triển,7310109 (trước 2023),Kinh tế tài chính,A00 | A01 | C01 | D01,24.9,
HCP,Học viện Chính sách và Phát triển,7310106,Kinh tế quốc tế,A00 | A01 | D01 | D07,24.8,
HCP,Học viện Chính sách và Phát triển,7380107,Luật kinh tế,A00 | C00 | D01 | D09,25.5,
HCP,Học viện Chính sách và Phát triển,7220201,Ngôn ngữ Anh,A01 | D01 | D07 | D10,32.3,
HCP,Học viện Chính sách và Phát triển,7310205,Quản lý nhà nước,A01 | C00 | D01 | D09,23.5,
HCP,Học viện Chính sách và Phát triển,7340101,Quản trị Kinh doanh,A00 | A01 | C01 | D01,24.39,
HCP,Học viện Chính sách và Phát triển,7340201_CLC,Tài chính - Ngân hàng chất lượng cao,A00 | A01 | D01 | D07,23.5,
HCP,Học viện Chính sách và Phát triển,7340201,Tài chính – Ngân hàng,A00 | A01 | D01 | D07,24.85,
DHS,Đại học Sư Phạm - Đại học Huế,7140205,Giáo dục Chính trị,C00 | C19 | C20 | D66,25.5,
DHS,Đại học Sư Phạm - Đại học Huế,7140204,Giáo dục Công dân,C00 | C19 | C20 | D66,25.6,
DHS,Đại học Sư Phạm - Đại học Huế,7140202TA,Giáo dục Tiểu học,C00 | D01 | D08 | D10,25.3,
DHS,Đại học Sư Phạm - Đại học Huế,7140201,Giáo dục Mầm non,M01 | M09,22,
DHS,Đại học Sư Phạm - Đại học Huế,7140208,Giáo dục Quốc phòng - An ninh,C00 | C19 | C20 | D66,24.6,
DHS,Đại học Sư Phạm - Đại học Huế,7140248,Giáo dục Pháp luật,C00 | C19 | D20 | D66,19,
DHS,Đại học Sư Phạm - Đại học Huế,7140202,Giáo dục Tiểu học,C00 | D01 | D08 | D10,25.3,
DHS,Đại học Sư Phạm - Đại học Huế,7480104,Hệ thống thông tin,A00 | A01 | D01 | D90,15,
DHS,Đại học Sư Phạm - Đại học Huế,7140218,Sư phạm Lịch sử,C00 | C19 | D14 | D78,27.6,
DHS,Đại học Sư Phạm - Đại học Huế,7140210,Sư phạm Tin học (Chuyên ngành Tin học – Công nghệ Tiểu học),A00 | A01 | D01 | D90,19.75,
DHS,Đại học Sư Phạm - Đại học Huế,7140249,Sư phạm Lịch sử - Địa lý,C00 | C19 | C20 | D78,26,
DHS,Đại học Sư Phạm - Đại học Huế,7140217,Sư phạm Ngữ văn,C00 | C19 | D01 | D66,27.35,
DHS,Đại học Sư Phạm - Đại học Huế,7140209,Sư phạm Toán học,A00 | A01 | D07 | D90,25,
DHS,Đại học Sư Phạm - Đại học Huế,7140247,Sư phạm khoa học tự nhiên,A00 | B00 | D90,23,
DHS,Đại học Sư Phạm - Đại học Huế,7140221,Sư phạm Âm nhạc,N00 | N01,18,
DHS,Đại học Sư Phạm - Đại học Huế,7140212,Sư phạm Hóa học,A00 | B00 | D07 | D90,24.6,
DHS,Đại học Sư Phạm - Đại học Huế,7140219,Sư phạm Địa lý,C00 | C20 | D15 | D78,26.3,
DHS,Đại học Sư Phạm - Đại học Huế,7140211,Sư phạm Vật lý,A00 | A01 | A02 | D90,24,
DHS,Đại học Sư Phạm - Đại học Huế,7140209TA,Sư phạm Toán học,A00 | A01 | D07 | D90,25,
DHS,Đại học Sư Phạm - Đại học Huế,7140213,Sư phạm Sinh học,B00 | B02 | B04 | D90,22.5,
DHS,Đại học Sư Phạm - Đại học Huế,7140246,Sư phạm công nghệ,A00 | A02 | D90,19,
DHS,Đại học Sư Phạm - Đại học Huế,7310403,Tâm lý học giáo dục,B00 | C00 | C20 | D01,18,
HSU,Đại học Hoa Sen,7340205,Công nghệ tài chính,A00 | A01 | D01 | D03 | D09,15,
HSU,Đại học Hoa Sen,7480201,Công nghệ thông tin,A00 | A01 | D01 | D03 | D07,15,
HSU,Đại học Hoa Sen,7340301,Kế toán,A00 | A01 | D01 | D03 | D09,15,
HSU,Đại học Hoa Sen,7310113,Kinh tế thể thao,A00 | A01 | D01 | D03 | D09,19,
HSU,Đại học Hoa Sen,7480103,Kỹ thuật phần mềm,A00 | A01 | D01 | D03 | D07,15,
HSU,Đại học Hoa Sen,7510605,Logistics và Quản lý chuỗi cung ứng,A00 | A01 | D01 | D03 | D09,15,
HSU,Đại học Hoa Sen,7380107,Luật kinh tế,A00 | A01 | D01 | D03 | D09,15,
HSU,Đại học Hoa Sen,7340114,Marketing kỹ thuật số,A00 | A01 | D01 | D03 | D09,15,
HSU,Đại học Hoa Sen,7340115,Marketing,A00 | A01 | D01 | D03 | D09,15,
HSU,Đại học Hoa Sen,7340120,Ngành Kinh doanh quốc tế,A00 | A01 | D01 | D03 | D09,15,
HSU,Đại học Hoa Sen,7210408,Nghệ thuật số,A01 | D01 | D09 | D14,15,
HSU,Đại học Hoa Sen,7220201,Ngôn ngữ Anh,D01 | D09 | D14 | D15,15,
HSU,Đại học Hoa Sen,7810202E,Quản trị nhà hàng và dịch vụ ăn uống (chương trình Elite),A00,15,
HSU,Đại học Hoa Sen,7320108,Quan hệ công chúng,A00 | A01 | D01 | D03 | D09,15,
HSU,Đại học Hoa Sen,7810201,Quản trị khách sạn,A00 | A01 | D01 | D03 | D09,15,
HSU,Đại học Hoa Sen,7340410,Quản trị công nghệ truyền thông*,A00 | A01 | D01 | D03 | D09,15,
HSU,Đại học Hoa Sen,7340412,Quản trị sự kiện,A00 | A01 | D01 | D03 | D09,15,
HSU,Đại học Hoa Sen,7810201E,Quản trị khách sạn (chương trình Elite),A00,15,
HSU,Đại học Hoa Sen,7810202,Quản trị nhà hàng và dịch vụ ăn uống,A00 | A01 | D01 | D03 | D09,15,
HSU,Đại học Hoa Sen,7810103,Quản trị dịch vụ du lịch và lữ hành,A00 | A01 | D01 | D03 | D09,15,
HSU,Đại học Hoa Sen,7340404,Quản trị nhân lực,A00 | A01 | D01 | D03 | D09,15,
HSU,Đại học Hoa Sen,7340101,Quản trị Kinh doanh,A00 | A01 | D01 | D03 | D09,15,
HSU,Đại học Hoa Sen,7480107 (trước 2023),Quản trị và phân tích dữ liệu,A00 | A01 | D01 | D03 | D07,16,
HSU,Đại học Hoa Sen,7340201,Tài chính – Ngân hàng,A00 | A01 | D01 | D03 | D09,15,
HSU,Đại học Hoa Sen,7310401,Tâm lý học,A01 | D01 | D08 | D09,15,
HSU,Đại học Hoa Sen,7210403,Thiết kế đồ họa,A01 | D01 | D09 | D14,15,
HSU,Đại học Hoa Sen,7580108,Thiết kế nội thất,A01 | D01 | D09 | D14,15,
HSU,Đại học Hoa Sen,7210404,Thiết kế thời trang,A01 | D01 | D09 | D14,16,
HSU,Đại học Hoa Sen,7340122,Thương mại điện tử,A00 | A01 | D01 | D03 | D09,15,
HNM,Đại học Thủ Đô Hà Nội,7850201,Bảo hộ lao động,A00 | A01 | D01 | D07,26,
HNM,Đại học Thủ Đô Hà Nội,7310201,Chính trị học,C00 | D01 | D66 | D78,16,
HNM,Đại học Thủ Đô Hà Nội,7510406,Công nghệ kỹ thuật Môi trường,A00 | A01 | D01 | D07,16,
HNM,Đại học Thủ Đô Hà Nội,7760101,Công tác xã hội,C00 | D01 | D14 | D78,22,
HNM,Đại học Thủ Đô Hà Nội,7480201,Công nghệ thông tin,A00 | A01 | D01 | D07,22.55,
HNM,Đại học Thủ Đô Hà Nội,7460112,ĐH Toán ứng dụng,A00 | A01 | D01 | D07,23.55,
HNM,Đại học Thủ Đô Hà Nội,7140206,Giáo dục Thể chất,T05,23.5,
HNM,Đại học Thủ Đô Hà Nội,7140204,Giáo dục Công dân,D66 | D78 | D84 | D96,25.19,
HNM,Đại học Thủ Đô Hà Nội,7140202,Giáo dục Tiểu học,D01 | D72 | D90 | D96,25.15,
HNM,Đại học Thủ Đô Hà Nội,7140201,Giáo dục Mầm non,D01 | D72 | D90 | D96,23,
HNM,Đại học Thủ Đô Hà Nội,7140203,Giáo dục Đặc biệt,C00 | D01 | D14 | D78,25.5,
HNM,Đại học Thủ Đô Hà Nội,7510605,Logistics và Quản lý chuỗi cung ứng,A00 | C00 | D01 | D96,24.2,
HNM,Đại học Thủ Đô Hà Nội,7380101,Ngành Luật,C00 | D01 | D66 | D78,23.5,
HNM,Đại học Thủ Đô Hà Nội,7220204,Ngôn ngữ Trung Quốc,D01 | D14 | D15 | D78,25.31,
HNM,Đại học Thủ Đô Hà Nội,7220201,Ngôn ngữ Anh,D01 | D14 | D15 | D78,25.22,
HNM,Đại học Thủ Đô Hà Nội,7340101,Quản trị Kinh doanh,A00 | C00 | D01 | D96,24.06,
HNM,Đại học Thủ Đô Hà Nội,7140114,Quản lý giáo dục,C00 | D01 | D14 | D78,23.25,
HNM,Đại học Thủ Đô Hà Nội,7810103,Quản trị dịch vụ du lịch và lữ hành,D01 | D14 | D15 | D78,23.57,
HNM,Đại học Thủ Đô Hà Nội,7340403,Quản lý công,A00 | C00 | D01 | D96,16,
HNM,Đại học Thủ Đô Hà Nội,7810201,Quản trị khách sạn,D01 | D14 | D15 | D78,23.25,
HNM,Đại học Thủ Đô Hà Nội,7140218,Sư phạm Lịch sử,D09 | D14 | D78 | D96,25.15,
HNM,Đại học Thủ Đô Hà Nội,7140211,Sư phạm Vật lý,A01 | D07 | D11 | D90,24.2,
HNM,Đại học Thủ Đô Hà Nội,7140209,Sư phạm Toán học,A01 | D01 | D07 | D90,26.15,
HNM,Đại học Thủ Đô Hà Nội,7140217,Sư phạm Ngữ văn,D01 | D14 | D15 | D78,25.8,
HNM,Đại học Thủ Đô Hà Nội,7340201,Tài chính – Ngân hàng,A00 | A01 | D01 | D96,22.55,
HNM,Đại học Thủ Đô Hà Nội,7310401,Tâm lý học,C00 | D70 | D72 | D96,23.23,
HNM,Đại học Thủ Đô Hà Nội,7229030,Văn học,C00 | D01 | D14 | D78,24.59,
HNM,Đại học Thủ Đô Hà Nội,7229040,Văn hoá học,C00 | D14 | D15 | D78,16,
HNM,Đại học Thủ Đô Hà Nội,7310630D,Việt Nam học,D01 | D14 | D15 | D78,22.25,
DDY,Khoa Y Dược - Đại học Đà Nẵng,7720301,Điều dưỡng,B00 | B08,20.95,
DDY,Khoa Y Dược - Đại học Đà Nẵng,7720201,Dược học,A00 | B00 | D07,24.56,
DDY,Khoa Y Dược - Đại học Đà Nẵng,7720601,Kỹ thuật xét nghiệm y học,B00 | B08,19.05,
DDY,Khoa Y Dược - Đại học Đà Nẵng,7720501,Răng- Hàm -Mặt,B00 | B08,25.52,
DDY,Khoa Y Dược - Đại học Đà Nẵng,7720101,Y khoa,B00 | B08,25.05,
SPS,Đại học Sư phạm TP HCM,7480201,Công nghệ thông tin,A00 | A01 | B08,23.34,
SPS,Đại học Sư phạm TP HCM,7760101,Công tác xã hội,A00 | C00 | D01,22,
SPS,Đại học Sư phạm TP HCM,7310501,Địa lý học,C00 | D10 | D15 | D78,19.75,
SPS,Đại học Sư phạm TP HCM,7810101,Du lịch,C00 | C04 | D01 | D78,22,
SPS,Đại học Sư phạm TP HCM,7140203,Giáo dục Đặc biệt,C00 | C15 | D01,25.01,
SPS,Đại học Sư phạm TP HCM,7140202,Giáo dục Tiểu học,A00 | A01 | D01,24.9,
SPS,Đại học Sư phạm TP HCM,7140206,Giáo dục Thể chất,M08 | T01,26.04,
SPS,Đại học Sư phạm TP HCM,7140101,Giáo dục học,A00 | A01 | C14 | D01,23.5,
SPS,Đại học Sư phạm TP HCM,7140204,Giáo dục Công dân,C00 | C19 | D01,26.75,
SPS,Đại học Sư phạm TP HCM,7140208,Giáo dục Quốc phòng - An ninh,A08 | C00 | C19,25.71,
SPS,Đại học Sư phạm TP HCM,7140201,Giáo dục Mầm non,M02 | M03,24.21,
SPS,Đại học Sư phạm TP HCM,7440112,Hóa học,A00 | B00 | D07,23.47,
SPS,Đại học Sư phạm TP HCM,7220210,Ngôn ngữ Hàn Quốc,D01 | D78 | D96,24.9,
SPS,Đại học Sư phạm TP HCM,7220201,Ngôn ngữ Anh,D01,25.1,
SPS,Đại học Sư phạm TP HCM,7220209,Ngôn ngữ Nhật,D01 | D06,23.1,
SPS,Đại học Sư phạm TP HCM,7220203,Ngôn ngữ Pháp,D01 | D03,20.7,
SPS,Đại học Sư phạm TP HCM,7220202,Ngôn ngữ Nga,D01 | D02 | D78 | D80,19,
SPS,Đại học Sư phạm TP HCM,7220204,Ngôn ngữ Trung Quốc,D01 | D04,24.54,
SPS,Đại học Sư phạm TP HCM,7140114,Quản lý giáo dục,A00 | A01 | C14 | D01,23.1,
SPS,Đại học Sư phạm TP HCM,7310601,Quốc tế học,D01 | D14 | D78,23.5,
SPS,Đại học Sư phạm TP HCM,7420203,Sinh học ứng dụng,B00 | D08,19,
SPS,Đại học Sư phạm TP HCM,7140231,Sư phạm Tiếng Anh,D01,26.62,
SPS,Đại học Sư phạm TP HCM,7140212,Sư phạm Hóa học,A00 | B00 | D07,26.55,
SPS,Đại học Sư phạm TP HCM,7140249,Sư phạm Lịch sử - Địa lý,C00 | C19 | C20 | D78,26.03,
SPS,Đại học Sư phạm TP HCM,7140219,Sư phạm Địa lý,C00 | C04 | D15 | D78,26.15,
SPS,Đại học Sư phạm TP HCM,7140209,Sư phạm Toán học,A00 | A01,26.5,
SPS,Đại học Sư phạm TP HCM,7140211,Sư phạm Vật lý,A00 | A01 | C01,26.1,
SPS,Đại học Sư phạm TP HCM,7140233,Sư phạm Tiếng Pháp,D01 | D03,22.7,
SPS,Đại học Sư phạm TP HCM,7140246,Sư phạm công nghệ,A00 | A01 | A02 | D90,22.4,
SPS,Đại học Sư phạm TP HCM,7140217,Sư phạm Ngữ văn,C00 | D01 | D78,27,
SPS,Đại học Sư phạm TP HCM,7140232,Sư phạm Tiếng Nga,D01 | D78 | D80,19.4,
SPS,Đại học Sư phạm TP HCM,7140234,Sư phạm Tiếng Trung Quốc,D01 | D04,25.83,
SPS,Đại học Sư phạm TP HCM,7140213,Sư phạm Sinh học,B00 | B08,24.9,
SPS,Đại học Sư phạm TP HCM,7140247,Sư phạm khoa học tự nhiên,A00 | A02 | B00 | D90,24.56,
SPS,Đại học Sư phạm TP HCM,7140218,Sư phạm Lịch sử,C00 | D14,26.85,
SPS,Đại học Sư phạm TP HCM,7140210,Sư phạm Tin học (Chuyên ngành Tin học – Công nghệ Tiểu học),A00 | A01 | B08,22.75,
SPS,Đại học Sư phạm TP HCM,7310403,Tâm lý học giáo dục,A00 | C00 | D01,24.17,
SPS,Đại học Sư phạm TP HCM,7310401,Tâm lý học,B00 | C00 | D01,25.5,
SPS,Đại học Sư phạm TP HCM,7229030,Văn học,C00 | D01 | D78,24.6,
SPS,Đại học Sư phạm TP HCM,7440102,Vật lý học,A00 | A01 | D90,22.55,
SPS,Đại học Sư phạm TP HCM,7310630D,Việt Nam học,C00 | D01 | D78,23,
BVU,Đại học Bà Rịa Vũng Tàu,7510102,Công nghệ kỹ thuật xây dựng dân dụng và công nghiệp,A00,15,
BVU,Đại học Bà Rịa Vũng Tàu,7510205,Công nghệ kỹ thuật ô tô,A00,15,
BVU,Đại học Bà Rịa Vũng Tàu,7510201,Công nghệ kỹ thuật cơ khí (chuyên ngành Cơ khí chế tạo),A00,15,
BVU,Đại học Bà Rịa Vũng Tàu,7510301,"Công nghệ kỹ thuật điện, điện tử",A00,15,
BVU,Đại học Bà Rịa Vũng Tàu,7510401,Công nghệ kỹ thuật hoá học,A00,15,
BVU,Đại học Bà Rịa Vũng Tàu,7480201,Công nghệ thông tin,A00,15,
BVU,Đại học Bà Rịa Vũng Tàu,7720301,Điều dưỡng,A02,15,
BVU,Đại học Bà Rịa Vũng Tàu,7310608,Đông phương học,C00,15,
BVU,Đại học Bà Rịa Vũng Tàu,7720201,Dược học,A00,15,
BVU,Đại học Bà Rịa Vũng Tàu,7340301TN,Kế toán,A00,20,Chương trình cử nhân tài năng do BUV cấp bằng
BVU,Đại học Bà Rịa Vũng Tàu,7340301,Kế toán,A00 | A01 | C14 | D01,15,
BVU,Đại học Bà Rịa Vũng Tàu,7510605TN,Logistics và quản lý chuỗi cung ứng (chương trình cử nhân tài năng do BUV cấp bằng),A00,20,
BVU,Đại học Bà Rịa Vũng Tàu,7510605,Logistics và Quản lý chuỗi cung ứng,A00,15,
BVU,Đại học Bà Rịa Vũng Tàu,7340115,Marketing,A00,15,
BVU,Đại học Bà Rịa Vũng Tàu,7340120,Ngành Kinh doanh quốc tế,A00,15,
BVU,Đại học Bà Rịa Vũng Tàu,7380101,Ngành Luật,A00,15,
BVU,Đại học Bà Rịa Vũng Tàu,7220204,Ngôn ngữ Trung Quốc,C00,15,
BVU,Đại học Bà Rịa Vũng Tàu,7220201,Ngôn ngữ Anh,A01,15,
BVU,Đại học Bà Rịa Vũng Tàu,7340101TN,Quản trị kinh doanh (chương trình cử nhân tài năng do BUV cấp bằng),A00,20,
BVU,Đại học Bà Rịa Vũng Tàu,7340101,Quản trị Kinh doanh,A00,15,
BVU,Đại học Bà Rịa Vũng Tàu,7810103,Quản trị dịch vụ du lịch và lữ hành,A00,15,
BVU,Đại học Bà Rịa Vũng Tàu,7810201,Quản trị khách sạn,A00,15,
BVU,Đại học Bà Rịa Vũng Tàu,7340201,Tài chính – Ngân hàng,A00 | D01,15,
BVU,Đại học Bà Rịa Vũng Tàu,7310401,Tâm lý học,C00,15,
DLH,Đại học Lạc Hồng,7510303,Công nghệ kỹ thuật điều khiển và tự động hóa,A00 | A01 | C01 | D01,15.6,
DLH,Đại học Lạc Hồng,7480201,Công nghệ thông tin,A00 | A01 | D01 | D07,15,
DLH,Đại học Lạc Hồng,7510201,Công nghệ kỹ thuật cơ khí (chuyên ngành Cơ khí chế tạo),A00 | A01 | C01 | D01,15.1,
DLH,Đại học Lạc Hồng,7540101,Công nghệ thực phẩm,A00 | B00 | C02 | D01,15.05,
DLH,Đại học Lạc Hồng,7510102,Công nghệ kỹ thuật xây dựng dân dụng và công nghiệp,A00 | A01 | D01 | V00,15.15,
DLH,Đại học Lạc Hồng,7510301,"Công nghệ kỹ thuật điện, điện tử",A00 | A01 | C01 | D01,15.1,
DLH,Đại học Lạc Hồng,7510205,Công nghệ kỹ thuật ô tô,A00 | A01 | C01 | D01,15.05,
DLH,Đại học Lạc Hồng,7310608,Đông phương học,C00 | C03 | C04 | D01,15.75,
DLH,Đại học Lạc Hồng,7720201,Dược học,A00 | B00 | C02 | D01,21,
DLH,Đại học Lạc Hồng,7340301,Kế toán,A00 | A01 | C01 | D01,15.3,
DLH,Đại học Lạc Hồng,7310101,Kinh tế,A00 | A01 | C00 | D01,16.25,
DLH,Đại học Lạc Hồng,7510605,Logistics và Quản lý chuỗi cung ứng,A00 | A01 | C01 | D01,15.15,
DLH,Đại học Lạc Hồng,7380107,Luật kinh tế,A00 | A01 | C00 | D01,15.45,
DLH,Đại học Lạc Hồng,7340115,Marketing,A00 | A01 | C00 | D01,15.1,
DLH,Đại học Lạc Hồng,7340120,Ngành Kinh doanh quốc tế,A00 | A01 | C00 | D01,18,
DLH,Đại học Lạc Hồng,7220204,Ngôn ngữ Trung Quốc,C00 | C03 | C04 | D01,15,
DLH,Đại học Lạc Hồng,7220201,Ngôn ngữ Anh,A01 | D01 | D09 | D10,15.25,
DLH,Đại học Lạc Hồng,7340101,Quản trị Kinh doanh,A00 | A01 | C00 | D01,15.1,
DLH,Đại học Lạc Hồng,7810103,Quản trị dịch vụ du lịch và lữ hành,A00 | A01 | C00 | D01,15,
DLH,Đại học Lạc Hồng,7480107 (trước 2023),Quản trị và phân tích dữ liệu,A00 | A01 | D01 | D07,15.2,
DLH,Đại học Lạc Hồng,7340201,Tài chính – Ngân hàng,A00 | A01 | C01 | D01,15.15,
DLH,Đại học Lạc Hồng,7340122,Thương mại điện tử,A00 | A01 | D01 | D07,15.1,
DLH,Đại học Lạc Hồng,7320104,Truyền thông đa phương tiện,A00 | A01 | D01 | D07,15.75,
QSB,Đại học Bách khoa - Đại học Quốc gia TP HCM,141,Bảo dưỡng Công nghiệp,A00 | A01,57.33,
QSB,Đại học Bách khoa - Đại học Quốc gia TP HCM,138,Cơ Kỹ thuật,A00 | A01,60.65,
QSB,Đại học Bách khoa - Đại học Quốc gia TP HCM,268,Cơ Kỹ thuật - CLC Tăng cường Tiếng Nhật,A00 | A01,59.77,
QSB,Đại học Bách khoa - Đại học Quốc gia TP HCM,219,"Công nghệ Thực phẩm (CT Chất lượng cao, giảng dạy bằng tiếng Anh, học phí tương ứng)",A00 | B00 | D07,61.12,
QSB,Đại học Bách khoa - Đại học Quốc gia TP HCM,218,Công nghệ sinh học,A00 | B00 | B08 | D07,63.05,
QSB,Đại học Bách khoa - Đại học Quốc gia TP HCM,206,"Khoa học Máy tính (CT Chất lượng cao, giảng dạy bằng tiếng Anh, học phí tương ứng)",A00 | A01,75.63,
QSB,Đại học Bách khoa - Đại học Quốc gia TP HCM,106,Khoa học Máy tính; Kỹ thuật Máy tính; (Nhóm ngành),A00 | A01,79.84,
QSB,Đại học Bách khoa - Đại học Quốc gia TP HCM,266,"Khoa học Máy tính - (CLC tăng cường tiếng Nhật) (CT Chất lượng cao, tiên tiến)",A00 | A01,66.76,
QSB,Đại học Bách khoa - Đại học Quốc gia TP HCM,229,Kĩ thuật vật liệu (chuyên ngành Kỹ thuật Vật liệu công nghệ cao),A00 | A01 | D07,55.36,
QSB,Đại học Bách khoa - Đại học Quốc gia TP HCM,117,Kiến trúc,A01 | C01,59.36,
QSB,Đại học Bách khoa - Đại học Quốc gia TP HCM,217,Kiến trúc (Kiến Trúc Cảnh Quan),A00 | A01,59.36,
QSB,Đại học Bách khoa - Đại học Quốc gia TP HCM,245,"Kỹ thuật Xây dựng Công trình Giao thông (CT Chất lượng cao, giảng dạy bằng tiếng Anh, học phí tương ứng)",A00 | A01,59.94,
QSB,Đại học Bách khoa - Đại học Quốc gia TP HCM,220,"Kỹ thuật Dầu khí (CT Chất lượng cao, giảng dạy bằng tiếng Anh, học phí tương ứng)",A00 | A01,58.02,
QSB,Đại học Bách khoa - Đại học Quốc gia TP HCM,214,"Kỹ thuật Hóa học (CT Chất lượng cao, giảng dạy bằng tiếng Anh, học phí tương ứng)",A00 | B00 | D07,60.93,
QSB,Đại học Bách khoa - Đại học Quốc gia TP HCM,142,Kỹ thuật Ô tô,A00 | A01,68.73,
QSB,Đại học Bách khoa - Đại học Quốc gia TP HCM,125,Kỹ thuật Môi trường; Quản lý Tài nguyên và Môi trường; (Nhóm ngành),A00 | A01 | B00 | D07,54,
QSB,Đại học Bách khoa - Đại học Quốc gia TP HCM,129,Kỹ thuật Vật liệu,A00 | A01 | D07,55.36,
QSB,Đại học Bách khoa - Đại học Quốc gia TP HCM,114,Kỹ thuật Hóa học; Công nghệ Thực phẩm; Công nghệ Sinh học; (Nhóm ngành),A00 | B00 | D07,70.83,
QSB,Đại học Bách khoa - Đại học Quốc gia TP HCM,211,"Kỹ thuật Cơ điện tử; Chuyên ngành Kỹ thuật Robot (CT chất lượng cao, tiên tiến)",A00 | A01,62.28,
QSB,Đại học Bách khoa - Đại học Quốc gia TP HCM,112,Kỹ thuật Dệt; Công nghệ Dệt may; (Nhóm ngành),A00 | A01,57.3,
QSB,Đại học Bách khoa - Đại học Quốc gia TP HCM,242,"Kỹ thuật Ô tô (CT Chất lượng cao, giảng dạy bằng tiếng Anh, học phí tương ứng)",A00 | A01,60.7,
QSB,Đại học Bách khoa - Đại học Quốc gia TP HCM,208,"Kỹ thuật Điện - Điện tử (CT Tiên tiến, giảng dạy bằng tiếng Anh, học phí tương ứng)",A00 | A01,61.66,
QSB,Đại học Bách khoa - Đại học Quốc gia TP HCM,209,"Kỹ thuật Cơ khí (CLC, giảng dạy bằng tiếng Anh, học phí tương ứng)",A00 | A01,58.49,
QSB,Đại học Bách khoa - Đại học Quốc gia TP HCM,109,Kỹ thuật Cơ khí; Kỹ thuật Cơ điện tử; (Nhóm ngành),A00 | A01,58.49,
QSB,Đại học Bách khoa - Đại học Quốc gia TP HCM,107,Kỹ thuật máy tính,A00 | A01,78.26,
QSB,Đại học Bách khoa - Đại học Quốc gia TP HCM,145,Kỹ thuật Tàu thủy; Kỹ thuật Hàng không (Song ngành từ 2020),A00 | A01,59.94,
QSB,Đại học Bách khoa - Đại học Quốc gia TP HCM,128,Kỹ thuật Hệ thống Công nghiệp; Logistics và Quản lý chuỗi Cung ứng,A00 | A01,73.51,
QSB,Đại học Bách khoa - Đại học Quốc gia TP HCM,115,Kỹ thuật Xây dựng; Kỹ thuật Xây dựng Công trình giao thông; Kỹ thuật  Xây dựng Công trình thủy; Kỹ thuật  Xây dựng Công trình biển; Kỹ thuật Cơ sở hạ tầng; (Nhóm ngành),A00 | A01,55.4,
QSB,Đại học Bách khoa - Đại học Quốc gia TP HCM,215,"Kỹ thuật Xây dựng (CT Chất lượng cao, giảng dạy bằng tiếng Anh, học phí tương ứng)",A00 | A01,55.4,
QSB,Đại học Bách khoa - Đại học Quốc gia TP HCM,120,Kỹ thuật Địa chất; Kỹ thuật Dầu khí; (Nhóm ngành),A00 | A01,58.02,
QSB,Đại học Bách khoa - Đại học Quốc gia TP HCM,108,Kỹ thuật Điện; Kỹ thuật Điện tử - Viễn thông; Kỹ thuật Điều khiển và tự động hóa; (Nhóm ngành),A00 | A01,66.59,
QSB,Đại học Bách khoa - Đại học Quốc gia TP HCM,110,Kỹ thuật Cơ điện tử,A00 | A01,71.81,
QSB,Đại học Bách khoa - Đại học Quốc gia TP HCM,207,"Kỹ thuật Máy tính (CT Chất lượng cao, giảng dạy bằng tiếng Anh, học phí tương ứng)",A00 | A01,61.39,
QSB,Đại học Bách khoa - Đại học Quốc gia TP HCM,210,"Kỹ thuật Cơ điện tử (CT Chất lượng cao, giảng dạy bằng tiếng Anh, học phí tương ứng)",A00 | A01,62.28,
QSB,Đại học Bách khoa - Đại học Quốc gia TP HCM,140,Kỹ thuật Nhiệt (Nhiệt lạnh),A00 | A01,60.46,
QSB,Đại học Bách khoa - Đại học Quốc gia TP HCM,228,"Logistics và Quản lý chuỗi cung ứng (CT Chất lượng cao, tiên tiến)",A00 | A01,60.78,
QSB,Đại học Bách khoa - Đại học Quốc gia TP HCM,225,"Quản lý Tài nguyên và Môi trường (CT Chất lượng cao, giảng dạy bằng tiếng Anh, học phí tương ứng)",A00 | A01 | B00 | D07,54,
QSB,Đại học Bách khoa - Đại học Quốc gia TP HCM,123,Quản lý Công nghiệp,A00 | A01 | D01 | D07,65.17,
QSB,Đại học Bách khoa - Đại học Quốc gia TP HCM,223,"Quản lý Công nghiệp (CT Chất lượng cao, giảng dạy bằng tiếng Anh, học phí tương ứng)",A00 | A01 | D01 | D07,61.41,
QSB,Đại học Bách khoa - Đại học Quốc gia TP HCM,137,Vật lý Kỹ thuật,A00 | A01,60.81,
QSB,Đại học Bách khoa - Đại học Quốc gia TP HCM,237,"Vật lý Kỹ thuật_Chuyên ngành Kỹ thuật Y sinh (CT Chất lượng cao, tiên tiến)",A00 | A01,60.81,
DTP,Phân hiệu Đại học Thái Nguyên tại Lào Cai,7620105,Chăn nuôi,A00 | B00 | C02 | D01,15,
DTP,Phân hiệu Đại học Thái Nguyên tại Lào Cai,7140201,Giáo dục Mầm non,B03 | C00 | C04 | D20,20.5,
DTP,Phân hiệu Đại học Thái Nguyên tại Lào Cai,7140202_1,"Giáo dục Tiểu học, chương trình dạy và học bằng tiếng Anh",A01,22,
DTP,Phân hiệu Đại học Thái Nguyên tại Lào Cai,51140201,Giáo dục Mầm non,B03 | C00 | C04 | C20,17,
DTP,Phân hiệu Đại học Thái Nguyên tại Lào Cai,7140202,Giáo dục Tiểu học,A00 | C00 | C14 | C20,25.75,
DTP,Phân hiệu Đại học Thái Nguyên tại Lào Cai,7620110,Khoa học cây trồng,A00 | B00 | C02 | D01,15,
DTP,Phân hiệu Đại học Thái Nguyên tại Lào Cai,7310101,Kinh tế,A00 | A01 | C04 | D10,15,
DTP,Phân hiệu Đại học Thái Nguyên tại Lào Cai,7220204,Ngôn ngữ Trung Quốc,D01 | D04 | D10 | D15,23.5,
DTP,Phân hiệu Đại học Thái Nguyên tại Lào Cai,7810103,Quản trị dịch vụ du lịch và lữ hành,C00 | C03 | C04 | D01,19,
DTP,Phân hiệu Đại học Thái Nguyên tại Lào Cai,7850101,Quản lý tài nguyên và môi trường,A00 | B00 | C02 | D01,15,
MTC,Đại học Mỹ thuật Công nghiệp,7210105,Điêu khắc,H00 | H07,21.15,
MTC,Đại học Mỹ thuật Công nghiệp,7210107,Gốm,H00 | H07,21.4,
MTC,Đại học Mỹ thuật Công nghiệp,7210103,Hội hoạ,H00 | H07,22.3,
MTC,Đại học Mỹ thuật Công nghiệp,7580108,Thiết kế nội thất,H00 | H07,22.25,
MTC,Đại học Mỹ thuật Công nghiệp,7210402,Thiết kế công nghiệp,H00 | H07,21.65,
MTC,Đại học Mỹ thuật Công nghiệp,7210403,Thiết kế đồ họa,H00 | H07,23.75,
MTC,Đại học Mỹ thuật Công nghiệp,7210404,Thiết kế thời trang,H00 | H07,21.65,
KCN,Đại học Khoa Học Và Công Nghệ Hà Nội,7480202,An toàn thông tin,A00 | A01 | A02 | D07,24.05,
KCN,Đại học Khoa Học Và Công Nghệ Hà Nội,7540101,Công nghệ thực phẩm,A00 | A02 | B00 | D07,22.05,
KCN,Đại học Khoa Học Và Công Nghệ Hà Nội,7420201,Công nghệ sinh học,A00 | A02 | B00 | D08,23.14,
KCN,Đại học Khoa Học Và Công Nghệ Hà Nội,7510203,Công nghệ kỹ thuật cơ điện tử,A00 | A01 | A02 | D07,24.63,
KCN,Đại học Khoa Học Và Công Nghệ Hà Nội,7480201,Công nghệ thông tin,A00 | A01 | A02 | D07,24.05,
KCN,Đại học Khoa Học Và Công Nghệ Hà Nội,7460112,ĐH Toán ứng dụng,A00 | A01 | B00 | D07,22.55,
KCN,Đại học Khoa Học Và Công Nghệ Hà Nội,7440112,Hóa học,A00 | A06 | B00 | D07,20.15,
KCN,Đại học Khoa Học Và Công Nghệ Hà Nội,7440122,Khoa học vật liệu,A00 | A02 | B00 | D07,21.8,
KCN,Đại học Khoa Học Và Công Nghệ Hà Nội,7440301,Khoa học môi trường,A00 | A02 | B00 | D07,18.55,
KCN,Đại học Khoa Học Và Công Nghệ Hà Nội,7460108,Khoa học dữ liệu (Data Science),A00 | A01 | A02 | D08,24.51,
KCN,Đại học Khoa Học Và Công Nghệ Hà Nội,7720601,Kỹ thuật xét nghiệm y học,A00 | A01 | B00 | D07,22.6,
KCN,Đại học Khoa Học Và Công Nghệ Hà Nội,7520201,Kỹ thuật điện,A00 | A01 | A02 | D07,22.65,
KCN,Đại học Khoa Học Và Công Nghệ Hà Nội,7520121,Kỹ thuật không gian,A00 | A01 | B00 | D07,20.3,
KCN,Đại học Khoa Học Và Công Nghệ Hà Nội,7520130,Kỹ thuật ô tô,A00 | A01 | A02 | D07,23.28,
KCN,Đại học Khoa Học Và Công Nghệ Hà Nội,7520401,Vật lý kỹ thuật,A00 | A01 | A02 | D07,23.14,
